# Resource object code (Python 3)
# Created by: object code
# Created by: The Resource Compiler for Qt version 6.6.2
# WARNING! All changes made in this file will be lost!

from PySide6 import QtCore

qt_resource_data = b"\
\x00\x00A\x14\
\x89\
PNG\x0d\x0a\x1a\x0a\x00\x00\x00\x0dIHDR\x00\
\x00\x00\xf0\x00\x00\x00\xa7\x08\x06\x00\x00\x00/\xde\xd1\xdd\
\x00\x00\x00\x09pHYs\x00\x00\x0b\x13\x00\x00\x0b\x13\
\x01\x00\x9a\x9c\x18\x00\x00\x00\x01sRGB\x00\xae\xce\
\x1c\xe9\x00\x00\x00\x04gAMA\x00\x00\xb1\x8f\x0b\xfc\
a\x05\x00\x00@\xa9IDATx\x01\xed}\x09\x9c\
\x1ce\x99\xf7\xd3\xb9\xc8\x92\x83\xe2\xa7@8v\xa7\x9a\
\x1b\x0f\xe8\x81\x80|\xba|\xe9qq\x17\x01\xcd\x0c\x22\
\x97\xc7tX\x15\x96\xc3L\x04\xd1\x9f\xaef\x86\xbd\x00\
\xc1LV<\x00\xd7t\x96\xfdT\x08\x92\xc9r\xac\xae\
\xee\x97\x8e\xeb\x82K\x12f\xe2\x07\x82 Le\x05\x12\
\x88\xbb\xa9\x9c\xc6\x90\xa4\xbe\xe7\xff\xf6\xf3\xf6\xbcS\xd3\
GuwuO\xd7\xa4\xfe\xf9U\xaa\xba\xaa\xba\xa6\xab\
\xea}\xde\xe7~\x9e\x04\xc5\x88\x11#0\xe6\xce\x9d\xdb\
{\xe0\xc0\x81\xf9\xbct\x0c\x0d\x0d\xb94\xce\x98B1\
b\xc4\x08\x04\x10\xaf\xe7y\x8b\x13\x89\x84\xdb\x0a\xc4\x0b\
L\xa2\x181bT\xc4\x99g\x9e\x99\x01\xf1b\x9b\xd7\
\xbd\xd4\x22\x98L1b\xc4(\x8bs\xcf=\xd7f\x91\
y\x19oZ \xde\xa7\x9f~\xfavj\x11\xc4\x22t\
\x8c\x09\x05\x10\xdb\x9bo\xbe\x99bB;c\xd2\xa4I\
 \xb8\x94\x1crx\xb1\xb0\xc1\xfbr|l\xc3\xcc\x99\
3\x87r\xb9\x5cEQ\x98\xaf\xb7\x9aW6\x7f\xaf\x9f\
\x89\xb7\x8fZ\x08\x09\x8a\x11#\xa2H\xa7\xd3\xd6\xf6\xed\
\xdb;y\xb3\x8d\x97N\xd6MS\xe6q&8\x10\xa7\
&P\xbd\xb6\xf9<\xcb8-\xcb\xc4\xbct\xed\xda\xb5\
C\xa5\xfe\xceYg\x9d\xe5\xf1*\xb7~\xfd\xfa\x8eR\
\xe7@\xc4\xe6\xebv\xe3\xfa|^\x92\x9a\x84\x98\x80c\
D\x0a\x9ah\x85X\xd2\xd8\x07B\xe5\xcf\x03\xbcvX\
\xd4ux\xd7\x06^\x9cb\x86\xa6T*e\xf1\xb9\x87\
\x8133\xe1\xe2:\x199\x94\x9d:uj\xdf\xcf\x7f\
\xfes\xa7\xd8wJ\x19\xad\xd8\xb0\x95\x16\xdd8\xad\x7f\
\x0bs\xe9\xc3\xa9I\x08\x95\x80q3\xfc\x00\xed\xc2\xc5\
\xd9Z\xc7\x0fe\xa8\xd8Ci\x15\xe07\xf3j\xbe\x88\
Z\x0e~3o\xaf\xe1\xed\x85\xbc\xb6d\xb6vx\xc1\
\xfe!\x88e\xf8\x1e\xce\xe1mg\xc6\x8c\x198FA\
D\xb1\x18\xb5\x03\x84\xbbs\xe7\xce\x1e~\xee\x0b)\xaf\
\x8b\xe2ygy=088\xb8\x86j\x04\x13\xa7\xcd\
\xef\xb1\x9b\xdfs/\x7ftx\xbb\xab\x1c7\xd68\xfb\
\xec\xb3S<\xd6A\xb8\x9dz\x1f\xff\x96,\xef[\xca\
\xc4^\xf1\xfba\xa1.\x026\x1e\xea<^ \x9a\xd8\
%N\xcd\xf1\xb2\x94E\x8b\x01j!\xb0h\x84\x87\xbf\
\x92B\x00\x88\x9bW\x03\xfc\x0c\x1c\x9e\xb4\xd6\xb4\xf2\xa4\
\x155\xf0$\xdb#\x5c\x0e\x93g\x8e\x89\xa4\xd7O\xb4\
\xc3\xc3\x9eMo\xe6\xb9 0i*\x1dF\x07\xc8>\
\xb0_q\xe3<\xa6R.\x99L8%\xfe\x068)\
t]w\xff\xfe\xfd\xc9Jn\x22\x16\x99\x07!\xb2\x87\
5\x91\xd4\x8a\x9a\x09\xd8\xf7P\x15 \xc2\xf0M\xe5\xb0\
\x96]\xb6!\xa2\x00\x03<\xb8\x17\xb5\xc2\xe0\x96\x19\x14\
\xc4\xab\x8c\x13\xbc\x0d\xc3\x06D\x9f6y1\x18(\xcb\
\xf1\x22\xdb\xdb\xdb\xe7\x89~\x85{\xb5\xe4\xb8-\xdbV\
\xb1\xeb\xcb\xb3p\xf0b\xa7M\x9b\xb6*&\xe8\xda\xc0\
\x93l\x96W\xdd\x98 y\xe9\xd1D2\xfc\xa2\x97\x9e\
4\x89%\xa7\x04e\xc8#+\xf0\x05=\xc5L\xf8\xfd\
P_\xf2\xa4D\xce<$z,\xac\xcdYf6\x0b\
\xca]\x869wJD\xf1\x0d\xe3\xe9\x13\xae\x9a\x80\xc5\
\xca\x87\x9bL\x1b\xbb\xd5\xacX\xecfDDY\xad\xb9\
3^D+D\xb1\xf0\xc0\x00\xf1\x82\x03\x975NT\
\x02^\xe4\xe4\xc9\x93!\xd6\xd94\xfa\x99\x8c\x02\xee\x9b\
\x9fA\x7f\xcc\x9d\x83C\x07N\x88n\x8b1\xe3\x80p\
\x13\x93i1\x13b\x9a\xea\x05\x13\xb3}bb\xd4\xbb\
\xe7q\x01.\x9c\xe6%\xc3\xe3b9\xb58\xaa\x22`\
\x99\xa1\xc0um\xd9\x95cqc\x01\x1el\xb9\xef\x81\
\xdb\xf1y\xcb\x0c+!\xc4\xcc\x8e\xf1\x1c\xc8\xfc\xa2\x86\
)\x7f\x1f\xa1\xbd(LV|\x8f\xe0\xe0xNv\x09\
\xb5\xc2\xe1\xa57\x0a\x83c<!\x8cb\x18\x22*\x13\
o\xbb\x22\xde_{\xd9D\x82\xba)L$\xc8a.\
\xde\xa1EkS\x94\xe6w\xd44cT\xad\x08L\xc0\
\xc6\x8di\xab\xdf\x82juZcv\x03\xea\xe2|\xf5\
\x80'\xa2\x1e\xfe\xfdK\xb0\xcd\xbf\xa1\xa1\x96x&\xea\
\xf9,\x81\xa4\xf9\xef\xf5\x98\xfb\xf9s\xdf\xbau\xebz\
)FQ\xf0;Z\x82g\x06\xb1\x99\xad\xbaK\x87_\
\xf2\xfa\xf9E-\xa4F\x00D\xbc\x8f\xba\x92''\x86\
\xe4o+\xfd\x96\x97\x0e~G\xb9j.\x05\xbbP3\
\x0d\x9a\x81B)!n\x1a\xc4\x0b\x11\xb8\xbd\x16\x83\x14\
s\xe1.\x1a\xf1\xc7\xa5!\x22\xd1\xf8@\xcf\xe29j\
0\x98s\xac\xe2\x01\xb8\x08\x86\x11\xf3\xefA4\xc4@\
\xa1\x18E\xa1\xa55\x10\xef\xc6aoq\xc3\x88\x17\xf0\
\xd8V3\x89\x96\x18{\x96\xe2?\x1e\xe7\xf3*}\x95\
ic\x19\xbf\xc7a\xf8\x8a\xb1\xec\xd8\xb1c+\xaf\xb7\
\xca\xe7\x95pAQ\x03Q\x96\x80!\xc6\xe0\x07\x92\x98\
\xca\xc5\xd8\xd3QId.\x05\xe8\xbd\xb8\x86\xfe\xcc\xd7\
\x0aW\x1c\x0a\x00\xdc\x93\x1e\x1c00Q\x93\x80g&\
\x13XF\xef\xc3\xef\xe0\x97\xbf\x98b\x14C!(\xc3\
\xabS\xdf\xdd\xb5k\x87Z\x82\x02\xeeA\xd9\xccT:\
W\xa4Q\xdb\xb7[\x13m\xe7\x94)S*N\x02\xf5\
\xa0$\x01C\xdfe\x1d\x04\x1c\x22#F\x8448I\
\xbd\xc6'\xf8\xc9H\xb80n\x9c\xb9\xf0\x12j\x22\xf6\
\xee\xdd\xab&\x0d\xdc\x13fwj\x22\xf0\xecD\xf7\xcd\
\xe9}\xfe\xe8\xa1\x18y\x88{\x86\x1eydm\xba\x94\
\xc1\xeac\x99\x0e\xba\xf6\xfa\x0f\x96\xbd\xce\xa3\x8f}O\
\x9d\xf3\xf1\x05\x1d\xe4l|\xa1\xdc\xa9\x05N\xb9o\xdf\
>\x07kx\x11\xa8\x02D\xba:\x1c\xf1\x0f\xb2N\xeb\
\x85?\xb7\xb3\x08\xbe\x8a\x1a\x881\xb1\xd0\x86oW[\
\xff\xa0\xbb\xad)\xc7u\xf1\x9d]\xbbv\xe1\x06\xa07\
\xc0\x8f\x96+E\xe8\xd8\xcf\x5c\x1d&z\xe5\x7f\xe5\xeb\
\x83\xbb/\xa2&@\x0c#\x19\xf9\xd8O5@\x0cr\
 \xba\xc3\xf8^\xd3\x94\x7f\xf1\xda\xc5\x94\xa5\xbcn_\
\xc9@\x85\x89#-\xdbq\x00Hqdy\xe9}\xee\
\x99u\xf6;\xdf6\xb7\xe8\x09I\xfbdz\xf6\x97\xeb\
i\xd9\xf2\xbbhA\xf7M\xa3\x8e\x0d\x0f\xbf\xa0\xf6\xe3\
8\xf0\xf6\xb7\x9fE3\x0e\x9dU\xee\xef\x15\xde\x03s\
M\x18 I\x5c\x85\x15!c]\x7f\xbf\xa9\xbe\xe01\
\x1c\x98e\xf8A!\xde~\xb1\xfe-\xd7\xc4\x8b\xc0\x07\
\xf8\x7f\xf5\xb9 \x08\xe8\xb1\xfc\x9da>wP|h\
+\xd9\xad2\x88c\xa5\xfe(\xf4g\x09|\xd0\x5cx\
>5\x01\xcc}\xb5\xbbG\x07^\x04\x06\x8cx0\xc2\
\xe9\xfb\x84K\x88\xf2\xaaE\x9aFf\xef\x0c/\xd9J\
\xba\xbd90\x8c`\xfb\x18\xa3\xb1\x11\xff}\x7f\xc5}\
\x87Q\xder?\x067^\x9f\xd7>V\xe7\x1e\xa5\xdd\
\xbbGD\xe4\xa7\xd6\xe6\xe8\xcb}\xd7(\xe2\x05\x91\xdf\
\xda{\x0f\xdd\xba\xf8\x1e:\xe2\x88\xa3)\x08\xf8\x1d\x9f\
!\x9bMS\xb1jE\x81\x80\xc1Y0@e\xe6\xe9\
)&.\xf3\xa0\xe5C\xde\x12\x18_@\xc8\x10\xb1u\
0\x87\x10DV\x828\x94\x0b\xa0\xbd\xbd\xbd\xad\xcc\xdf\
\xce\xe9\x0d~`M\x19\xc4:\xe8\x82\xff^\xe0\xa8\x19\
LZ\xf2\x5c\x0a\x16t\x11\xef0\x09\xf507\xceH\
~hN\x7f\x07\xcfDB4K\xfd\x8e\xf9\xc6\xb6C\
1\xc6\x00\xef\x08kX\xa2\xb7ow\x9db\xe7\x1cq\
\xc41t6?f\xe8\xb7\x10\x95\x81\x07\x1e\xbc\x97n\
\xff\xca\xcd\xca\xbdr\xf9\x87?\xa5\x88\xf7\xedo;\xab\
\xe2\xdfc\xf7\x94\xfa{b#QL\x8au\xe1\x1c\xb5\
8\x94\x08-\xa2%\x06\xa8\xc5?\xba`:\x87\x01\xcb\
\xcc\xd4\x80<\xcf\xfbr\x10\x1d5\xe7@\xfc'\x16M\
\x10\xf0\x85\x82\x03S>Ji\x80?\x17\x0d\xda\x80.\
\xcc\xe7e\xe4\xbc4\xaf\x9b\x91\xa6\x95\x96\xdf\x5c\xf1o\
I\xa4\x99\xc9\xb1q\x0f\xfdr\xbf\xdb\x8a\xdcS\x9f\xe9\
&\x13\x0bfn\xcc\x0f`u\x83%\x16\xdb\xd8\x15\x8b\
\xd0E \xaaV\x8e7\xd3C\x1b\x9e\xa4\xff}\xde\xfb\
\x8b\x9ew\xf1EW\xd2Z\x1e\xae\xe0\xba\xcc{\xe8\xc1\
\x87\xeeU\xe2\xf2\x8d\xd7\xf5\x06\xe6\xb8\xc0\x81\xbd\xb4\xca\
\xa0\x03\x88\xd0\x88\xc6j\xa8\xfe\x1a\x06&\xc1\xcc\xad\x89\
\x17\x1c\xc5\xe7\xf7\xca@d\xe4\x07\xa9\x0c?0l\xd1\
H\x10\x07\xe0L\x9b6\xad\xcf\xe4f\x10\xb71\x09`\
\x1b\x06\x1aDa\x153\xa5\xe3<#\xe42]\x81[\
\xd7\x0d\x89{\xc6\x8bq\xcb\x05\x9b\x83\xc0\xc4m\xb6D\
\xcewx\x8d \xf5v\xe4\x82\xf2\xbdn4\x89\x17\x92\
\x0b\x0cqp%\x90\x11\x89\x850\xccb\xd7g\xe2\xc5\
9\xb6\xfel<\x83\x18> H\x88W\xee\xb7\xbfs\
\x87\xfd\xc6\x1b\x9b\x8a\x9e\xf3\x0e&\xd6CY\xb7\x1dv\
^\xa0\xc7\x1e\xff\x1e]\x9d\xb9\xa9*qY\x90\xbd\xec\
\xe3\xe7Xf\xde/\xbf\xbf\xa6\xd8e\xea\xc5$\xa4T\
Q~@\x0d\xf8\xad\xb2|#\xfa&\xb2\x88\x5c\x12\x1d\
W\xcdN\xb2\xdff\xbdrL2\x00\x1fO\x93\xe8-\
 b\xe6\xb4\xcb\xa88\x0a:\x06\x9f\xd3C\x8d\xc5B\
\xff\xdf\xf4C\xf4\xf9\xad4\xdam\x06\x9f\xf7\xa8h3\
\x109&3\xad\x13c\xe23\x5c\x099^2A]\
m\xc6\xb3\x8c\xe1\x83<\xc3\x05,\x22\xbb\xd0i\x1d\xa7\
\xb8\x15\xb9#}\xb1Z\xdf|\xd3\xed\xeeE\x17^I\
\xd5\xe0\x8d7^\xa3;\xbf\xfayT\xdc\xd0\xc4\x8b8\
\x87\xbeV\xa9yU\x09\x93x\xe0)?\x15\xff\xe81\
VY&h\xec\xd3\x03\xde\x96u\x17\xef\xc7\xcc\x98\xc3\
\x07\x10\xa8\xe6\x9e\xe27\x86\xbe\xb8\x04\xa9x4\x22B\
v\x22\xb2\xc6\x7f}&\xda\x82\x88\x02\x22h\x94\xd3[\
\x0cjil\x8b\x1bk\x14\x84\xeb\xf6\x8b>\x0f D\
4\xe9\xb7\x03\xc8\xfd\xf5\x83\xc8e2K\xcbo\x874\
\x81j\x85H\xe6\xee(g\x85F\xe6\x96\xb1\xed\x80\xa3\
S\x8c\x92\x10\x83gv\xcb\x96\xd7\xe86\xd6m\x8b\x11\
1\x0cU\xc0\x9e=\xbbK\x8f\x1f\x8f\x86X1.H\
^Zo\xc6\xc4\xf0\xe4\xcf\x7f\x92\xa6\x91r9\xedQ\
!^`\x0atY\x1e\x8c\xd8v\xfc\x07%\x98\xbc\xd3\
\xb7\x1bVA\x1dU\x85\xc1h\xb1\xd9=\x89\xac\x11\x16\
A\xd28\xa6\x83\xcfy\xd3e\x0e\x0f\xab\xad\xcaJb\
qs\xb9\x99k\x89m&\xec!\xed\x0bE^&I\
\x14L\x98`)!-\xf7H\xfe\xfb\x04Q2A\xea\
\xd9\x17\x19Dc\xe2\x94u\xd2\xb6\xbe?\xb9G\xa5\x13\
K\xc6\x92C\x01\xe1\xf3\xfb\xc6\xfao\x00`\x22\xe5q\
\xb2\x91\x89x\x09\x08\xee26N]lpZ\x18\xb3\
\x80\x1f\xfe\xeb\x8a\x81w\xcdM+\x86s`2m`\
\x03\xcfa\x93\x0f\xc9\xbf\xef\xdf\xef\xa6\x8e\x84GJ\x12\
|\xe6\xd9\xbc\xebIO\x06x\x97\x18\xe7\xe3\x91\x0eX\
/\xa6\xc0o\x8b\x0d\xbe\x01\x04n+n U\x0f\xc0\
IS\xa2\xa3\xf5\x09\xc7\x012\xbc\xa84;&\xc8\x8d\
 T-\x06\x1a\x83z\xa9\x9e\xc5\x98\xab\xb63\xa7\x85\
~h!}\x0f\x9f}3\x5c\x8eF\xa2nlj\x0c\
\x0e\x93\xdf7\xa6J\x83dV\xd9f\xc6\x8by\x5cg\
\xc4\xc8\xf7\x11u\x03\xee\x9cE\x88$\xd5\x06\x93\x80s\
\x14#\x10 \x0d\xdew\xdf\xc3\xc3\xaf\xfc\xe6\xe5\x81\xc7\
\xff\xe5\xfb\xee\xee];,\x1020\xfd\x90C\xc1L\
\xba\x9f~\xfa\x89Em'\x8e\xb6\xea\x0f\x0f{\x96\xfb\
\xdb-\x8b_\xdd\xf4_=p+\xad\xce=B[\xb6\
\xe4\xf5\xe9b\xe35j\x80\x15\xda\xc1\x06\x13\x19|_\
C\x9a#\x81k\xc2\x94\xcf7\x09\xfd\xcf\xe5\x19P\xd5\
\x1d\xe2}\x0b4GB\xb4\x09\xbe\xab9\x17?\xe41\
\xa2#\xbek\x101,\xd4\x10\xa5\x17\xe8\xe30\xd5C\
|\xc6\xb6\xe4\x0e\x87n<\x10+70\xea%\x09q\
\xa6\xe5w\xc0u\xe6\xf8\xbf\xcb\xf7\xa8\x88\xb6X\x12\xb9\
\x86\xe4\x16/\x94\xeb\x94\xac\xaf$\xcf\xcd\x14\xf3\x1c\x8a\
\x11\x18\x9f\xfc\xe4%\xab\x86\x7f\xedu\x1dwlr\xd9\
\xc3+\x97)\xcb3\x8cWl\xc4Rv\x18\x1e[p\
\xf9\xe9\xd3\x1d^r\x97^:\xd7&_\x9a\xa7N\xc2\
\x17\xc2u(\xc2\x98\x22\xc4\x87\xed\x0c/\xcbY\xdc\x9c\
/\xa9pp\x0d\x15\x08\x0d\x16X\xe6\xccKu\x94\x16\
\xf6\x19\x16\xda\xb23\x18\x1e\x12O\x00Y!\xd0\x0cO\
\x12\x85\xdaCpM\xf1\xb1^L\x00f\x9ct\x98\x90\
\xb4>\x92\xe0\x8b\x02\xf8w#\x9a\x8a\xca\xb9\x0c\xc4\x0e\
0\xe6w\x89\x9f\x17\x049OOdrM\x9bWE\
\xb3\xac\xe0Z2Dy\xb7\x94\xa5:\xc6X\xc0\xad\x87\
I\xf2\xd2\xcb\xe7\x22\xa6\xbc\xe3\xdak\xbe\xb8\xe4\xa8#\
\x8f\xb1\xddm\xffm\xebs\xf6\xbd\xb9\xcf\xfd\x9f\xad[\
,\x10\xf5\xda\xb59\xec\xcf`\xff\x8c\x19\xb3\xdd]\xbb\
\xb6[p/\x9d\xc3\xaf\xed\xd8c\xec\xde\xaeK\xdf\xdd\
\xd40\xdaFa\x0a\x0cI\x12.\x89H\xa3n~8\
\xcby\x1f\x08\xaaS\x13\x9a.$\xc6\x9cY\xe7\x02\x83\
k\x0eT\x13K\xcc\x9ci9\x7f'\x83m\x89\x88*\
pZL\x0e\xcc\xa5A@\x0e5\x17\x0e\xfe\x03\x87\x86\
\xe4Q)?\xd9,\xa8\xa69\xb7\x09\x11\xb1\xb3\xa5\xbe\
o\x06\xbd\x8b;+\xd6\x81\x03\xc0Pc\xa0\xe6\xf4\xc2\
\x0dx\xdf\xb7o\xc3!\x1b.$\xb8\x92\xe06J\xda\
\xa7X\x1d\xf3>@\x97\x7f\xf8h\x82\xd1\xebK\xbd\xd7\
(q\xf9}\xef\xeb\xa2\x8f]u#\xce\x1f\xf0\xf6\xd2\
\xa2\xe4i\x13'xf\x0a\xc4=q\x98\xab\xb0@\x84\
NJ\xac\xf22\xb8\x88x\xbb\x8f\x09w\x89pe\x0c\
\xb8\xdeZj\xe3\xc2\xbf,\x9c6U\xcc\x12\xdc\x8cB\
`Z\xdf\xd7\x00\x07\xc4dE\xe2\x0ec\x22\xee\xf2\x13\
\xb1I\xb4\xf0\xe1\x1a\x1c\xb4\x00\xcfW\xee\xa5\x0clc\
;G1*B\x82+\x16\x8b{\xa7K\x8b\xbc\xb0\xf6\
\xa3\x1a\xca\xce\x9d\xdb\x0e\xfb\xcf\xa7V\xc3\x10\xdb\xa9\x0b\
(\xc0*}\xdd\xb5_\xc2\xbbV\xea\xca\xf0\xf0\xf39\
o?\xf5\xe9|\xdf\x89\x045\x1a\xe1\xbe\xd1\x86&\x9d\
\xc4l\xd4\x07\x0aE\xd9\x97\xeb!\x84\x10\xd1^\x8b\xb4\
\x9e\xd8\x8c\x04h\x1d!\x85\xec\x10\xffD!\x01\x1e\xaa\
\xea>\xe592\x88\x11\xf5\xb1l\x896\xd3\x89\x0a\x05\
x#eL\x87t\xdd\xacJ\xbfA\x06\xe2\xa0\xbeV\
\xb1\xdf\x12c,\x8ctV\xf3Yi\xe3\xaa\x0eE\xc5\
\xf3_\x85\x0a\xa8\xe2q\x98\xc7\xcf\xb7O\xc6\xf4\x84~\
\xd6*\x94R\xc2\xd6p\x83\xd0\xe9\x96\xc1\xe8\xc4\x5c\x16\
\xc1\x1b \xb8N\xc90\xaa\x89x\x8b\xd5\xd0\x12\x83\xcf\
\x026\xfed\xc0\xddYD\xca42\xed\xca\xcb\x97\x87\
E\x96\x09\x0cq\xa3^$\xfc\x8c0|\xc0w-\x22\
\xae-\xb3\xb9\xff29^\x1c\xb1VW\xfd,\xc0E\
\xc8\x98\x08x\xb0\xd1DEX\x93\xb2\x8c\x9dN\x09\xa8\
\x81\xbb\x11\x93\xeb\xe1\xbc\xde*kx\x17@\xdc\xaa\xbe\
3\x9f\x8b(\xc0\x81}\xfb\xf6-\x92\x00%\xaa\x14y\
\x17u\x14\xd2\x09\x11\xb6\xa6-\xc5<\xd0\xc1u\xe0.\
\xc1\x83\x80x2\xc6z\x1c\x04\x12\xf7\x8b\xef\xa5\x8d\xdd\
\xea\xba\xd2\xa6Q\x1b\xc3\x1a\x12\xc0\xa1!\xb3tJ\xac\
\xddc&\x0a\xa9.2\x80\xea\x93\x10\xc3\xc0}\xe5\x10\
\x0cMjv\x0fY_uy\xb05L\xea\x90\x94P\
\xdc/\x82\x13 ]\x0d\xf1\xe2N\x9f>\xdd\x0dS\xda\
\xd1u\xc0\xf9y\x9d\xa1\xed\x1b\x0c\xbcs\x12k0\xfe\
\x16\xa4\x99\xbe \xb5\x96\xfd`n\x0a\xc2$\x9f\xaf}\
\xa3o\x0d\xb5e\x11\xde\x1d<\x09x\xc7|\xaf6\x89\
\xbb\xce_\xcah\xa2a\x94B\xc7b\xee2\xb1\x14\x17\
\x8a\xce\x89\x8bD\x97~\x09\x5c\x00NfO\x10o\xa7\
\xde\xe7\xe5{\xcb,\x92D\x81Bd\x96\xd4\xe1u\xa8\
A\xd0\xea\x80\x97O\xe2OR\x93!\xee#\xb8:\xd4\
D%\x11?\xa1'o\xe0\x99C\x97/W$\xc0\x1b\
)w\xbb\xbc\x96\xc2\xfbr/\xe0\x8a\xf3\x8bT\xa2(\
\x05G\xc4\xd8\xaa&\x0f)<\xe8TS;M\xde5\
\xc6\x96U\xca\xb7?\x910*\x1f\x181\xa0\x94\x9f5\
\x0b1\xce\x989\xbd\x91v\x8a\xd9rir\x1a\xe0\x00\
\x12\x18n\x12/\x06\xed\x22\x0c2\xc9\xf2)\xeco\xf4\
\x03\x86:\xc0+Wr\x8f\xd3\xd4dH~\xa9\x962\
\x1a\xe6>\x82\xaa\x92\xa8P\xe1C\x88.\xads\xb7\x91\
\xf6\x09\x1b\x81NX)\x05\x9d\x0f\xed\xe5\xd3*\x17V\
A\xbc\x00\xb8t-5\xad\x94\x04Q.\xb7\xdc\x04\xc6\
\x9d\xae\xdf\xad\xed6\x13\x99x\x811&U1\x1ad\
\xb0\x8dd\x06\xf1\x83\x16\xaa\x04R\xde\xd0\xb3\xa8TQ\
;3%K\xef\xd3\x9cWD\xeaA\x1aI\xd1k\x1a\
G\xd4\xf7\xe55\xb9.u\x91\xe7\xd1\xb0j\x9c\xba\x9a\
\x22\xd5\x8e1\x8d\xbe\x84\xe3\xaah5\xaa\x03\xf0\xc1\xb3\
\x9d\xa3\xaa \x1d\xd4\x0bK\xe4[\x9e\x00J\xcdA]\
m|`=\x17\xaa\x9e\x83\xb8\x05\xb9>\x98E\x81x\
u)Z\x9a\xe0\x18S\x91\x03\xfa\xa97R-\xa3P\
p\x0d\x04HyC\x8e\xcd\xcb\xb2b36^\xb69\
Xe\x16\xcc\xc8w\x91J\xb7\xcc<&\xf1\xd2M\x01\
\xdf\xcbrY\xa7\xf8\xc57\xad\x90\x1c\x0f4\x9d\xed\xa5\
\x7fG?5\x0e\xf5rv\x95>\x8a\xf4H)\xf00\
,\x1c\xd7\xa6:\xe1UY\x01\x05\x80\x9a\x01\xd1\xdb\xcb\
\xe7`\xab4?H\x0cR/z5\xd6x\x9e\xf2L\
\xd3\x12\xd3\xdc\x7f\xb0\x10/\x90(\xb6\xd3W\x03\xba\xa0\
\xafI\xb2~\xc1\xa2\x8c\x07\xc7\x0fk\x83\xb8\x5cT\xd3\
)}\x0d\xbf\xfe\x81,\x1e\x1a]\x1a\xb4\xe9\x95\xef}\
3\xba\xeaF\x17\xb6a\xc7\x84\xcf~\x00\x84^,\x1c\
R\xcd\x9e={\xd4s\x07W\x0a\x83[\x86\x0d/\xdf\
\xf4\xab\xee\x82\x88FgAm\x81v\xe4\xfax\xa6\xce\
\xc1\x18\x18\x93(u\xc0h=\x02\x97GR\x1b:\xfc\
D\xecG\xb1\x8c\x1e?\xf16\xca\x88\x13\x04>\x22\xd6\
ptB\x06\x1f\xc3\x84\x84\xcf\x16\x1a@c_-\x04\
.\xea\x82Y\x92\xb7\xee\x8c\x17\xb1\xfa\x9e\x91\xc8\xf7f\
R\xe2b\x95\xbah\xd3\x81\xe7*\xe9\xa71\x1a\x80\x92\
\x04\x8c\xd9Nz\x1ai\x9d\xaa\xc01\xe5\xd8B)\xad\
c\xcb\xf1\x01\xf8\xea\xc8p\xb9\xc8 \xee\xa5\xd1\xc4\xdb\
\xd3\xecr\xae~H\xbf&\x88\xd1\xa9 :\xa3\x88\x7f\
\xe0r\xae\x118\xa0\x22\xbb\xa4\x1f\xed\xb6i\xd3\xa6\xe5\
Lk\xaeiK\x90k\xd4u\xdf~\xcb}D\xe0P\
^\xed\xb2\xc4\xf2mc\xa7\x97\xef\x13\xb5a\xd6\xacY\
\xb9\xb8-k}H\x94;\xe8\x13\xa5\x87x\x90v\x05\
u9\xf8\x8d7ap\xa0F@&#pI\x04y\
h+f\x9aj\x80\xd6o\x85;\xa6\x8dCu\x1b\xae\
|mi&\x0c\x12q\x8b\x99\xba\x90\xa8t\x82O\xe4\
\x0c\xd4\x00\xd9\xdfzT\xf4\xe1\xae\xa8D\xc4\x80CC\
w\xd7\xcd\xca\xb0\x0fVN\x11W-\x89\xec\x0aj\xed\
\x0d\xd4\x00\xae\x12`X\x92@\x94\x09\x07<\xdbF\x17\
@\x9f\xa8\xa8H\xc0\x80_o\xc4\xac\xc9\x96\xdc\xac\xc9\
\x8d\x0d\xfd\x0c\x83\xcc6\xbe\x1e\xca\x00n5\x98\x06\x15\
\x9e\xd4\xe6\x1b9\xc7\x0a\x92\xe0\x10Z\xd3g\x91\x14\x06\
[]\xe7\xad\x05\xda\xcdH1\xaaF \x02\x06J\x18\
\x7fT\xa8\x9c\x97/\xcbc\x9b\x07\xbc\x12\xe5ib\xd4\
\x0e1 \x8e\x8an\x9b\x08ht$\xdeDF`\x02\
\x06\xa4\x99\xb5?\xb6\xd9\x0f\x10t.\xcaeJZ\x1d\
R\xdew\xf1\x04\xe0\xc6\x18'H\xc3\xdc@1jB\
U\x04\xac!\xe2\xe3\x19\xa2\x07\xda\xd8'\xd9\x22\xb9\xb8\
\xcab\xf3\x80\x964\x92D\x109\x8e\x0c\xb1y\xf6\xec\
\xd9}\xb1\x15\xba>\xd4D\xc0Q\x80\x19\xe0\xc0\x22\x1a\
2r\x0a\x03\x059\xa3\xf0\xf5\xc2\xcf\x1b\xd5\x01$A\
\x22\xaa ?E\x17P\xb3\x96\xc7V\xe8\xda1!\x08\
X\xfc\xcd*\x91\x1b\xdd\x0e\x13\xf9\x1eH\x81\x06\xb6\xf8\
$\xfb\xa3\xa4\xab#\x8f\x9a\xefs\x19M\x1c\x14\xb2\xdf\
(FU\x88,\x01\xc3\xcf\xbco\xdf>$' \xd3\
\xa7\xa4\x08\xe9\x15i]RBwD\xa0\xfc\xa2V\x1f\
D\xfe\xca\x1e\x13\x085\xa5\x1c\x1e\xec\x98B\x11\x83Q\
d\xbdX\xa9\x1b\xf8\x99\x07D\x1fG\xe0\xc8\xb6b\xbe\
g_\xf0FF\x08\xba\x13\x85\xdb\xd9@\xd4\xa73\xb0\
Z\x11\xfe\xca\x1e\x13\x08\xb0\xb0#\xb3(\xf6ZT\x81\
\xc8p`]V\xd4_\xd9\x91\xf2\x1d\x03a\xf9\xdeP\
\xcb\xec-a\x95\xab}\x5cY%:\xb4\x2276c\
\xd4'\x12\x0e\x86\xe4\xfbF\xa0\xa59\xb0\xe8\xb6\x98\x95\
{\xa5\xe2`\xa1(wXA\x12\x12q\x85\xc2\xf3\xe0\
\xba:E2\xc3\xe29\xfeN\xcb\x05\x17\xf0}\xaf\x91\
\xdc\xd7\xa0\xe7;\xbcZ*U*\x82\x9c\xef\x8a\x0d\xa1\
)\x90\xbf7$\xd9J\x0e\xc5\xa8\x0a\x93\xa8\x85\x81\xf6\
.\xbc\xca\xd2H\xd78D{\xa9\xa6ca\xc6T\x83\
s\xb3\x11+CF\xe7\xc2V\x0d[\x84xoTH\
)\x07\xf8X\xd3(\x98\xa0\x9beW\x82\x10{\xd0I\
+'\x05\xedsT\x07\xe0zdigA\x5c\xa1\xb3\
6\xb4,\x07\x16]\xd7\x96\x8f\x18,\x81\xc31\xa5l\
\xce|X\xa4e\x97k\xd6\x14.\x05\x143`N\x8c\
\xef*\x0e\x04q\x95\x09\xbb\x8bZ\x0cR\x08\x1f\x99M\
\xf3(_\xa6W\xc7e;\xbclC\xf9\xde\x1a~7\
\x9eq\x974\x98+\x09o\xa46\xb8\xca\xacb\x9b\xc1\
*\x7f\x18i\x95\x80\xed\x01\xcf\xbbi\xc5\x1d&\x12\xea\
\xd6\x81\xe1\x8f\xe4\x81\x8f\x01\xa4\x82\xfe\xab\xed\xd6W\x0c\
bi\x1d\x16\xf1jA\xa9\xf2=\x1aR|\xbd[\x06\
\x12\x961\x22 \xb8E\x10\xae\xed\x0f\x19\xe5\xbf\x1d\x19\
;\x81\xce\x00CI\x5c\x7f\xa9\x22\x9e\x8c\xd0\xf7x\xcc\
s\x91\x90\xd7B\x89$\xa3t\x12\x159\xb7\xbfX\xef\
\x5ci\x1d\xdbYOdX\x94\x9es+\xa1f\x11\x1a\
\x05\xd1Q\x83I*N(\xfd\x0a\xc6\xa40\xf4\x18\xa9\
#\x0d\x0cT\x22^i\xca=,\xa9|\xe0\xb8\xc5\xf4\
\xb7LP\x91\x9b9\x10\xce+\x0cP\x104E\x04\x08\
P\xa1|]k\xc7\x7f\xcc\xf3\xf5\x9d\x12\x8b=\xca\x1d\
%}\xcfx\x83\xef<H/\x03\x22\x8e\x17\xad\xaa\x81\
\xfd2a8T\x03j)\xb7\x13#\x8f\xaaEh_\
\x913'(g\xab\x05R%\xb3$\xe0\x0e\xf2F\x9a\
r+\x88\x1e\x87\xc1jiN*%W\x02\x01])\
\xa4\xb5\xccJ\xd9\x85I\xa1\x8f\x22\x00\xe9|\x01d\xfd\
\xc7\xb4\xd8\x8d\x10\xd8R\xee59/\xcb\xe7\xe5$\x8d\
\xb2\xda\x06\xe46\xd5\x86@:z\x8c\xb1\xa8\x8a\x80u\
\x93)1\xf9g(\xfc\x82\xe7\x0a\xda\xe2\x5c\x89\x9b\xe3\
o\xb7\xb7\xb7#\x02+\xad\x89\x15\x16M\xe6(K\xa5\
]\x0cDA\x10\xf2\x12\xe6\xa4\x14\xd4\xbf\xcb\x7f\xbfM\
\xf7@\x8aX\xc2\x80\xd2\xf9Y\xa5):\xa1\xca\xbb\xaa\
8\xd9\xcasw\xa8\x0aHh'U\x8b\xf1,\xaf4\
\x11\x10X\xef`\xae\x94\xe5U7\xc4\x1d~\xe0\xed\xd4\
@h}\x8d\x07\xe2\xe1A&\x08\xb3r\x08\x03\xadB\
\x17\xc8u0\xa0\x15'\xad\xa6\x84\xad\x10\xffV\xf9\x08\
=\xbc\x0b\x9c\x99Z\x18\xfa\x19\xf8\xdf\x8f6\xe8IU\
\xc75A&1\xa3(?0\xc0\xf7\xaf\xb8p\xa5g\
\xc0\xcf\xdb\xa3\xea\xe0J*a\x1c}U#\x02\xe9\xc0\
R\x94\xae[\xaa\x0b6\xc3Z\x88\x17\x1a\xb8\xca\xa0\xd9\
uP\xac\xa4\x0a<8r$n\x0epR\xe8\xecA\
\xae'\x7f7'\x1f\xc7\x88\xe9\xad\x08\xfe\x8d\xa3\xac\xc7\
 BX\xd1\x85\xa8Q!%\x8d\xd3\x82\x5ck\xcf\x9e\
=\xb8\x7f\xd8\x120\x01f\xe5\x1a\xab\xf9\xf9\x85\xe9Z\
S\xcf8&\xde\xfaP\x91\x80%\xf7t!\x0c\x19\xa8\
.\xd8\x8c\x07.Dh\x83\x13R\x95\x90\xd60\x0a\xf8\
\xad\xa8\x06b\x1cK\x05\xed\xcc\xc0\xbf\xc1\x0c\xe9KQ\
\xeb#-\xeb\x1c\xfe\xdb\xb7o\x1ft]p\xe5~~\
\x06\x19\xf1\x9f\x07*\xaa'~\xf1\x0eX\x86\xa5.3\
&\xf0\x5c1\xe3\x98\x0f\xb9r\xc7\xf0;h\xc4@\x88\
w\x9b\x0a\xdau!FqT\xd4\x81uqw~\x89\
M\x89J\x12]\xaa*\x82A\x83-\xe3\xa3\x05\xc2\xd7\
\x13\x0d\xf49\xe9\x7f\x9c\xc6g1\xc0U\x14\xa5\x11O\
\xcdbt\xd1k\xb6\x1a\x10\x0eJ#\x06$\xf5\x1bQ\
c\x8a\xf7\xd7-\x9e\x8a\xb1+\xa8\x95\xd8\xf1\xef\xf0|\
\x9d0\xd8f\xa1\xce\x992e\xca6\xa4C\x8a\xc7!\
\xf6\x01\xd7\x88\xb2\x1cX\xb8/t\xa7\x86\xf7/\xd20\
\xf3v\xa5xwE \xb7\xd7\xfc\xcc\x83c\x9e\xf9\xd9\
\xe4\xc2\x0c\x88\x96\xcb*qw\x19\xb8\xae\xf1\xbb\xe6S\
\x8bb\xea\xd4\xa9\x85{\x81+Oo7{\xc2AO\
^3\xfbK\xfc\xc6\xa3\xda\xd8\xc0c\x81Ezne\
yWz<\xfaUM\x14\x94%`\xb8%\xc4\xe2\xdc\
\xb4:\xcef\x02\x01\xdc\x1dA\xbe#\x83\xc1\xfc^a\
@#\xc8\x03E\xe7\xc8 F\xcag U\x9c\x1cd\
\x80itR\x8b\xc2\x94@x\xa2\xa9Z\xed\x08\x0b\x98\
\xe4%t\xd3\x86\x01\xd2\xf4\x1b\xe3=\x80!\xf8Df\
\xfdN\x02M\xd41\xc6\xa2\x92\x0e\x8c\xe8\x9a\xf144\
\x04\x1e\x8c\xf8\x9dz\x1b\x16W\xddM\xcf\x08\xf2\x18u\
-&\xea\xde\x00\x97uj\xf9-\xcd\x869a1\xe1\
\x04\x15w\x1b\x06\xf8\x8e\xcd1\x83L2y\x0f\xddl\
 3O\x8d\x0dXu\xa2\xa4\x0e\xac\xfdz\xcd\x8e\x92\
\x11}N#0\xd1HH\xa0\xda\x86O\x18\xe1\x84\x15\
\x90a\x8e\xb0\xa1\x9c[\x85\xef\x7f\x95d)\x01i\x14\
\xf5\x8bR\xd0\xbdv\xfda\xdb3:M\xe2\xddb]\
\xac\xbe\xb7\xb8\x90\xa0\x97\xaas\xa4\xf0z?\xd5\x08i\
\xe4\xde]\xac\xa8?B6a\xb0\xe4I'.jW\
#Jr`~\xa8i\xac\xf9\xe17$\xca\xaa\x0c\x5c\
Y\xa0\xcb\xb6U\xf9\xbdQ\xd0\xa9\x87b\x85\x85X\x97\
4Em\x18\xe8\xf4`.\x06\x88\x84\xe6\xf9U\xfe\x9e\
V@\xc1\xb5\x940:M\xf2s\xe8\x96\x9e\xc5c \
\xe1\x98X0y\xc2\x85\xb6\xa4V\x1dU\x17_@\x92\
\x84\x9fxA\xd8\x947\xbc\xf5\xc7i\x84\xb5\xa3\x9c\x08\
\xad\x09\xc9\xa1&BD\xafZ\xb8\xdc(}\x99\x07l\
\x07s\x9c\xc3\x11\xd4\xc1\xd7\x5c.b\x9d\xc3\x87L}\
\xde\xe2\xc1\xb5\xb2\x9cA\xcbt\x9d\xf8\xac\xdd-\x03\xd3\
\x88g\xda\x0d\xbc\xd1\xe5\x84rz\xc3h\x8eV\x0cc\
\xf4QD\xa6Q\x0d`W\x96\xc3\xab\x8c_j1\x22\
\xfa\x86\x9ai_\x99\x88(\xe7FR\xbd\x82h\x1c\x80\
pH\xf1a\xf6\xf0\xc7@-7\x10\xc3+\x0d\xc5\x14\
$!\xbf\xd8y\xfd,:\xb7\x19\x197\xba\xdbb\xa9\
\xf4;\xc7\xd8\xb6\xa9\x05!\xe5\x83\xd4\xb6\xa9{Jz\
\xe0J9\xc7\xf4k\x97\xd4=\x91M&)\x95\xcah\
'F\xcc\x9a\xa4\xb0b!\x99\xba\xed\x8ed\x9a\x8d\xc9\
l\x1a\x1eV\xfa\xbc\x1aw\x97^:w\xf1\xf1\xc7\x9f\
Js\xcf:\xcfN\xbd\xf3\x5c\xeb\x94S\xcep\x99\xe5\
\xe4'\x1eO\xee\xc1\xe3\xeb'\xc8IL\xa2\xdc\x01\x1e\
+\xc9d\xe2\xa0\xd2\xabK\x12\xb0\xc4\x00\xbb\xe3a\xc0\
\xe2\x01\xe3\x8a>\x9b\x0a\xea\x7f\x15.\xaa#\x88\xb4\xb8\
[\x94\x93#I\x82\x07i\x86F&\xa8N4,/\
V\x99\xd2\xd4\xad)\x02\xcd\xc5\xd8\xcf\xda\xa6\x13\x10\x84\
\xf3\x15\xf3y[\xa5\xaan\xc8\xb3\xee\xc2\x83G\x9e1\
?\xabP2\xcc\x00\xcdy\xb1\x8d\x09\xf4\xa1\x87\xd6\xe5\
&\xa1s\xe5\x01\xb8*\xf9\xd9&\xf8}\x1c\xc8O\x92\
;wnwS\xa9\xf7\xb8\x83\x83?\xa3\x97_~\xde\
~p\xc5}\xea\x1aG\x1cq\x0cu\xa4/\xa6s\xce\
N[I\xfbd\x04\x03\xab\xf3\xbd\x03\xecY\xe0\xb5\xf3\
2\xabM\x1e\x0dx\xdbiQ\xb2}\xe2\x13sI\x02\
\x16\xf1k\x5c\x1e\x00\xc4*&\xb0^\xde\xb4\x98\x101\
\xe3\xe6*}\x07\x03\x8f\x89\x10\x036\x8d\xcf\xa6e\xb6\
\xd8\xb9\xcc\x85\xfb}\xadb\xc0\xc1\xb7\xf9\xd3\x17\x91^\
\xa8\xb9[\xab&6\x98\xf7*\xe5v\x82\x88\xa5A\xfc\
\xe0\xa1\x18\xect\x9bY/\xdf\x04\x9e\xba\xe6w\xbb\x1f\
\xfd\xe8\x8d\x19&\xb4~~\xb4\xf9\xdf\xe1\x8b\xca\x9f9\
s\xb6\xf5\xa5/,U\xc7^z\xf99w\xd7\xae\x1d\
\xf4\xe4\x13?\xa6\x1f\xfd\xe4a\xf7\xc1\x15\xf72A\xdf\
\xab\x88\xf9\x9c\xb3\xe7\xd1\xc5\x17^EG\x1eyt\xfe\
\x8b\xf9\xebe\xd8I\x98\xde8\xec\xf52W^\xc3\x5c\
\xd9\xa1\x09\x8aJ\x1c\xd8\xae&\x02\x09\x06!=\x98\xea\
\x09\xfe\x17b\xcc\xf1fZ^z.\xe0W\x1d\xbd\xa1\
\x03\xf0K\x01\x93\x04\x13g\xc6G\x94\xcb\xf8\xef\xe2\xef\
\xb9\xba\xa2\x05\xf48\x1d\x91e\xc6Y\xb7\x12\xcc\xdfH\
\x01\xc4|\x09\xf6\xc8P\x93\xa0\x1b\x9d\xcf8t\x16}\
\xee\x96;\xe9\xedo;\xcb\x22/\xb84s\xc2\xf1\xa7\
\xa91u\xfa;\xcf\xa1k\xae\xf9\xa2\xb5i\xf3o\x9c\
\x17^|\x96\xad\xe89\xeb\xb1\xc7\xbf\x87\x05\xd7d\xce\
\xfc\x01\xc5\x9d\x15<\xc5\xd5\xb3,<9\xc3/yK\
\x93'$j\xb6\xa4\xb72J\x1a\xb1\xb4\xfb(\x08\xf1\
\x82p\xe1sEr\xbf\x0e|\xe7\xcf\xc3\xb5\xc42\x1b\
\x7f_s\xc2\xce\xa0\xd71\x0d3\xa5\xac\xac\x1a\xb8/\
&\xe0\x05\xbe\xdd\xf8;i*\x11\xb4\xd1\xaa\x1cXD\
\xdc\x1c\xb6\x83\xfcF4\xd7N4\xa9p\x9dYE\xf3\
\xd6\xbe{\x14\xa1\xd5\x8b\xa3\xe7\xfc\xa1=\xef\xbc\x0b\xec\
\x9b?s\x9b\x95\xfd\xf6O\x86.\xba\xe0r\xc7\xd9\xf8\
\xa2{\xf77z\xe9\xda\xeb?H\xcf>\xbb\x9e\xc0\xb1\
\x15\x98\x90\x99\xb9/q^\xf2V\xb2~m\xd3\x04C\
9+\xb4\xb2fB\xa7*s\x8e\x0a\xb7DL+\x88\
\x07!\x97\x08~\xe7\x05/\x0c)y+\xa9F\xf0w\
\x0b\x86\x13\x16\xa3\xab\xce\x06\x0a\xd2\xbf\xb7\x84\x98\xad\x8b\
\xb5i\xb8z2\xf3\x8a\x14\x89o\x15\x18\xbf\xd1\xaet\
\xaediQ\xa3C\x18u\xd4\x15\xdcx\xf8}\xdfY\
v\x17\x85\x8dY\xb3\xad\xd4\xd5W\x7f\xd6\xfe\xc7\xec\xff\
u\xbb>\xd8\xed\xbe\xf1\xc6\xab\xee\x97\xfb\xae\xa1\x9bn\
\xf9\x08\xad\xce=j\x9e\xda\x998@\xabi\x82\xa1$\
\x013\x01U\xd4\x7f@\xbcL(\xcb\xa4\xec\x0a\xdc6\
\xb0*\x02\xab\x84\x83\xa6+M\x00\xa5 \xe1\x91zP\
\xf6\x04\x19l\xbe\x9a\xd1\x15\x09\x18\xee\x17/\xdf\xc7\x17\
k\x04\x1c\xd8\xc8\xc21}\x96\xe0\xd4\xb879\xder\
\x05\xee\x0c\xa8`\x08L\x5c\x92\x07]\x12:]R\xeb\
\xa4& M\xd5#9\x99@X,T\x11\xb8\xf1\xf0\
\xec\x9e\xfd\xe5z\xf7;\xd9\xd1D\xfc\xc6\x1b\xaf\x11\xf6\
=\xb56Gu\x819-\xeb\xd5\xd6\xc3+\xd6[\x1f\
\xbb\xeaF\xa53\x83#\x7f\xed\xeb}\xfc76\xe9\xb3\
l6r\x0dN$N\x5c\x92\x80\xdf|\xf3M\x87\xf2\
\xc9\xec\x99R\xe7 8\xc0\x1b)\xc8=\xe4;\xa6\xdc\
?A\xe3\x99\x8bA\x08\xc6\x95\xeb\xac\xf4Ei\x8dA\
\xb5\x1c\x12\x93\x04\x92\xdf\x11\xbf\x8b\xc9\xc7_>F\xc2\
1\x97\x89\x9b\xc9m\xe5(,\x9f/\xf8\x8cJ\xe7#\
\xf1\x80|\x89\x04F\xc3\xb4\xd0!A1}\xd0W\x1f\
\xe5\x05\x00\xf1\x82[b\xdf\xddLh[\xb6l\xa20\
\xd0\xd9\xd9m\xddq\xdbr\xfc\xbdln\xcd#\xeao\
<\xf8\xe0\xbd\xf9\x83\x1e\xa5\x98\x13\x0f\x0f\xbf\xe8\xf5\x0e\
\x0fzMQ#\x1a\x89\x92\x04l$\xb5g\x8a\x1d\xd7\
\x99J\xb0\xe46*\x92F^zV>B$\xaf$\
J\x9b\xd6X\x1b\xd6O\xaa\x12\x12t\xbf\x10\xc9\xffR\
\xe5#C\xf9\x98\xf0\xfeV\xce\x9aaCV!{*\
H\x99WLF\xc8\x16\x92D\xfdA]\xa0\x10\xcf;\
h\x15\x14\xaa\x12\x12\xca\x99\x83\x05\x19\x5c\xf1\xd7/\xfd\
\xd2\x05\xd1\xc2\xf8\xf4\x8f\xd9\xd5lU>\x9a\xc2\xc2\xd1\
s\xfe\xc8~\xf8\xc1\xf56BH\xb7ly\x8d\x1ex\
\xe8\xde\x11\x22f\xb0\xdfx\xf1!GE?\x89\xa2R\
6\x12\x8a\xa0!\xfd\xaeX\xad`5\xcb\x97\x89c\x0d\
%\xfdN\x22u\x1c\xf9\x98\x91\x10\xbc \x80\xeb\x02\x86\
\xb4\x8a\xa24\x80\x01\xc9\xcb\x12\x9d\xfc`\xea\xd0P\x11\
0\xd8[\xb9\xac\x8e\x10\x9d6\xfc\x05\x12\x83!u \
\xbc\x94\x9fq/\xe5{J\xa9\xca\x93\x95\xbe'\xf1\xcd\
\xf3\xa8\x06 x\x03\xe2-\xb8\xe2?}\xf7kt$\
\xbb\x82\xae\xce|\x86\x1a\x82\x04\xa5\x99\x88\xbb\xaf\xb8\xf4\
\x13P\x81\x1cE\xc4+F\x88x\xef\xef\xa8\x97\x22\x8e\
\xb2\x04,\x03\x16K\xc6\x7fL\x0f\xf0biyb\xbc\
HS\x08%S\xc0\x85y\x90\x99\xa2\xf4b\x10\x9a\xff\
<\x0c*\xbfeU\xdc>e\xff\xbe\xceZ\xd2\xa5g\
\xc8\xe0\xe2\x9e\xaf\x1b\x04\xb58\x0c\x15B\xfb\xcf+\x02\
\xcf\x176\x0bQ!*F\x5c\xe1\xdd\xe2\x1d\xb0\xc8^\
\x93:\x811\x85\xc9\x10\x5c\xf1\xf5\xd7_\xb5\xec\xe4\xc9\
t(\xbb\x97\x1a\x86\x04\xa5>|\xd9\xb5\x0b\xa5\x14\x94\
\xfb\x00\x13\xb0\xa1og JS\x84Q\xb1\xa4\x8e$\
\xc3\xa7\xcc0EA\x1a\xff\x15{\xe9(\x88&\x16\xde\
P\xe2\x5cE\xdc\x03\x01i\x22\x86Q\xabW[9\xa1\
\x1bK\x84\x8f\xa5\xb9\xa5$0\x14m\x96\x85\xefAL\
\xd6\x84Kc#\xacr\x94\xaf\x99\xdc\x8e\xfb\x1b\x8fh\
\xb4Z\x80\xec)\xbd]\xcc@U/\x8c\xc2\xf1YT\
\xfc\xa8t>&\xc7b\xc9\x22R.8\x87\xed0\xdc\
J\x01\x90^\xb9b\xd0&\x91P\x1eX1Z\x94\xde\
8\xecuSD\x11\xa8*\xa5a\xdc\x18@\xfb\x11\x89\
d\x1a\x04\x176+GJ\xc4\x0d\xf4\x1c<\x90L\xd8\
M\xb3\x8bt\xa5W:\xf2\xb4i\xd3\x96\xef\xd9\xb3\x07\
\xe1\x81[K\xd516\xda\xad\xa4K\xb9\x98p-\x10\
?_#\x92\xe9mRM\x13\xae\xbb4/\xee\xd4\xa9\
S\xdb\xc3\xe8\xb0(\xbd\x98\x17\xf2\xb3\xc9\xf0\xc7!L\
\xea\x95\xec\x1e\xf2[PD\x10\x96\xe81%s\x10'\
\xc0+\xfb[_\x7f$T\xdd\xb7\x0c\xdc\xce\x0f\xb5'\
u\xb5\xd1\x1f<\xb8\xaep\x80\x89\xa0\xa7\xed\x84D$\
\x93*\x02\x110\x00\xd7\x04R\xcb$.8G\xf9A\
\x02\xce\xa7\x82!X\xa4B\x115\xf8\xfb(H;\x94\
Z!\x03CO\x12&r\xbc n\x19n\x9f\x0d\xc6\
o\xc2oL\x95\x09p\x80H7\x00q\xb9Q\x05\xea\
\x9b\x09\x9e\xa8\xe6\x1bA0\xb9b\xc4\x13\x14R\x85r\
\xb1\xa8&(J\xd7\x0fq;\xc8w!\xdd\x90L$\
\xfc\x1bF\x15\xd6\xd7\xads\x10\xcb|\xe7\x1d\xdf\xa5&\
\xc1\xb5OH\x1c\xae\x7f\xd7\xad\x8b\xef\xa1\xb7\xbf]\xb8\
\xbfG9\xfb\xc4D$\xebr\x05&`\x0d\xf1\xfd\xce\
7\x89B\x02\xfe\xa1\xab\x82\xb0\x9a\x22r\xca\xe0\xea\x0e\
\x12\xb0Q\x04 Z\x04l\xac\x8aR\x82~P\x18\xc4\
\xa3\xd2*\xeb5\xbe\x99\x09\x12A\xa0\xe3\x03\xb0\xed\x15\
\xa9\xc7\xad\xfbO\xddp]\xefH\xe8cs0\xf0\xa1\
\xcb\xe6b\xddy\xd9\x87?E\x97\xf3\xa2\x10a\x02\xae\
\xba\xb5\x0a\xd2\xf6x\x95\x95\x9eA\xbd\xde8U\xd6\x17\
\x97D?sdX\xbbQ\xf7\x0a\xa2qF\xc7+k\
\x83\x96L.CB\xb0k\xca\x89\xd9\x13\x05|\xaf\xcb\
\xb5+Il\x039\xaa\x03\xd5</Qs\x0aFF\
<{\xf3\xb8p\xdf\x1ep\xbf&\x13/\xd0y\xec\xb1\
mC\xaf\xbe\xba\x91f\xcc0\x0cg\x89\xe6\xe6\xbc\x87\
\x89\x9a\xdb\x8b\xb2\x18\xbb\x0a\xee\x07\xc9\xabm:\x01k\
\x18\x22\x1d\xf4\xedBl\xb3v\xa3D\xc5\x00\x15&0\
\xc9\xf2\x04{\x86\xbc\x9b4\xba\x076\xc3\x8a\x0e;\x03\
\x0a$\xd0\xe8L\xa7Q\xcf\x1fF0v\x1dY72\
\xf7\x1d\x0f\x9cv\xea\x996\x08\x18V\xf0\x89\x80\x9a\xbb\
\x13J=\xa5\x1c/V\xc8\x15\xfbC\x01\x08\xf7`$\
^\x0d\x9e`1\xa1ii$\xd3\xe8\x02\xea\xe2^\x82\
\xd8\x5c\xcc\x95\xa7\xa0\xcb\xe8@|m\x92\xe1j\x0c\x9e\
{\xfei\x07\xeba\xe7\x85\xfc\x8e\x04\xabS{\xa3\xd1\
\xbc\xae\x18j&`\xc0\x93\xee\x05\x08\xa9\x0c+~6\
F8\x90Xr=0-\xe6|\x83\x8d\x22b\x88\xcd\
\xb8>\x15Ie\xd4\x0651\x82.\x86\xe1\xea]\xe7\
\xd4\x14\x03\x12\x06\x5c\xb6\xa6\xdb\xd88\xe7\xec\xb4\xda\x91\
8@\xd9\xe4i\xd1\xcd\x17\xae\x8b\x80\xd1n\x85\xa4\x0a\
\x06\xeb\xa0\xa1\xfb\x1dc\xd4\x07\xb1\x13d\xe5#\x88x\
u\xd8D,b\xb3\xe9\xda+\x00\xf6\x07X\xf6\xe5o\
\xaeD\xd4\xd5\xe7>{WU\x81\x1b\x89|\xab\xd8\x92\
(\xa4\x0d\x06\xc0\xce\x9d\xdbU\xf0\x08\xb6\xdf\xc1:8\
_\xbb\xb7\xed\xc4D\xa8\xae\xcef\xa3.\x02\x86\x88\xaa\
gyX\x15c.\xdcz@Q?\x18\x1a\xe5\xa3\x0a\
\xc4(\x11\x1a[5\x84\xab\xfau^\x139\xc4\x06\xe0\
o\xe2\xc3\x82\xccg\xaa\x12\x9d\x13\x93(\xe3\x95\xaf\x1c\
\x92\xbd\xef\x1fnw>\x96\xe9\xa0/\xf7^cf\x1d\
\x15\xc5c\x8f\x7f_]\x0b\x06,\xbb\xed\xe4\x01\xf6\xfd\
FVt\xd6\xa8\x8b\x80\x01\x99\xe5\x95\x9e\x83\x0a\x17\x14\
\xa3\xe5 ^\x82\x9c|\xb4y\xc9V\x11S^\x14\xf2\
\xfd\x92\xc4+Yj};v\xec\x80E\xda\x86\xcbF\
\x8b\xad\x01\xe0z\xfb\xa8\xeb\xc0\x01U\xcf+S\xec\x04\
pOo\x12-\xfd\xc4\x82\xcf\xd2[\xde\xf2\xd6\xdc\xb3\
\xbf\x5cO7\x7f\xee\xaaQ\x09\x0b&\x86\x87_\xa0\x07\
\x1f\xca\x1f\x9b5\xcbrX\xefm\xf9\xd0\xd8 \xa8\x9b\
\x80\x01\x83\x0b/\x09\x9a<\x10\xa3\xb9@@\x87\xc1\x89\
\x95{\x09\xd1P\xc5\xe2\xca\xcb\xc1h[Z)3,\
;e\xca\x94N^g\xe02\xbaL\xfb\x5c\x03\x00b\
sb*-\xe1u\xf1\xbf\xe1\xa1\xe8\x02\xada\xfdu\
\xf1\xccY\x87\xd9\xfdw\xadH_x\xc1\xe5\x0e\xc4i\
$,\xa0*\x87\xa3\x8dT\x82#\x8e\x9c\xe32\xe7U\
\x8cf\xf3\xe6\xdf\x0cEY\xef51\x99B\xc0\xa6M\
\x9b~~\xf4\xd1G\xc3y\x0f]x\x0e\x7f~\x80b\
\xb4\x04 \xc2\xbe\xe5-o\xb9\xe0\xd8c\x8f\x9d\x83\xd0\
V~O\xf0\xe9\xa6\xc4O\x8e\xe5\xdcc\x8e9&\xc3\
\x8b\xdb\xd6\xd6\xb6\xed\xc4\x13O\xe4\xc1\xef\xec\xf1_\xe3\
\xado}\xeb\xb9\xfc\xdde\xccU!q\x9dZ\xeeo\
\x82\xfb\xf28X\xca\xebo\xb2\xde;\xfd\xf3\xac\xf7\x8e\
\xf2\xbb\x06\xf8\xd9TNtN \x8dUq\xe6\xc2\xef\
8\xb3\xfd=\xd6\xf1\xc9S\x86\xfe\xfdg?\xda\xb3{\
\xf7N\xeb_\x7f\xfc\x03J\xb0\xfc\x9dL\x9eLS\xa7\
\x1eB\xd3\xa6\x1d2}\xef\xde\xbd\x9b\x99S\xe3\xba\xa7\
\xf2\xfd\xa6\xf8~\xff\xf3\x95W^\x89\xb4\xa7\xa2\xeaH\
\xacR@B\x01\xbf\xb4\xd5\x88\xceB:\xde\xbau\xeb\
&\x84\x88\x12eHD\x148\xac\x22\x86\x1b\xae\xfbr\
_\xfa\xbc\x0f:\xbbvo[\x98\xfb\xe9\xe3\xa9\xefd\
\xeft\x8a\x85\x98\xea\xac&\xa3\xa8}\x8aFgi\xb9\
\xa5jj!$u\xda\xb4i]\xd0{g\x1c:\xcb\
\xbe\xb5\xf7\x1e\xb2Q\xfe\xb5yp\xbf\xf8\xa5\xab\x9d\xe7\
\x7f\xf5\x0b%\x09\xa2r%\xc4w\x09\x1aA6\x92\xaa\
j)\xbfu\x5c\x82\x90\xc2D(\x1c\x18\xd8\xbcy\xb3\
\x8bY\x8d\xf2/\xfb\xd4\xe3\x8e;\xeeG\xaf\xbd\xf6\xda\
f\x8a1.\x10\x1d\x15\xc4;\x1d\xd5 /\xe9\xcc\xd0\
\xc5\x17]\x95f\xc3P'3\xa39'\x9f\xfcN\xba\
\xfc\xb2k,\x1c\xdb\x7f\xe0\x80K\xde\x81\xe9\xbbv\xef\
T\xdf\x05q\x0a\x81\xda\xb2L\xc7~\x88\xc27^\xdf\
\x8b2\xae\xd3\xff\xf5'?P\xe7J\xc1\x85!\xe9\xf6\
\x80<\xe1\xbf\xe0\xf5\xdf\xf1\xbe\xf4G?rc5z\
oX\x98\xfe\xaewuL\x7f\xfe\xf9\xa1\xe7\x7f\xfb\xdf\
\xaf\xcf\xd9\xbd{\x87J\x1f\xdc\xcd\xe2\xf5\xb1\xc7$\xa7\
\xbf\xeb\x9c\xb4\xe5n\xdd\xe2\xbe\xf4\xf2\xf3\xd3\x11\xad6\
g\xce\x9c,\x8f\xdd\x9a\xab\xc6\x8c7B\xe3\xc0\x80$\
\x1a \xcb\x04/\x7f@\x97f\x8d\xd1<HF\x98\xce\
H\x22\xf8]\xe1\xba\xa9d\xfdU\xf9\xb9[6\xd1\x96\
7^\xa3\xd5k\x1e\xa5\xdf\xfev\xb3{\xdaigZ\
\xc7\xf3\xf7\xe7\x9eu\x9e;k\xd6a\x96v\xff\xa0\xe8\
z\xf7\xd5\xef-\xfa\x8eu\xf1\xf6\x8b/\xba\x92\x16t\
\xdfD\xe3\x89\xbf\xbb\xe33C\xeb\xd6\xfd\xb4`\x93\xd1\
\xdcx\xeeY\x7f<\x94\xf9\xf3\xf3\xf5\xfe\xaeF%\xde\
4\x03\xa1\x120\xa0\x03\xd5\xe5c\x16n\x0c\x8a\xd1\x14\
\xe8|]\x92\x80\x0aED\x99\x9b\x5c\xf2\xc2o\x91\xc3\
\x04\xec\xec\xd8\xb1m\xc0\x0c\xd1\x948\xe8A\xf8{\xbf\
\xf9\xf5\x7f\xa6V\xc0+\xaf\xbe\x94[\xb8\xe8\xf2Q*\
\x00\x0c^\x8f\xff\xf0\x01\x1b\xdbQ\x17\xa3C\xb1B\x9b\
\x90\x87\xa1\x9d\xe3\x99V\x0c\xb3\x9c\xa8\xd8\xb7o_\x86\
\x84x\xaf\xce\xdc\x94\xe7\x80\x0d ^\x80\x8dR0X\
\xe6\xf4gL\x1e\x08\xe8\x80H\x0e\xbd\xb7Up\xdc\xb1\
'\xa4\xef\xfe\xfb\x95\xeeQG\x1d[0Vi\xe2\x9d\
\x08\x08\x9d\x80\x01\xe6\xc0Yc;\x0e\xb3l\x02`\xb0\
\xd2\xae\x1d\x88\x89\x17]x%5\x12\xde\x81\x03\x85w\
j\x04kX\xcc\xf1\xc7-\xce\xb9\x14P\x08\xfe\x8e\xdb\
\xeeg\x15\xef=\x0eM0\x84f\xc42\xc1\xc6+\x87\
]\x0e\xba:\x22\x8c\x05\x17\x1cu\xd4Q\x0f\xb0\xb1`\
\x0f\xc5\x08\x1d\xc2\xfd\xa0\xf7NG\x85G\x10Q\xa3\x81\
R\xb0,B\x7f\xcb\xb6\xed\xc4\xef~\xf7\xbb'y\x97\
=\x0e\xf9\xbd\x81\x017\xd2\xbc\xf3\xdeo\xbd\xf9\xfb\xdf\
\xbb\xcf\xffj\xc3t\xbd\x1fVxv'\xad\x8a\xaa;\
)t\x1d\xd8\x84\x99X\xce@\xc2\x7f\xfb\xc1\x9c!\xd4\
( \x18C\x0a\xf2\xd1M\x8bns\xdf\xfd\xbf\xceo\
\xb8\xc4\x83\xf0E\xb6\xf0\xc2\xf8\x93f\xb1\xd9\xba\xe1\xfa\
\xc5\xe3aq\xae\x090\xd8\xddt\xcbGP\xfc\xbdP\
\x9a\x89\xd5\x81.\xc9\xb0\xab\x1b\x90HP\xe2\x09\xdb:\
y\x02\x90:q\x87\xf9\xfbv\xcd\x9c9s(\x97\xcb\
\xd5D\x17\x0d%`\xf8\x86\xd9*]0\xaa\xc0G\x88\
Bq\x14#4\x98\x86\xabf\x1a\x8fV\xe7\x1eQ\xa1\
\x89 Z\x88\xec\x0d\xad,\xd9\x00\xac]\xb7f\xe8k\
_\xef\xb55\x11k\xffu\xb55\xc4$\x99\xe3\x0c\xa9\
\x0c\x83\xc8\xb3\x92\x93g\xa5\xc6\x03\xe8\xd5Um\xf5\x94\
\x86\x120P\xa4\x10\xdd\xc0\xd4\xa9S\x17\x85Ql\xed\
`\x06f\xf9\x9d;w\xa2Y6\x12\x13l\x18\x8f\xee\
\xfa\xcaw[N\xffle<\xf1\xe4Orw-\xf9\
|\xda\xd8\x15\xb8\x86\x98?H\x86F\xca49\xf2\x19\
\x0d\xe4\xb6\xa23\x09J/c\xdd\x08\xe9\xb3\xe1\x04\x0c\
\x985\x92\x00\xe9y\x84j\x92\xab\x1aI\xc8RM\xd1\
\x0er.\xfa\x22I\xa7{\xcc\xa6\xa8vi\xcb\x9aW\
\x08\xca\xa3m\x10\x81\xd0\xc2\x043.\xaf7\x18\xdf\xc5\
w\x10\x9d\xb4\xb1\x1eq\xa8\x1c\xc4\xbf\xaa\x12i\xf1;\
\xfc\xb5\xc0\xae\xbd\xe6\x8b\xee\xfb\xfe\xa4+6\x16V\x07\
\xf7\xfaOw\xb9\x9b7\xff\xc6\xd6;*\xd5\x10\x13\x86\
\x04{\x03\xbe\xa3\x0a\x22\xf2\xe7\xe5\xe3\xa5\x1a6\x85\x80\
\x01\x11\xa7\x91\xf4=j\x90!\xec\x92\x89\xac\xaf\xd6\x07\
 \x9c(5e\xca\x14\xc7\x9c\x0cP\xf7\x19\xd7\xa6\xf1\
\x85CR\xb5\x84F\xba\x1cn\xc3$\x80\xdf\x8b\x13\xf0\
\x9bq\x0f\x95\x88\x9e\xed\x09[\xc9xv3f\xccv\
m\xfb$\xd5\xa5\x1ebl\x93\xea+O8\xbc\xbe\xf9\
\x15\xf7\xbaOC\xf2\x1d)U\x5c\xcaV\xc3\xc4\x9b\x91\
z_(\xf8\xdf\xdb\x0aUL\x9bF\xc0\x1aR\x0c/\
\xe3\xeb$X\xb53\x1d\xba\x87\x88\x8f\x05\xbd\x83\xc5\x9f\
\xc2\xfd\x88\xeb\xca\xe6\xa5\x8d\x97\x8d\x22\xc6\x80s\xe9\xe2\
\xf0\xe0\xa6\xb6\x9c^\x8cs\xe1\x5c[\xf4\x16W>\x9b\
\x5cO\xed\xd3\xdc\xb0\x5c|p\x008\xb2(\x22\xe7\xdf\
\xa5\x06\x86\xc9\xcd\x9d\x97\xbd\xd5[\xdex-\x8d\xa4\x80\
\xa8\xe9\x9b\xad\x8e\x95\x03Y\xf7\x9f\xbe{\xb7\x19\xeb\xdd\
\xef\xaf!\xa6K\xe1\xa2\x88\x05\x13n\xcbD\x186\x9d\
\x805$\xedPw\xd1[SM\x834\xe9\x12\x91\xc1\
\xb6\xae:I\xf9\xb0\xbeq\xad\xae\x80IC\xcf\xdc\xd8\
\x96\xb63\xb6\x9e,\xf8s\xa77\xd2\x93\xd8\x0eH\xf0\
\x03\xbc\xb8\xb7.\xbe'\xd3\xd6v\x92;s\xe6\xecX\
L\x0e\x1f\xee\xc7\x17t\x90i\xd0\xf2\x1b[1\xe6P\
\xf3\x9c\xf7\xb7Td\xe1\xb8\x11p\xad\xe0\x07\x09\xb1x\
\xa1pF\xcc\x94\x91\xac\xa8\xef\x0bn\x99\x87\xb2\xb8\xd8\
\x10\xae_\xb2\x10=De\xf8z[\xd5\xdf\x1aU\xdc\
\xff\x7f\xbe\xe6\x0e\xacZ^x'f\xc7\x11\x89\xf1\xdf\
\x8a\x098HK\x99f\xa2\xe6\xb2\xb2\xe3\x08U\x0e\x06\
\xf1\xd6\xe3\xcdq\xeb\x81O\xc7Z%K\x01\xed\xed\xed\
\xf3\x0c\xce\x9d\xa6\xbc\xaa@\xa8<\x81\xe5\xf1\x1f>\xe0\
~\xf63wXG\x1e\x19[\x9d\xc3\xc0\x09\xc7\x9fV\
\xd8\xf6\xbb{\x98x\xd3\xbcr[\x8dx\x81H\x11\xb0\
X\x00\xd5,\xc93\xe4\xb8\x1b\x10\x1a\x09\x9f\x81d)\
\xba#\x8033A\xa3\x16w\xea\xe5\x97\x9f\xb3PB\
\xe6\x1b_\xfbg\x16\xabg\xc5bu\x9d\xf8\x83?8\
T\xd94\xb0-9\xedP\x7ftY^\xb4\xebi\xc9\
\x00\xa4\x86\xc4B7\x0aL\xb4\xca\x88\x84\x19\xb2QM\
\xc5[\x15\xe8\x8e\x80\x22\xf6\xd2&\x13z\xb1\xaa\xc8\x98\
]\xfeU\x8b\x15\xa1\x96\x1c\x5c\x13\x05\xec%Q\x85\x0f\
Z\xb1\xc1{\xa4\x08\x98F\x8c^\x07- zK\x0e\
n\x0e\x9fW\xafy\x84\xad\xa8\x91\xd5$Z\x16\x08\xbc\
\xd0\xdb`\x16\xb0L\x07\xa8\x03\xd6tD\x8d\x80\xb5H\
\xe3\xd0A\x0eiz\xae\xf0\xb3\xff\xf8Q,B\x87\x0c\
\x7f\xe3z\xe9i\x9c\xaa\xb7\x9ag\xd8\x88$\x01\xc7(\
\x18\xc1\xd4\xf3@\xf5\x0c\xa2\xe86\xe8j\x05\x1c\xfa\x07\
3F\x8d-6\x5c%\xcd\xcfx\xdeL\xd4]h\x9c\
\xdeJD\x1c5\x02Vb\x0dbN)\x06\xa0t\xe1\
\x9d;\xb7[\xec\xa2\x8ct\x11A\xe8\xf3(\xcc\xfe\x8b\
\xff\xf7\x94[\xa9@{#`\x1d\xf6V\xdb\xfc\xcc\x1c\
w\xbe\xff\x1c\x84X\x22J\x8b\x8fu\xa3$oX\x05\
\xf2\xebA\xd4\xdcHm\x14\xa3\x00\x1eL\x8b\x98S@\
|\xee\xec\xba\xb4=7\xf0\xf0`\x8e\xbcB\xfaf$\
\xf0\xe8c\xdf\xa3\x07V\xdc\x8b\xd4D\x82K\xac\xad\xed\
\x14U\x87\xab\x9a:\xd2a`\xc6\xcc\xd1\xd1m\xa5\xfc\
\xf0b<M\xea\xf6\xbaL\xc4hk\xbb\xbc\xde\x1e\xcc\
\xb5\x22j\x04\x5c0\xf3S\x0c%\xd6\xf1@\xca!\xc0\
\x80\x09y\xbe\xf7{Z\x90\x98F\x85\xf4\xcdV\x07\xb8\
\xae\x9d<YeQ\xcd\x9c1s\x5cCD\x11\xe16\
g\xce\x1f:FbC\xda\x8c\xac\xf3\x03\xa1\xbf||\
9?\xf7%Hn\xe0\xf7\xe0H\x89\xa1U\xcd$\xe6\
X\x07\x8e>\xb4Za\xa3\xdb\x80w\x80\x22SD\x10\
q\xdd\xefx\xdbYt\xe4\x11G\xb7D|w\xe6\xe3\
=\xe6\xf8\xb2\xa6L\x99R\xd6\xea\x0cn\x0c\x8f\x00\x13\
0\xc2.Q\xc8\x1e1\xf1\xe8=\xb5\x15\xc5,\xc0\xa5\
\x91\x89\xd7H\xf7S\x14#\xb1\x00\x9bb( \xb3\x09\
1\xba\x1a\xc9\x93\x129\xe7%\x8fbT\x8f\xb3\xe7\xce\
c+\xf3\xff.\x94\xa2E\x95\x93\xf6\xf6\xf6~\xf8\xe0\
\xcb}O\xc4\xea,\x16D\xd0\xb1D\x94\xe4\x05:t\
FBc\x11\x02\x8c\xc9\x011\xfb*a\x85\xf7#_\
\xd8\xf5g\xd1U\x8b\xa8\x12p\x0c\x81\xe40cs\x84\
{ \xb0\xa3A\xd5(\xc3\x00Dgdo\xb5bb\
\xc6E\x17\x5ca3\x01\x17>\xa39:\xaf\x02g\xca\
I\x04\x1d\x96,>K\xd2N\x1bO\xb4)\xc9f\xb3\
t\xd9e\xbc\xb77\xdf|\x13\x19zC\x92%\x87\xc9\
x\x0d\xb6\x83\xd6\xaa\x8e$\x01C\x5c\xa4\x18\x0afv\
\x13\xfe\x1b\x1e\xe6g\xd3\xe2\x0c8\x91\xe0\xdf\xb9\xf1E\
\xeb16`\xfd\xf6\xbf_w_z\xe9\x97\xee\xf1\xc9\
S\xecY\xb3\x0ew\xf7\xef\xdfg\x9dt\xd2;\xdc\xa3\
\x8e:\x8e\x8e=\xfa\x8f,t\x83h&N?\xfd\x1c\
\xeb\xf4w\x9e\xe3\xb25\x5c\xdb[z\xa8\x0a\x02\xf6\x83\
\xb93\xb8.\x96B\x1c\xb5$\xb2\x80\x90\xdb\xc0\xad)\
o\x9cMK\x12K\x06\xe7\x80cK\x8a*\xa2\xc0\xfa\
Jq\xeaHe#\xf1L\xb5D\x1eh\xdc\xf5A\x80\
\x1e\xbd\xbcZ\xa9s\xaaY|F\xb5\x88N\x8a\x18`\
\x85~\xd9yA\xb5@A\xb2\xc6\xeb\xecJB\xf19\
\xb8\x94P\xb4\xa0\xab\xb3\xdbiO\xbd\xdb\xa6&\xc0\x9f\
\xe4_\xa9JG\xd8\x00\xd7\x16\x8e\x8d\x84\x96\xb4a\xb4\
\xcdN\x9d:\xb5\xcf$\xe4\xa8\x11\xb0\xea\xfa\x80Xh\
\x1e\xacI\x8aQx&\xb0D\xafX\xb1vC\xe2\x00\
\x0d\xd3\x04\x02\x88\xf8?\x9fZCO1\xfd\x80\x98/\
\xf8\xb3\x0f\x0d\xbd\xfb\xdc?M5:\x0b\xeb\xf3_\xc8\
8/\xfe\xfa\x19[>\x06\xae\x95\xd5\x08\x08A/\xd4\
\xdc\x99\xc7\xff\x22\xe9\xcb\x1d-\x02\xd6\x89\xfc\x8d\xaen\
\xa9\xcb\x82\xa2\x9e\x96\xae\xe0\x01\xcc\x981\xc3iD\xbd\
\xabz\x80^\xbd\x94\xe7\xb8\x99\x1f<\xb8.M%\x1a\
b\xd7\x0b\xe8\xad\xbbv\xed\xccsE^\x00\xdb>\x85\
PL\xafY)\x8d\xf8\xdb_\xee\xbd\x86\xff\xfe&\xf7\
\xdak\xbe@\xef\xfb\x93K\xf0.lj\x00~\xf1\x8b\
\xa7\xdc\xbe\xbf\xbe\xae\xa0\xa33\xe7K\x8ew!F\x88\
\xdeL\xc8\x83(\x04\xc1\x13\xca\xe1\xd8\x17)\x1dX\xaa\
o\x90ITa\x03\xa5Sv\xec\xd8\xa1|\xa9\xe8\xbc\
\xa7g=\x80\xf7\xa3\x94O\x1f\x8bS\xbd\xd4:P\x16\
\xd3+.\xbdv#O\xc7\xe9z\xf5_\x10*\xba\xf9\
\x0d\xb38\x8b&\xd9XC\xbc-\x07\xb8\x81\xd08\x0c\
\xb5\xb9 \xee6Jo=B\x95\xcd}\x04%m\xad\
\xefd\xbfJ?x8k\xdd\xba\xf8\x9e\x86L \xd0\
\x85M\xbf0\x1b\x9b\xe0R\x1aW\x17\x1d|\xd2<a\
\xe7x3\xa3}\xd4Q\x13\xa1uuKW\xcf@a\
B\xd7X\x86u\x10b\xe9\xfe\xfd\xfbWAt\xa1\x91\
\xfaX\xa9V\xea\x7f\xac\x9b\x89a\xfb\xa1\x87\xd6\xb5\xb3\
\xf8<H5bx\xf8\x05\x95\xd9\xb4:\xf7\xa8\x22X\
\xb6\x10;\xc9\xe4i\xd6\x09'\x9cJ3\x99\xcb\xc2\xa8\
\xf4?\xff\xb3\xc5:\xed\xb4\x94\xfb\xfa\xeb\xaf\xd2\xeb\xaf\
\xbfB\xbfz\xf1\x19k\xa3\xf3+p\xc4Q\xd7\x02\x11\
\xa3/S#\x0dP\xe0\xc6_\xfbz\x9f\xd2\x97?\x91\
\xb9\xd9y\xff\x85W\xd8\x142\xfc\xba\xf0xqa]\
B\x18\xe1\x9db\xc9.\xd8\x80\x22\xc5\x81\xb5\xcf\xb3R\
\x81\xecZ\xb1w\xef\xde\xf9B\xa0\x19\xa3\xda\xc7(\x0b\
\xa4\x0e\xa1\xe3\xb5;\xde]\xedx\xb2q'OV\xdd\
q\xeaJfX\xbd\xfaQ\xba\xfb\x9b\xbd\xca\xb5s\xd1\
\xfb\xafp\xcf=\xf7\xbd6\x13\x9fU\xc2\x15e\x99\xd5\
+\x00\x10\x138\xf5\xa3\x8f\x7f\x8f\xb9\xf6\x8b.o[\
_\xee\xbb\x86\xd2\xf3>@\x1f\xb8\xe8\xca\x864\xf8\x06\
7F\x13\xb5e\xd9\xbb\xe8\xdb\xd9;\xed\x1d;\xb7\xd3\
e\x97\x85\x1b~y\xd4\x9c\xe3\xac\x8f^u\x03\x0a\xde\
\xa9\xcf\xcd\xe0\xc2\xba\xca*J\x15S^\x1dB\xbbX\
\x1b\xc7 }2\x10\x8f]\xf8\x0d\x91\xe2\xc0\x06\xc7i\
\x08\x07\xd6\x06!\xd4\x88.\xe7\xbc\xe7\xf3 \x05\xa4\xc7\
\xdb\x90f<\x0f5#\xb3\x05\xbaj\x01\xfa\x8d7T\
\x9b\x11\x9a3\xe78\xf7\x96\x9b\xee\xb0\xea-\x0c\x0fb\
\x86x\xfb\xcc\xb3\xeb\xb5\xe8\xed\xdep]\xaf\xd5\xc8\x1a\
^\x88\xa7^\xb6\xfc.:\xfe\xf8\xd3\xdc\xaf\xdc~\x7f\
\xd8\x1d\x19G\x15\xbccd\xc2(\xe5d\x10*\x18\x06\
\xea}\xab\x98v\xffy\xa26\xa2\xfe\xf4P\xb1\xfa\xd3\
\x91\xe2\xc0<\xf3\xcc\x93Y\xa8Q\x01\x00 Z\xb7R\
\xe4\x0d\xb5H\xea\x1e*\x94\xc8\xf3\xa8\xd9&\x00N\xf9\
\x0e\x16u?\xf7\xd9;Cy\xa6\xe0\x8c|-S\xc4\
\xb5\x96\xdf\xbf\xc4a\x02\xb6\xa9A\xb8X\xb8\xfc\xe2\xbe\
k\xac/\xfc\xe5\x9f\x0f\xfd\xed_\xff\x83\x1d\x22\x11[\
\x1f\xffX\xcf\xd07\xbf\xf5W)\xf9\x9ce=\x94j\
!b!\xda\xc5P\xc5\x98\xab\xa6\xb1O\xde\x9f&\xd4\
,\xb6\xf9\xbd\xe6\x84h+vs\x88Z G\xa1J\
B\xb9@\xf3Z\xc1\xe2(f9\x0b\xb1\xab\x15\xfc~\
\x98)\xc7\xdd\x1a-3\xb7\x12}U\x00\xc7\x81\xaa\xbe\
\xae8\xd7\xefv\xeft\xaf\xce\xdc\x14\xfa\x84\xa8E\xdc\
gXGeK\xb5M\x0d\x86\x9a\x84n\xbe\x93n\xbf\
\xf3\xe6\xd4]_\xfd\xbc{\xd3\xa2\xdb(,\x9c\xff\xde\
\xf9\xa9g\x9eY\xeb\xfc\xfb\xcf~h\xcb\xae~\xb6\x97\
\xac\xa9F\x1f\x86}\x85\x89w\xa5\xc4K+b\x05W\
\x95b\xffN\x00\xa6Q\x14\x91\x22`\xd3\xfa\xcc\xdb\xd0\
\x11B-l\x87\xeet\xb0\xf2\xa1`<O\x10C\xc5\
&\x08&n\xf4#J\xf1,9\xee~hm\x95g\
\xb8\x93\x88\xe6\x07\x95\x9fU\xee-\x1b\x9e`m>\xff\
\xfcK\x1a\xdaO\xe9\x1dM\xec\x18q\xce9i\xba\xf8\
\xc2+\xa1\x8b[\x17\xfc\xe9\xfaP\x8dh\x9f\xf8\xf3[\
\xac\xa7\x07\xffCw4\xb4\xaa\xd5\x87\xd9\xbe\x02?.\
D\xe6t\x98\x1d\x1d\xa2\xe6\x07VQG\xd86\xbb0\
\x84\x09\xe9\xf8\x007\x12\x88c\x81\xc4\x1a[\xa2\xabt\
\x83x\xf9Xo+\xd4\xa36\xfc\xe2\xbd+W\xac\x87\
\x07\xa9\xb7\xdc\xf9\xd0w\xef\xfeF\xder\xeb\x07\x5c@\
\xd0S\xed\xb6S(\xea\xa5j\xc5WL\xdf\xfa\xc6?\
\x87\x1a\x13>8\xf4\x84\xf3\xd7\x7f\xfbi[\x7f\xae&\
B\x0b\xfez\x8c\x9d\xb0\xed&\x91J'490\xca\
\xacR\x03 /\x04&zX\xbcW\xc3H$\x04\xbd\
D\xba\xcf%[\xa5\x98<\xc2\xec\xb0\x0eR#\x0c\xc4\
\x0b}\x17\xc4\x0b\xff6K\x10\x19,$\xc5\xf1\xc0\x8d\
o\xff\xca\xcd\xf4\x177|@\xe9\xae\xe3Q\x15#,\
\xa0\x18\x00tp\xf6c\x87\xaa\x1a \x94\x13\x1c^\x83\
\x9f\xe32_\x81\xfe\x92\x90$\x05\x9b\x0d\xa0=\x14\x22\
\xa2\x96\x0f\x5c\x00?\x90\xd0\xad\xd0\x1a\xc8\x04A\xe8\x1c\
\xaa\xf3\x83\xf3ba\xa2=\x1cn\xa3VjP\xae\x09\
\x17\x12\x82\x97(\x1d\xff\xbci\xf3\x7f9 \xde-\xcc\
\x95\x90\x22\x87\xf6 |\x1f\xb0h.\xd7\xf7\xc9\xfb\x17\
h\xf7\x5c\x8e\xfd\xc1 d\xb8\x85\xa2\x08\xe8\xc3\xc8/\
~\xea\xa9\x1c\x85\x8d\x05\x99\x9b\xdcY\xb3\x0e\x1b\x92\x8f\
\xf6\x95W\x5c\xbb2\xc8\xf7\x10\xfa\x08I\x09-I\xc3\
$\xe2H\x11\xf0\xbe}\xfb\xf4\x83\xc3\xe0\xddJ\x0d\x06\
\x88\x15\xc6\x85Z\x0d\x0c\xcd\x82H&\xfe\x89\xc5a\x1d\
\xa3\xf7\x8e\xbbni\xbf\xe1\xd3\x97\x80\x03\xe3x\xa6\x98\
\xf4\x80\xfb\xe4\xfdY\x88w\xd0\xd1\xc0\xa1A\xcck~\
\xfa/YV\xb2r\xd4\xe2x\xe9\xe5\xe7\xdc\x1f\xff\xdb\
\xc3\xa3\xee\x1f\xc1$\xafoi\x88\x14a]\xf6\xa1O\
\x16\xb8\xee\xb3\xcf>\x9df\xf7\xdd\xb2 _\x04\x03\x10\
\xbb\xc5\x92\xb0\x0a\xe3E\xca\x885e\xca\x94\x94\x91\xbc\
nS\xde\xeds0CwZLy\xfbi\x15\xdb\xb3\
P\xe4\xdd\x99<\x89\xfa\xff0\x99X\xa3#\xcb(\xff\
\xacz\x82\xb8>\x8c|V\x0c8Z\xb1\xe2~\xa4(\
\xa6\xe8MJ%&\xd3b\x0a7\xf6\xd8Mx\xd43\
\xf5P\xca\xed\xfd\x1d\xf5S\x8dYTs\x8e:\xce\xba\
\xf3\xae[\xe8\x89'\xfe\xcd=\xf5\xd43`h\xb2\x11\
X\x92L\x86\x1f@\x02\x5cx\xe1\x15\xf6\xea5\x8f\xb9\
/\x0f?gA%a\xf5#\xb3q\xd8\xcb\xb5%\x13\
\x15\x9f\xef\xec\xd9\xb3\xdb\xd9\x854(5\xa6{\xa9N\
DV\x84\x8e1*/\xdaM\x9e\x94\xe8\xb7OL\xb4\
\xdb'$\xba@\xbc\xf09j\xe2\x15\xb1\xb9f\xbd=\
\x99L\x0c%Of\xb7\xc7^\x0a;#\x07\xa2\x7fv\
\xef\x1e\xe6\xf2\x89\xda\x8b\xf1\xa14\x0f\x5cV\xfb\x0f\xec\
\x03A\xd9 \xaa\xf7v\x5c\xcc\x16\xe9\xab\xa8Q\xf8\xd8\
Gn,l#pe\xc7\x8e\xed\xfd\xc3\x83^I}\
\x18\xef\x03\x5c\x97\x89\x17\xd9bx'\xbd\x14\x02\x22[\
\x91CbBCu#E\x0d\xe5\x92:\xd8\xe7\xa8\x89\
\xb7`1\xc7\x00\xe2\xcfg\xd4\x9aK\x8d\x9a[\x1b_\
\xf2z\xbd|\x88\x9fMa\xc1\xab\xffZ\xca\xef\xbc\xf8\
\x1ej\x16N?\xfd\x1c:\xf5\x94\xd3\x87\x9e\xff\xd5/\
R0\x98=\xfe\xf8\xf7\xad\xcb?\xfc)\x94\x99-L\
\x94\x90\x80\xb0FV\x1b\x13.b\xea\xd3\x92 \x83l\
\xba\xba\xa3\xb9\x80\xc8\xf9\x81\xb5\x08\xdd\xc8\x8c\xa4\x08\xc1\
\xf5\xad\x15\xd0\x82U\x02\x06\x0a\x8d\xd3e\xdf\xc2Rq\
\xe4\xe0\x10XWJ\x97l;!\xd17\xfc\x9c\xb7<\
q\x88J\x9c\x18\x8aZ\x19\xdb*\xa0\xed\x0av\x89\xe3\
\xd6\x17>\xbf4u\xed\xf5\x1fT!\xa3\x08\x1d}z\
(\xd3#\xaeNU:\x07\xe5r\xfc\x90\x82\x14x\x1f\
Y\xe3\xef\xe4\xa8\xc6\xfe\xd6\x91\xe5\xc0l9\xdd@1\
\xc6\x88l\xc2e\x17j\xe2\x05a\xf2\xec\xdfK\xf9\x9e\
\xca\x884\x1b\xc5}\xf5q\xe1\x10\x03\x94w\xa1\x95\x05\
81\x1bn\x06\x12p\xb5\xc1\x1b?1\x89x\xc0\x9b\
D}\xb4\x87\x89\xce(\xd5\xfb\xfa\xeb\xaf\xba\xbf|\xee\
i\x0b:\xb6\xce\xdc\x02\xc4\xb7nK&[N\xca\xe1\
\xe8k\xe98\xe7\x01=\x81\xf2{\x18\x92\xaa\x1b\xfa\x1d\
\xa6\xd9:m\xb3\x8e\xbc\x14\xb9\xe8A\xa3\xbc\x22E\xc0\
\x93'O\xd6m\x1e\x91\xd8\x8c\xaa\x7fCt\x10\x03:\
\xb0\xe4G\xab8]\xa4[\xc28br^\x16\xa53\
$\x0d\xd1A\xbcfWG_\xee\xb3+\xfd\x7f\x0a@\
\xb2\x04\xa2\xd3\xfc\x7f\x17\xdf\xbb\xf5o\xae\xb7\xae\xfd\xe4\
_\xf6\x1e\xf1\x96\xa3\xdb\x13Sx\x80\xb7p\x11\xbd\x1a\
\x91I\x1c`Ua\x1a)\xee\x0a?\xf9Z^\xde\xd8\
\xb2\xa9p\x9fxf\x94\x8f\x8bG|@\x8e\xd7kJ\
\xb9\x19\xf9\xdd,,b\x87\x18\xc5q\x11\x98\xc3\xefc\
\xablc\x02XZ)\xf7<R\x91X\xbaS:\xb6\
\xd1-\x8e\x1fH\xa4\xdb\x89\xd4\x0b\x1e\x14\x83B\xbc\xd9\
Y\xb3f-\x12\xeb&f\xf7vI\xfe\xd6\xf5\xb2@\
\xbc\x1d&\xf1\x0a\xe7\x85\x18l\x17;\x0e\x91\x9b\xf2\x84\
?\xc6\x00\x86\xb6\x22\xf8\xde\x99\xa9\xf78\xf7\xfd\xc3\xdf\
'\x87\x7f\xedex\x1e\x09\xe4JiU\xec\xdc\xb9\xdd\
\xdd\xbd{W\x818u4\x9a\xcet\x02\x84\xab\x0e\xb1\
\xf4\x07=\xd61C\x22\xc5\xe2\x9f\x92^\xc263\x98\
3$jO\x17\x1e\xb4\xa4\xb6UN\xbe\x82kl4\
#\xb9x|\xdb(\x14\xaf\xf3\xce\xb1\xafRf\x5c\x94\
\xcb\xca:\x14\xa3\x00&\xc6%\xbcB\xd0I\xd2\xe0\x02\
\xba\xbfO\x7f\x11\xe2\x05\xc1\xd9Z\xac\xd6\xc7%E\x11\
\xd7J\x0ba\x8f\xeaJ/\xb1\xe06\xb6\xd7\x0f\xfe\xcc\
\xc5\xa4\xba\xe0\x13\x1d\x03\xcb\xee[\xed(7Siq\
\xdaev1$\x06+\x9bZ\x00\x1b~\xf1\x94\xbb\xfe\
\xe9\x7f\xb7\xfc\x9c\x15@ \xc8\xe5\x97}\x8a\xfe\xe5\x87\
\xdfW\x12\x9f\xec\xce\xf2\xb2\x86\xdd\x99\xd8\xd7\xc1\x13Y\
\x8f\x10\x1b\xf4]u\x8e\x88\xd0d\xb8;\xc9\x10\xa5\x81\
\xb4^K\xbd\xe8Bz\xa2eY.KLP\x0d5\
\xe1WLr\x88\x22\x01\xab\x07\xaa\xc5\xc6\x18\x0a6\x89\
\x85S\x13\xa2\x84\xf8e\xb0\xed'B!\xf6N!\xde\
\x0eM\xf0\xd0\x9f\xf9\xb3\xeaF\x00\x09\x07\x22\xb5>&\
\x84\x0d\x11}\xa1\xbe\x0e\xde\x01$\x22\x94\x1a\xba\xf4\x8a\
\xb9\xca\xe8s\xd4Q\xc7\xb9s\xcf:\xcfB\xfd,\x04\
S qb\xe6\xec\xd9\xce\x8f~\xb4\xb2w\xd3\xa6\xe1\
\x0d\x97\x5cr\xb5u\xe5\xe5\xd7\xae\x1c'\x91\xdb\x91\x9a\
\xd9\xf6_\xfd\xcd\xa7\xdd\xa1\x0dO\xd8\x94O\x90\xefg\
\xa2\xa4\x0b/\xb8\xcc>t\xe6\xec\xd4\x1f\x1dw\x82\xfb\
\x9es\xcf\x1fZ\xbb\xfe\xa7\x1d\xc9\xe4\xa9\xf37m~\
\xa5_8b\x86\x97\x9e2\xc4Y\x0b\xfa\xf9\xb9\xa7\xcc\
\x14\xc3j\x10)\x11\x1a\xe0\x19K==S\xcf;X\
a\x88\xd0\x0a\xa8L\xc9\x22\x99\x22VS|6\x03\xe8\
uY\x22\x93x\x0d\x8e\x8c\xef@\x9f\xeb\xe1\x99_\x19\
\x09E4T\x05\x0c\x8c?\x0d#\x0d\x0c^\xba\xecj\
Z\xd7\xa7\x0e2\xb1\xce\x981\xdb\xb5\xdbN\xb2:\xd2\
\x1f\xa0F&\xfa\xfb\xe0z\xdb)\x998\x8cV\xde\x7f\
\xff\xdf[O<\xf9\x93\xd4\x87.\xc9d?\xf1\xa9\x0f\
\xa9\x8c\x22\xb3`\x22\xafa[\xb00\x89IM4w\
\xea\xd4\xa9\x1d0,\xa1B$z\x07C\x0aa1\xd9\
\xd2\xe7R^\x9a\xb1)\xcf\x5c\xaa\x9a\x9cD\x97V\xe2\
\xb9'\x9d7Q\xb6\xc9\x0bP}5\x8a\x1c\xd8\xa1\xfc\
C\xb3\xe9 \x87\xcf\x956\xa0\x89\x17\xe0\x97\xdf&\xdc\
\xa1\xdf\xf7\x9d\xc5\x86AK\xe9\xc9 ^\xe1*=\x86\
\xcf8\xcd\xab4\x13\xaf\xaa\x09&\x83\x0c\x5cyi\x11\
C\xcd\x98\x89\x14\x12\x00R>\xbd|\xa7{t&\xb0\
5q\xef\xda\xb5\xbd\x13V[,\xabs\x8f\xd0\x0d\xd7\
\xf56#\x03*\xff\x9b=b\xce\xfb\xf34&\x8e\xf3\
\xff\xe4\x12\x93\xd0\xb0\xad\x8a\xa8\xb3=!\xa7\xddih\
`\xc6\xbf}%\x82bX\x0a\xe92\x8cz%c\x10\
D\xfa\xb1\x85\xd0\xb7I\xd8\xaf\x8dc\x92R\xe8\x18\x7f\
s\x83\x14\x7f/\x80\x9f\xfd\x12/`q\x95(\x12\xb0\
\xd65\xd2t\x90C[\xa1\xc9W'\x09\x80\x81D\xd6\
\x05b\x93\x81\x05\xce\xba\x1a\xa2\xb6\xb8\x9c 2\x83\xeb\
.\x90}i\xb1d\xa7\xe5k8\xd6[m\x0e\xab\x10\
\xb9\xfe\x8e\x1a\xa0\x067\x1f\x89%f\x22\xbe\xfb\x1b\xbd\
*\x92\xaa\x91\xf0\xf6\xb3{\xcc\xe2\x7f\x07\xa8\xf3\x8f\xff\
\xf8\xcf\xdc\x95\x03Y\xeb?\x9e\xfc\xb1\x85\x1e\xbf\xd0A\
\xf1\xfc\x98P;\xf9y-\xe4\x09m\xa5\xee\x8c\x80\xef\
\x0aGEJ\xe9j\xbe\x87\xf6J.\x1e\xb9w\xbf\xf5\
^\xeb\xb2e\x9f\xa3<\xa3N\xf9X\xd6'\x0fD9\
\x12\xeb\xa0v!\x09\x87\xb3\xe5\xa3\xe3\xe7\x8a(\x00\xc8\
\x83\xd21u49G\x0d\x0e\xe8\xb4|\x1cF\xae\x02\
\xd7E\xe7\x0bX\x9d)o)E\xba\xe1\x18\xeeP\x0f\
\xf6\xee\xdd\x9b\x86\xb8\xed\xdf/>\xd4,5\xa8\xa6\xb5\
\xc2.r&\xcdf\xab:ov\xcd\xef\xb6NH\x9e\
\x86\xba\xcf\xea\xef\x22\xa8\xc2\xcb7\x1csD\x8c\xc5g\
\xb8*!\xa9\xa4\xc40\x95\xe6s\xd3|\x0f\xc8>j\
XMr)\x14`c\x1bbt\xa5\xf3#\xa7\x03k\
\xbd/\x88~0\xd1\xc1\xcfbX\x88\xb8h\xab\x99j\
\xcb\x0e\xc1\x8d\x81~=aV\x8c\xd00\xb8}Q\xa0\
@\xc3\xf0s,Q\x1c\xc2\xee\xa8\xf0\x03C\xb2\xde$\
Z\x94\xf0hP\x87mz\xfb\xa8+yJb\x00\xf7\
\xcc\x1f\xcf`bM\x8b\x88\x9f6\xbf(\x84\xadK\xdf\
\xc0~\x90jTYa\xa3l\xb2\xca\xd9F\xdag\xa5\
\xefD\x8e\x03K\x0el*H\x12\xfb\xc1\x02\x19\x5cc\
Pm\xee\xb2X\xb0\x1d\x0a\x11R\xe9\xb3\xc7\xf3\xbc\xb2\
\x86\x1d\x18\x87\x92\xa7)\xa9\xaa\xe37\xc3\xde\xbc\xfd\x1e\
\xeb\xee\x1e\x85\xe2i`\xae\xbb\x81\x89w\xb5&^\xa4\
Y\xdaL\xbc\xd86\xeeyT\xf31\xd1\xdf\xc1\x85a\
\xad\x07q\xc3\xc0\xe5\xc8\xb3\xee\xe1\x09i[\x98\x05\xfe\
EuY\xa2~o\xdeF\x11\xc8@\x1bE+4\x22\
\x87\xd2\xd8\xae\xe4\xe4\x9e\xe8@#i\xca\xeb\x93Y\xe6\
`\x15g\xebf\xc3\x0c\x16\xa9pj\xd12\xc1\xc3/\
x\x99\x06\xa40f\xed\x13\x12U?+\xb3\xf2\x86\xb4\
7Q>\xf40Z\xfc\x98\xd2I\xb1\xa0\x9ar\x88t\
\x7f`\xb1p\x1e\xcc(\x04\x0f\xb4\x0a`\x84A\x81|\
X\x9d\x99x\xa1o\xdb\x01\xbeVT\x82@\x0a#\x8b\
\xd5\xb9)\xd3\xa9\x8d9ro\x9d\xa25\x1b\xa5hA\
\xf2\xc4<\xe7\xad\x16\xa64\xc3\xc4\xdc\xc1\xfeo\xa5\xca\
\xc1\xfd\xc4\xb6\x82E\xb5Tj\xd1F=\x9f\xc1pA\
P\xe2\x05\xa2H\xc06\xc5\x18\xc5\x11\xc6\xd3\xa5&\xa2\
_\xb7\x84\x10v\xf2\x80\xb4\xfd\x91H\x15\x80\xfa\x5c%\
\xc5E$NP^\xc4\xed0td-Z\x97\xcb\x16\
R\xc7Y\xc4\xccN\x9aD\x03\xfb\x5c\xda\x90l\x0f'\
\x83\x0d\x04\x06\x89\x9f')\xa5\x1e01\xa7\x99\x90U\
+\x9e \x84,\x84\xbb\x98\x97\x8c\xde\x17T\xe7\xf5#\
\xb2~`l\xc0\xcfF-P\x9f\xb9\x05\xd0\xd4g\xa0\
\xb9\xac\xe8\xb66\xf6\xe9\x10\xc2 \x10\xf7LV|\xca\
\x0e\x05\x84\x10s\x07\xb6\x91<\x0f\x82\x84\xbe<\xea\xda\
\x08\xa4\x90\xe7\x81\xc2\x06\xd4 \x08\xa1.B\x8b\x1dt\
\xf3\xe0\xed,\x132\xdcpK!\x06O\x9d:u\xc8\
t7A\x9d\xd8\xbe};\xdcT\xf3|\x84\x0b\xbd:\
S\xab\xe10\x16\xa1#\x8a\xe9\xd3\xa7\x17\xf2M\xbd\x06\
\xf5\x8a2!\x03\xb0\x1b\xa21\xff\xdd\x9ejC\x08u\
\xe6\x0e\xdcT\xbcl\xa8\xb78\xa0\xe6\xa6A\x89T\xdc\
f\xe0\xdcm~\x89E\xeaT\xd9\x22E8d4\x10\
0\xa1}\xea\xa6A\x8e\xf7\xc1\xaf\x9e\xa3\xbc]\xc6\xd6\
\x86(\xbc\x1b\xf1%\xabk\xb3:a\x95xf.?\
\xd3^t{\xf0]\xd7\x92\xe4\x09|oA\xa9\xf2\xb5\
Q\x8d\x85V@\x8d,\xa2\xd6/\xba\xd6\x08\xa0\xca\x83\
\xden\x94O\x5cGc\xf1\xa0\xee\x96\x01hU\xabo\
\xcb\xe4\x92-\x11\xc1\xd5\x14@\xdd`\x82\x82\xab\xa8\xad\
\x98\xba\xa1\xf7\x81\x80$,T\xf7\x85v%\xa3\xc8O\
\xb8\xae\xae\x17\xae\xcf\x91\x1c`\x9c\xeb\xc8w\xd3d\xc4\
\xec\xebL&9?\xad\xaf\x99\x18\xdd\xac@\xffMG\
&<\x15@\xc2\xef\xda)uo\x91\x8d\xc4\x02\xa4\x83\
[\x8e\x0eBH\xa1y\xb5\xcd\xe2Z(\xa2\xa2n\xb8\
%\x16\xd1\xb47R\xfd\xa4\x9a\xcbh\xa2E\xf2\xfa@\
#|\xca\xd5B&\x8e\xe5\xd4`\x885\xb9M>f\
\xf5~!L=\x11Xz\xc2-\xe1Z\xc3>\x88\xda\
*\xb0\x04\x12\x01\xbf_\x0bj\x0bK]\xae\xbfbJ\
Tu`\x0d\x8bb \xc2\x09\xb5\x98\x02\xf9\x0dM@\
\xac\x94A\x04b=C\xac\xc6UCs\x17\x10,\x5c\
+\xad@\xb4\xe3\x01\x11\xbf\xfd\x22\x8a\x8b\x888\x89\xea\
\xc2q\x10\xb0c\x10\xaf)6\xe38I\xa2DJ\x8e\
\xa5\xf9\xfb\xe8\x0dl\x89X>\x00\xb1\x9d\xcf\x19\xc6\xc4\
\x1d9?0\xc4:\xbe\x99e:9\x1a\xc1\xe7,J\
;\xe3\xd1xy\xbca\xf8\x81\x03\xb7\xbc\x94|^H\
.6Q\xedn\x19C4^\x15f\xb8e\x8c\xe2\xd0\
\xc1%\x22\x92\x17\x12C\x22G\xc0\x1a\xba\x97\xaf\xb1k\
@\xd6\xd0!Poh\xc3\xcc\x993\x87*\x15i\x8b\
*\xcc>Q|\xbf\x0bf\xcf\x9e=\xe0\xbfW]%\
\x02\x04k\xe8v6U\x09\x09'T\xcfU\xb8\xec\x86\
\xf1\xd2gc\x8cFd\x09\x18hoo\x9f'3\x91\
.A\xa2\xc5\x8e\x02\xc4\x0a\xe8P\xde\x02\x8a\xed\x0d\x18\
\x8c\xe0\xda\xc5t\x8a\xa8\xc0\x8c\x9b\x15\x80\xb0V\xf1>\
\x88\xd3c\x9eCP\x888\x8ck\xb9R\xe7ic\xcc\
a[\x17\x91&`?t\x1e&\xfb\xe3t\x0e\xabM\
#\x09\xd7E\xa1\x83\xd5\xc5\xd0\x80\xdc\xcd\x81\x193f\
8\xadN\xd8(\x92\x16$[%\x08\xb48\x8cd\xf2\
\x83U\x7f\x8d*&\x14\x01\x97\x02\x02\xe5)\x9fT\xde\
)\x15\x16\x82B\xe7u\xba\x12\xc4\x8e8X5\xc0\xe1\
\x97+e\x19l\x06L\x11\xbaZ\x18\xc9\xf9\x08\xe0w\
bq8\xba8(\x08\xd8\x0f\xb3b\x82\xa4\x87\xa5=\
\xa3\x12`\x0d\xd0\xfe\xbb\xc2g\xb1\xca*b7}}\
\xb0F\xa2<.\xb6k%~\x09_\x84\x94\x11\xd8j\
,\x13P.\xd6a'\x16\x0eJ\x02.\x05\xdds\x98\
\x07\xf8\xe1b\xc6G\x98\x9e\xd2'\xeb \xeeJph\
\xc4\x97\xad\x93\x13\x14\xd7\xa7\x91@\x00K\x82\x0cl\xf3\
\xbcR\xd0z\xbf\x97\xaf{\x05\xf5 w0gmM\
d\xc4\x04\x5c\x05@\xe0\xe0\xd4\x08'\x84OO\xea<\
\xa5)OP\xaea\xe5m\xaa\x7fZ\x0cO9\xb1\x12\
gcb=x\x10\x13p\x83 ~;\x145C\x9e\
\xab\x8e\xce\x81\x08}8\xefG)\x1bK\x9c\xf9e\x8d\
l>\xe4\xc4\xe8\x06\xd7\x10R\xcf`u\xde\x8a\x98\xf0\
X$\x8e\x11c\x9c\x80\xb2.bhS\x84\x0f\xf7\x98\
N\x174\xd3\x06c\xc4\x88\x11#\xc6\x04\xc2\xff\x07\xc0\
\x9b\x98\xcdz\xd9\xe7\x81\x00\x00\x00\x00IEND\xae\
B`\x82\
\x00\x000\xdd\
\x89\
PNG\x0d\x0a\x1a\x0a\x00\x00\x00\x0dIHDR\x00\
\x00\x010\x00\x00\x01b\x08\x06\x00\x00\x00q\xbd\x84\x0f\
\x00\x00\x00\x09pHYs\x00\x00\x0b\x13\x00\x00\x0b\x13\
\x01\x00\x9a\x9c\x18\x00\x00\x00\x01sRGB\x00\xae\xce\
\x1c\xe9\x00\x00\x00\x04gAMA\x00\x00\xb1\x8f\x0b\xfc\
a\x05\x00\x000rIDATx\x01\xed\x9d\x0d\x94\
\x15\xe5\x99\xe7\x9f\xfe\xa2\xbb\xa1\xbbiZ\x88\x02fD\
4\x09\x08IH\x14s&\x91]\x12\xd0\x8d\xee\xd1\x80\
\xb3\x81\xcd\xee\x0e\x8d\xd9\x931\xbbb\xd0\xb3\xf9\x10w\
v\xc0\xcd\x19\xda\x9d\xc9\x9e\xe8\x8ag\xcd\xceI\x22d\
g\xf7h\x12!\xf1L\xccj3\xea`r6A'\
\xc4\x88x\xfc$*\xe0\x07B\xd3\xdd\xd0\xddt\xd3=\
\xf5\x7f/o\xa7\xfavU\xdd\xb7\xeaV\xd5\xad\xf7\xd6\
\xff\xe7\xb96\xf7\xde\xbau\xeb\xde[\xef\xbf\x9e\xe7y\
\x9f\xf7yj\xa4\x88\x05\xff\xe9\xc8\xf2\xb1\x9a\x9a\xcf\xd5\
\xd4\xca*\x19\x93yB\x08!\x15dLd_\x8d\xd4\
\xec\x93\xda\xd1;^\xf8o\xb3\x0f\xba\x9f\xab\xd1\xff\x98\
w\xcbk\xed\xcd\x0d\xcd[\x9c\x8d7\x0a!\x84d\x90\
\x9a\x9a\xda\xbb\x06N\x9f\xbc\xe3\xe0]\x17\xf6\xa8\xfb\xf8\
\x1f\xc4\xab\xb1\xa1\xf9q\xe7\xce\x12!\x84\x90\x0c\x03\x8b\
lhx\xe0\xd3\x10\xb1Z<\x00\xcb\x8b\xe2E\x08\xb1\
\x01hU\xf3\x94i\x9b\xd5\xbf\x17|\xe3\xc8<\x19\xad\
yM\x08!\xc4&F\xc7>]+\xa3\xb5\x9b\x85\x10\
B,\x03\x93\x8d\xb5t\x1d\x09!6RS#\xabj\
\xc7d\x8c\x02F\x08\xb1\x91y\xb5B\x08!\x96B\x01\
#\x84X\x0b\x05\x8c\x10b-\x140B\x88\xb5P\xc0\
\x08!\xd6B\x01#\x84X\x0b\x05\x8c\x10b-\x140\
B\x88\xb5P\xc0\x08!\xd6B\x01#\x84X\x0b\x05\x8c\
\x10b-\x140B\x88\xb5P\xc0\x08!\xd6B\x01#\
\x84X\x0b\x05\x8c\x10b-\x140B\x88\xb5P\xc0\x08\
!\xd6B\x01#\x84X\x0b\x05\x8c\x10b-\x140B\
\x88\xb5P\xc0\x08!\xd6B\x01#\x84X\x0b\x05\x8c\x10\
b-\x140B\x88\xb5P\xc0\x08!\xd6B\x01#\x84\
X\x0b\x05\x8c\x10b-\x140B\x88\xb5P\xc0\x08!\
\xd6B\x01#\x84X\x0b\x05\x8c\x10b-\x140B\x88\
\xb5P\xc0\x08!\xd6B\x01#\x84X\x0b\x05\x8c\x10b\
-\x140B\x88\xb5P\xc0\x08!\xd6B\x01#\x84X\
\x0b\x05\x8c\x10b-\x140B\x88\xb5P\xc0\x08!\xd6\
B\x01#\x84X\x0b\x05\x8c\x10b-\x140B\x88\xb5\
P\xc0\x08!\xd6B\x01#\x84X\x0b\x05\x8c\x10b-\
\x140B\x88\xb5P\xc0\x08!\xd6B\x01#\x84X\x0b\
\x05\x8c\x10b-\x140B\x88\xb5P\xc0\x08!\xd6B\
\x01#\x84X\x0b\x05\x8c\x10b-\x140B\x88\xb5P\
\xc0\x08!\xd6B\x01#\x84X\x0b\x05\x8c\x10b-\x14\
0B\x88\xb5P\xc0\x08!\xd6B\x01#\x84X\x0b\x05\
\x8c\x10b-\x140B\x88\xb5P\xc0\x08!\xd6B\x01\
#\x84X\x0b\x05\x8c\x10b-\x140B\x88\xb5\xd4K\
\x8eik\xae\x95{\xd6M\xf7|n\xef\xab\xc3\xb2\xed\
\xb1~\xa9\x16V_\xd6,\xab.m\xf2|\xae\x1a>\
\xeb\xa6\xebZe\xc5\xa2F\xcf\xe7Vv\x1d\xf5|\xfc\
\xf2\x8b\xa6\xc8\xd2\x0b\x1b\xe4\xde\xee\x93RI\xfc\x8e}\
\xf7\xfe!\xe9\xfai\x9f\x10\x7fr-`\xadM5\xea\
$\xf6\xe2\xd0\xf13RM\xcc\x99Q[\xd5\x9f\x15\xbf\
\xe5\xdc\x19u\xbe\xcf\xf5\x0d\x8e\x8d\xdf\xc7v[\xd7\xb6\
\xc9\xe5\xf3\x0b\xdfG\x8d\xf3\xdf\xb6\xee\xca\x09\xb8\xdf\xb1\
\xe3q\x12L\xae\x05,*8\xd9\xfc\x06K\x9c\x1c8\
<<a\xe0\x11\x7f\x82D\x18\x96v\xdf\xe0\x19%\x08\
\x1b\xaej\x91uWL\x9d\xf0\xfcMWM\x93\xde\xc1\
Q\xd9\xf1\xd4)\xc9\x12\xbd\x03\xa3B\x82\xa1\x80E`\
\xd5eM\xb2\xe1\xca\x16I\x9au\xf7\x1dS\xee\x1d\x89\
\x07\x08\xd9\x8aK\xbc\xddL\xb8q/\x1c\x1e\x91_\xbf\
zZ\xb2\x02/^\xa5\xa1\x80\x91\xdc\x00+\xed\xe6\x1d\
'd\xfb\x8d3\xa4\xb5y\xb2{vO\xe7t\xb9\xfe\
\xaec\x93\xac\xb9M\xd7\xb6\xca\x829\xe5\x0d\x15\x88\xd1\
\x86\xed=B\xe2\x85\x02F\x02\xe3Ga\xc9z<\x0d\
n9\x02\xe3\x88\x81\x15\xa3&u\x1c\x11\xeb\xbc\xef\xf8\
\x04\xebg\xc1\xdc\xfa\xf1xYT\xaa-\xa6\x9a\x15(\
`DV.nR\xb78X\xf8\xf5\xb7\xa5\x12\xf4\x0d\
\x98\xbb[;\x9f\x19\x909\x1d\xb5\x93\xc2\x00\xbf~\xe5\
\xb4\x9a\x8d\xa5\xebf\x0f\x140\x92*\xb0\xf6`\xe9\xa4\
\x89\x97u\xb9\xeb\xe9A%\xda\x0bf\xd7\xcb\xa1cg\
\x94p\xe9x#\xb6G\x00\x9dB\x96}(`$U\
V,n\x94\xae5\xd3%M\xb6\x7fyF\xe0\xf3s\
;\xea\xa4k\xed\xc4c\xda\xf9\xf4\x80\xdc\xfe`\xaf\xc4\
\x09\x84\xb1{\xd3L\xe3\xeda!F\x99,\xca\xd3\xe4\
O.\x04\x0c'p\xd8\x18\x06\x12?q\xf3\xe2\xf2\xbf\
xG\x9d\xe0\xa6`\x80\xec\xb8\xb1\xc3\xf39\xc4Fp\
\xc2y\x11\xc6-\x22$\x8f\xd0\x02\x8b\x00\x5c\x8b0\xee\
\x05\x12%\x838|\x9c\xf9>Yf\xf7sC\xca\xcd\
,f\xe5\xa2&\xcf\xd9\xcc\x03\x87\x86\xe5\x85##\x13\
\x1e\xe3\xc5(\x19(`D\x0d\xce,\xe5?e\x0d\xbf\
\x04\xd7\xcb7Mq\x04lr|m\xf7\xf3Cr\xef\
c\x93\x97'\xa5\x91\xfc\x9c7(`D\x89W\xdc\xf1\
\x1eB\xd2\x80\x02F2\x01\xac@\xa47D\x053\x9b\
\xc5K\x844\x88W\x86\xcd\xc3BV\xbe\xad\xe4)$\
A\x01#\x99\x00\x02\xe3\xe5v\x99\x02\xf7,H\xc0\xb2\
0+\x87\xb8\xe9\xba\xefL\x9e\xb0\xc1\xac\xac\x97{\xb9\
}\xcfI\xe5\x8ez\xb1pv\x83Z\xfe\x94wr!\
`\xc8\xac\xf6\x22hZ;\x89it\x92\x1cA\x93*\
~yg\xc5U*\x92\x06\xb9e{_1\xb7\x8e \
\xba{_\xf1\x16\xdeR\x13Cy\x81\x05\x0dIU\x10\
T\xb9\xc1k\xa6\x10\xc0\x82\xc1\x05\x0c\xe92Y,]\
\xc3j\x14\xa5\xa1\x0bi\x017]9-\xd1\xea\x17A\
9oQ\x81K\xe8WH0)\x90\xaa\xe0'V\xc5\
\xc0\xfa\xd6\x9fy\xeb\x9a6\xf5\x1d#]\x023\x8ei\
\xaf[lk\x0aoG\xa0\xbe\x1b\xa1\x05F\xaa\x08\xd4\
\xf4\xf2\xc2+\xbeT,\xd8*\x86\xb6l\xaa\xb2\xc8\xca\
]\xb8\x1d\x16?\xd1e\xeeXih\x81\x91L\x80j\
\xb1\x07\xfe\xea\x5c\x09\x0b\xac<m1\xe1\xafIeS\
l\x83\x9an^`64M\x0b,(7,j|\
.O\xae'-\xb0\x10` \xa0.\x14\x13\x12\xb3\x89\
\x9f\xc5R\x1c\xc4\x87\xf5\xe5\xf7\x1b\x22'.U\x01\xeb\
\xf0?\x97\xa2\x1eG\x9e\x16\xa1\xd3\x02\xf3A\xbb\x14\xa8\
V\x00\xd1\xc2 \xd0'\xfd\xa6\x07O\xc8\xa1\xa7Y\xdf\
)\x0b\xb8\xad\x0d?\xcb\xc3m\x81\xe9\xdf\xd5\x8frR\
9\xa2\xe0\xe7>2\x80oF.\x05\x0c'1N\x9c\
\xa0X\x07\x5c\x1a\xdf&\x18\xc7\xd2\x15/X\x16\xb6\x15\
\xc4K\xeb;r[\x1b~\xdf\x91\xdb\xcaA\xb0\xdeo\
\xc61J\xc2k\xb9\xe0\x02\xe9\x85\xcd\x89\xb4iR\xf5\
\x02\xb6pN\x83\xfc\xe9\x15\xcdJ\xb0\xf0oXR\xb6\
u{\xc1\xccX\xd6\x1aNd\x11?\xf1\xd1.\xa4{\
\xe6\xd1\x8b\xb4\xad/\x80s\xd2\x0bZ`fT\xbd\x80\
\xa1\xf2f\xdc)\x026\x92\xf5\xbe\x90A\x0b\xca!<\
~\xd6\xb0\x1b\xbf\xd8\x8f\xb2\xb8\x9d\x8b\xd6\xb6\xf5\xed\xbe\
\xaf\xdd\xf6h\x7fE\xac\x5c\xbf\x18Xq5\x0b\xe2M\
\xd5\x0bX\xda\xee^V\xc9J_H\xbf\x9c'\x1c\x83\
\xdf\xca\x07\xcc\x18z\x1d{\xf1q\xbfp\xc8\x7f\xd0w\
.\x9b\xe6\xeb\xae\xe1\x1c\xd9\xf5\xcc\xa0\xa4\x0d,\xc3\xa8\
.$'\x92\x0aT\xfd,$km\x85\xc3\x9d\x9d\x9e\
\xc4 1M4\x8dB\x90\x10#\xf6\xe5\x07\xac\xcfJ\
X_K/j\xf0}.\xea\x857o\xcdC\xaa\xde\
\x02S\xb5\xcdCdh\xbb\xc1\xc9\x80+\xe1\x9b\xc7F\
\x94\x10\xe2>\xba\xdaT\xab(b1\xb4^\x10\x8d\xec\
t\xb8d\xdd\xcf\x0d\xaa\xd8\x90-\x03\xc3/\x17\xccw\
\xfb\x94\xac/\xed\x06\xbb+\xf9\xfa\xf5\xa8\x04t!\xcd\
\xc8\xc5,\xe4\xa1\x9e3\xb2\xa09\xdcG\xcd\xdbbn\
\x0c\xb0\xe2\xea\x06\x88\x1b\xe9eF\xf8>\xd0\x08\xa3\xdc\
\xc2\x87~\xe2\x12\x14\xb4\xf6{\x8d\x97\x95\x82\x0bN\x18\
\x01K\xaaW#\xbe\xbb\x85s\x1b\xe43\x97LQ\xcd\
CpL\xb8\xf8\xb9\x05\xcc\xcf\xa5Gw$bF>\
\x04\xcc9\xd1\x11k\x80%\x86\x01\x08\x8b\x0aW8\xdc\
\xdf\xd6\xd9.y\x07\x83\xabT\xe3\x0b-d\x18\x5c\xb0\
X\xc2\xf4\x04p\xe3W\x19\x22\xae\xe4\xcb0\x96\x22>\
C\x12\x96\x0e\xe2m\xb8\x15\xcfv\xbb\x13m!^~\
B\x0b\xa1#f\xe4B\xc0\xd0\xc8t\xd3\x03'&\x0d\
\x12\x06B\x0b\x98\xcc\xf0\xb9\xb7\xc5\x0d1%\xb8\x96a\
\x85,J\xe2f\x98T\x03\xd3\xc1\x8f\x8b\x9aN\x9b@\
> \x84/.7\xd9$M\xc7oF\x18\xec\xde?\
$\xc4\x8c|X`\xec\x8a\x1c\x08\x06=\xeaKa\xc5\
\x81)\x10\x7f]\xc5!\x8c\x90\xa1\x10\x9f\x17A\x16\x98\
_\xaa\x81\xd7\xef\xeaW?\xab\x18w\xe0\x1e\xad\xde\x10\
\xfb\xc3g\x08\x8a\xf7\xb9\xddB\xfc\x8dz\x01\x0c\xcaG\
\x83\xb0\x9a\x14_\xe4\xc5\xb7\x00\x97\x12\x11\x157B\xbc\
\x0f\xb3b\xab/\x0dWZ'\x8c\x90\xa9$b\x1f\x0b\
\xccO4 .~\xa9\x06^\xa2\x87\xfd\x94\x9a\xb4Q\
\xf1<W\xe0^[L^\xf1>-6\xf8n`\x09\
\x96\x93\x04\xad\x8f)hF\xb4\xdc\x18c\xde\xd2\x86(\
`d\x1cX/\xb8A\x880\xc8\xa2\x0a\x19*\xe0z\
\x09R\x90\x85\x87\x81\x878\x1c\xdcB\x9d\x03U*s\
\xde+W\x0au\xd3\x82\xc4\xcb\xed:\x8e\x1f{\x91\x85\
\xa7\x85\x0cV\x1a\x84,Hp\xc2\xa0\xd7\xd3\x06}\xa6\
\xa8\xb1\xc5\xbcB\x01#\x93\xd0I\xa5Q\x85\xcc\x8f\xa5\
\xf3\xfd\xf3\x9e F\x18\xe0\x88G\xad\x5c$f\xc7Y\
dm\xc0z,%6]\x0f\xf7M\x12W\xbfc\xc6\
1\xe9\xd8X9.\x1b,B=\x03\x19\xb4\x1a\xc0\xd4\
}\x04AU,\xf2\x04\xcb\xe9\xa4@\x92\xc9\x9bI\xa2\
\x85\x0c5\xb7L-\x83\xa0%9~\x93\x05*W\xcf\
q\x07\xc3\xa4\x0f`\xb0\xbbg\x10!^[\xd7\xb6\x95\
|]\xb1\x88\xba\xab\x8cx\x1d\x17\x88\x92\xd6\x80\xef\x00\
M9\xd0u}E\xd7\xbb\xd2\xf9\x9d\xe3r~G\xbd\
\xaf;\x0c*\xbd\x9c\xcbFh\x81\xa5\x80\xdf,\x9a-\
\x98Zd\xca=\xeb\xf6^\x10\xad\xad+/\xb4+\x18\
&~\xe3\x16TS\xf1R\xdb:\xc7\x8e\xcf\xa1\xe3g\
An\xad>.\xd3\xca\x10\x10:\xcc v\xef\x1f\x9c\
\x94\xec\x8cs \xc8:\x0c\x9bP\xeb7\x19\x927r\
-`iXF\xb8\xba\xc7\x15C\xa94Z\xc80H\
7]\xdb:\xc9\x8d\x09\xb2 V,\xf2\xcf:\xd7\xa9\
\x0fH86\xe1\xc0\xa1\xe1q\xa1\xc4\xeca\x98\xf6b\
\x10R\xc4\xc9\xe0J\x02?\x8b\x08\xc7\xa4E\xce/\xb0\
>\xee\x1a>3\xa0\xea\xe9\x07-&\xbf\xa7s\xba\x04\
\xa1\x8f\xc7\x04|\xe6\xb0\x93!\xd5J\xae\x05l\xe5\xa2\
&\x89\x8a\xae\xee\x80:\xec~\x95@1\xc0\xcb\x9d\xb9\
\xca\x22\x100\xdc\xf0\xf9!\x06\xf8\x9cXr\x14dA\
\x04\x09\x98\x8e\xfb\x04-\xc6\xd6\xc0\xca\xd1\xd9\xf3x\xef\
(\x17\x07\x144\xc4@\x87\x15\xe7W\xdc\xd0mu\xe1\
\xdfzf\x13\x7faa\xa9$X<^\x22\x01W'\
\x09\x07\xc5\xd0\xb0/\x9d\xfb\xa5\x97\x1c\xe9%pn\xf0\
\xfep\x81\x91$\xebG\xde\xca\xf0\xe4B\xc0\xf4\xd5\xcf\
}B\xc0u(\xc7\xb5\xc3\x00\x08\x93\x00\xea\x87\xcd'\
\x1c\x04\x0b\xe2\x03\x11\xd8\xb1\xc7\xbf^\x19\x06e\x90\x80\
\x8d\xbb\x90\x1e\xd6\x03~3\x5c$\xb0\x0d\xc4\x0bu\xd1\
pA@3X\xbf\xba\xf6&\xc0j\x0b\xb2\xdc\x8a\xe3\
^\xdb\x9f:\xa9\x1e3\x11-\x0d\xce/\x9c{A\xe2\
\xe55+\x8a\xd9\xdc\xa8\xe4\xadxA.\x04\x0c\x83 \
\xee\x9a`\xee\xabr\xb9\xfb\xb1\x19\x88\x0eV:\x04\x11\
d%\xc1\x05s\x0b\xd7\xc2\xaf\xbf-Ahw\xac\xd4\
\xc5\x07\xbf\xcd\x86\x1d=\xb2\xf5\xf3m\x91f\xec\x8ag\
\x03\xc3\x16;\x84\x9b\xb7\xe1\xaa\x96\x92\xd6wq%\x8c\
rg=\xf3\xb6\x0c)\x17\xb3\x90QD\xa2\xd4k`\
9\x1d8R\xfe\xc9R\xed\xcbFJ\xe5=!\xcf\xca\
\x14\x88\x01\xdc1\x13\xf1\xc2\xac\x1f,\xa60\xb1%M\
\xb1\xa8\x86E[w\xa5\xc4\x0b\xb3\x94^nw\xd4\xc5\
\xdca\xd20\xaa\x85\x5c\x08X\x14\x910y\x0d\x02\xb7\
\xe5\x80\x13\xae\xda\x05\x0cB\x10\x14\xdc\x0f\xf3\xf9\xe1\xba\
\xa9$\xd9\x80\xd9J-^\xda\x12\xc1\xfe\xc3\x96\xe3\x0e\
r\x87M\x80\xb5V\xea\x02\x88\x89\x88;\x1f\xf6\xfe^\
\xa2f\xe3\x97{\xdc6\x92\x0b\x01\xd3\xcbKL1-\
/\x5cN%\x03\x0cB\x0c\xb4<\x80\x01\x8d\xcfZ,\
<\xb04\xc2Z:\xd8\xdek_\xea\xb9\xb3\xdfi\xb1\
\x1b\x05\x17\xd7\xd4\x0a\x8f\xc3\x8a\x81u\xbe\xfa\xae\xf7|\
s\xe7J\xfd\xf6\xa6\xeb9\xdd\xe0\x9c\xdd\xf1\x0b\x0aX\
\xd5b\xe2\xeeA\xe4\xba~\xd2\xe7\x9b\xcbTL\x14\xd7\
TY$\xce\xc9\x86\x13<OS\xde\x10\xabb\xe1\x89\
\x9a\xb8\xe9%b~\xe2\xa5\xc1\xf7mb\x89A\xec\xe2\
\xfa]\x90rR,b\xb0\xbcp\x9cA\x13\x01a.\
\xb8\xf8^\x91,kz\xceV\x1b\xb9I\xa3\xd8\xb9w\
`B\xd7e=\xbb\x05T\xe0\xd4y.\xec\x0c\x0e\xae\
\xb48\xe1\xf5\xf4\xbaWk\xfb\xf1\xae\xd1\xc7\x0a'e\
\x9e\x9a\x8e\x16\xa3\x85\x075\xd8\xf0\xdd\x95c\xe9`_\
7\xef8!\xdbo\x9c\xa1D\x0b\xa9\x15\xa5\xbe[\xfc\
V\x10\x90\xd5K\x9b'%\xd5B\x08\xe0\xd2\xc5\x1d\x04\
\xd7E1u-5\x93\xe3\x04\x98\xf5t\x07\xf2\xf5j\
\x05\xa0\x05\xae\x9a\xab\x03\x9bR\xb3\xe0ko\xe5wD\
\xe5\x08\x04\xbe?4\xc7{f\xeb\xf0\xb1\xd1\xb2\xab \
\x84A\xb7\xb6\x8b\xc3\xd2A*K\x94\xa0\xb7\xea\xb2>\
\xb7p\xfdF\xfeY\xd2\x17\x16\xe4\xccU\xa2qH\xb5\
C\x01#\x84X\x0b\x17s\x13B\xac\x85\x02F\x08\xb1\
\x16\x0a\x18!\xc4Z(`\x84\x10k\xa1\x80\x11B\xac\
\x85\x02F\x08\xb1\x16\x0a\x18!\xc4Z(`\x84\x10k\
\xa1\x80\x11B\xac\x85\x02F\x08\xb1\x16\x0a\x18!\xc4Z\
(`\x84\x10k\xa1\x80\x11B\xac\x85\x02F\x08\xb1\x16\
\x0a\x18!\xc4Z(`\x84\x10k\xa1\x80\x11B\xac\x85\
\x02F\x08\xb1\x16\x0a\x18!\xc4Z(`\x84\x10k\xc9\
M[\xb5\xac\x83N=\xf7\xac\x9b\xaeZ\xb4]\x7f\xd7\
1\xe3\xd7\xdcvm\x8bj\xbf\x15\xb6I.\xba\xf9\xdc\
\xb4r\x9a\xea\x94\x83\xee@K/l\x18\xef-X\xdc\
r\xac\x14\xe8h\x84\xfd\xad\xbbb\xaalz\xe0\xc4\xa4\
\x0e?8\xbe\x05s\xeaenG\x9d,\x9d\xdf ?\
\xd83\xa0^\xe3n\x1bV\x0aw[\xb18X\xb7l\
\xaa:\xde\x0d\xf7\xf7\x94\xd5\xa0\x98T\x16\x0aX\x05\xc0\
`\xdf\xba\xa6m\xd2\xe3z@wo\x9a9\xe99\x0c\
\xb4\xb9\xe7\xd4I[\xd3D\xa3\x19\xfd\x06\xd5\xf3W\xb6\
LhS\x86\x01\xbf{\xff\x90\xf81gFm\xa1%\
\x99#$h1\xb6\xe1\xaa\x16%\x10h\xfe\xba\xfd\xcb\
3$\x0c\x0b\xbf\xfe\xb6\xacX\xd4\xa8n8\x8e\xae\x87\
\xfb\x94@\xa0\x95\xd8\xf9\x1d\xf5j\xffn\xd0#\x13\xef\
\x8b\xf71\x151\xdd\x187*+\x167\xca\xa6k[\
UoH|/8&\xbc7\x8e\xd3\xfd\xbd\xedzz\
\xd0\xb7\xdd\x9b\xfe]Vv\x1d\x15\x92\x0d(`\x15\x00\
\x1d\xbd\xd1\x95\x1a\x03\x08\x0dJ1\xb8\xd0pU[\x02\
\xda\x02\xc2v\xb0\xc8T#SG\x5c0\x00\xfd\x06\xfc\
MWN\x9bp\x1f\xaf\xc1@E?HXi\xc5`\
\xbf\x00\x02\x08A\x81\xe0A\x80\xf0\x9a\x15]\xefNz\
\x9f\xae\xb5\xd3\xd5_XX\xc5\xef\x03\xee}\xec\xa4\xac\
\xb8\xa4Q\xed\x0f\x22\xb8`v\xbdzo|\x064`\
U\xcd\x83\x9d\x1b\xee\xeb\x8e\xda\xdd\xcf\x0d*+\xd2\x0f\
\x1c\x03D\x16\xe0\xf8\xcaA\x0b\x96\xfe\xdc\x1a}\x01\xd0\
@(\xfd\x04,\x8c\xc5H\xd2\x81\x02V\x01TW\xea\
W\x86\xa5k\xd3t%d\x18\xd0+\x1759\x83\xb5\
\xe0&-\x9c\xdd \xdb\x1e\xed\x97\xde\xa1Q\xd9t\xdd\
t\xd5:\xde=\xa8\xd6}'\xd8\xc5\xdcqc\xc7\xf8\
\xbf1`!\x02\xaa+y\xcf\x1f\xf6Q#g\x07\xf2\
\x98\xbaS\x10\xcf\x9a\xc2\xb1ATv|\xb9\xc3{\xdf\
E\x8fkk\x04\xafC\xa7l\xfcu\x1f+:Q\xfb\
\x09\x02:a\xfb\x01\xf7n\xe5\xe2&\xf5\xef\xed{N\
\x06n[\x0e\xf8n\xc3t\x08\x8f\xa3\x19/\x89\x0f\x0a\
X\x85\xc1U\x1d\xb1!\xdc\x0e\xbdR\xb0\xb4 :K\
/nP\x22\xe7\x06\x83\x0d\xd6Y\xa9\x18\x15\xc4o\xe7\
3\x03\x13\x1f\xeb\xeeW\xee\x91\x061\xa9\x9d\xb7\x9c\xa3\
\xb6\x83\xf5\xa4E\x0e\xef\xdfv\xd6(\x815\x82\xd7\x81\
\xae5\xd3\x0b\xae\xe6\x8e\x1eu\x7f\xf5\xa5\xcd\xe3\xd6\x0b\
>\xc3\xaa\xcb\x0ab\xa3,,\xd7 \xf7r\x95\xc1\xed\
\x0f\xf6z\x8a\x01\xde\x03\xd6\x1e\xacAX\xa7p\x9dw\
?\xef\xef\x0a\x97b<N\xd8Q7~\xdc\xf8\xfe\xf0\
\xf9A\xb1\xeb\x0d\xf0}x\x1d\x1b\xc5+{P\xc0*\
\x8c\x12\xb0\xf6:ee\xe8 \xb5v\xe7\xc6\xad\xa4\xb3\
\x1c>>\xaa\x06\x22\x06]\x10\x10\x1e\x1d\x90\xd7\xc0\xa2\
\xc1\xe0\xd5@@\xf4\xfbC\xbc\xb6\xdf8c\x92\xa5\xb3\
pn\x83\x12.\xbd\x1d\xd0\xf7\xdd\xae\x9f\xfb\x98v>\
=0!\xf6\xa6\x85C\xbf\xbe\x94\x08l[\xdf\xae\x04\
\x06.5,:\xf7\xf6x\xcf?\xbd\xa2Y\xc2\x80c\
\xd1n(\xf6\xa5/\x16^\xf75\xf8\x0c\x14+;\xa0\
\x80U\x10\x04\xb2\xa1Qp\xed \x16\x18\xb8\xb0:\x0e\
\x1c)\xc4\xc3`\x89a\x1b<\xa6\xd9\xb1\xe7\x94\x1a`\
a9\x7fF\xbd\xf46\x8fN\x12\x12X<\xdaJ\xfa\
\xc1S\x13\xf7\x0b\x11\xd1\x96\xdc\xed\xd7\xb69\xde\xe6\x98\
ry\x01\x5c^\x88\xac\xfa\x1c\x8e`\xc2\xadu\xbb\xae\
\xe3\x16\xcf\xb7\xdfS\xc2\x8c\x80=>\x9fi\x00\x1c\x13\
\x01\xc5\x22\xa2,\xc0\x12\xe2]\x0c\xacN\xfd\x9e*\x06\
\xe6\xec\x03\xdf-\x82\xf7\x88\xd9\xf9Y\x82~\x94\x1b\x8b\
#\xf1B\x01\xab\x10\x18L\x18\xf8\xee\xfb2\xbf j\
\x08zO\xd8\xd6\x11\x03\x0c\xba\x03\x7fu\xae\x84\x01\xb3\
\x83\x9a\xad\x0f\xf7\xaa\xc1\xac\x85\x04`\xe0\xea8\x93\x97\
\xd5\x01Q\xd5BT\x08~\xffA@\x8a\x83\xef\x87\x8f\
M\x1c\xd8\x88\xe3\xc5\x9d\xfa\xa0&2\x1e<\x11\xea5\
Zp \xb6pM{O\x8d\xca\xca;\x8f\xaaI\x06\
m\x99\x01X\xa7p\x83\x11\xb3\x0b:f\xf7\xc5\x84T\
\x1e\x0aX\x85XzQ\x83\x12\x03\xc4\x8c\x00b2z\
\xd6Q?\xde;8\xaa\xc4F\xbben\xcb\x0b\x16\x10\
\xb6\xc5cj\xc6\xcf\x11\x1b\xaf\x194\xa4K\x00=\xf0\
 <z\x1b\xbc\x07\x84\x13\xb1/\xe5j\xcd/\xa4U\
`\x00\xc3\xd2B\x8cK\xef\xb3\xf3\x8ai\xca\x02\xd3\xc7\
\xa0bq\x17y\xc7\xe2\xf0:e=\xbeb\x1e\x1c7\
\x01b\xe4\x8e\xe3\x99\xb2\xe9\xbaV\xe5B\xe3s\xc2-\
u\x03\x8bL?\x8f\xef\x08\x9f\xcb/\xe6\xc6\xf4\x89\xec\
\xc1L\xfc\x0a\x83\xb4\x04\x08\x03\x06'DC\x0fPX\
a\x9d\xf7M\xcc{\x82\xbb\x83\x1b\x82\xcc\x10\x08l\x83\
\xfbz\xc0\xc1\xdd\xc3}\x9d\x8e\x81\xc1\x89T\x06\x80\x81\
\xf9\xd0-\x1dJ\xec0\x90ur)@\xda\x03\x5cY\
m\x9d\xe1X\x94;9V\xc8Y\xd3\x13\x0b\x10<\xbc\
7nx\x1f\xb8\x8d\xe3\xae\xe8\xd9\xf4\x04\x95\xf35V\
\x10\xcc(\xaenR\xe8<2m\xddj\x0br\xc7\x7f\
\xe8\x18\x177<\xef'^\xd8~\xe7\xad\xe7\xa8\xef\xb0\
8\xaf\x8dT\x0eZ`\x15\x06\x96\x93\x16\x99m\x9d\xed\
\xe3\xf9R\xb0b\xb4u\xa6\xc1\xc0\xe9\x5c6M\xc5o\
\x00\xe2an\x90\xe4\x0aa\x82\xbb\x04!B\xd2\xa6\x8e\
S\xe9\xb8\x0f\x84E'\xab\xeax\x18\x5c'L\x10\x00\
\xedr\xe1\xbdv\xfc\xe2\x94\xca=\xc3\x0d\xc0\x9d\xc4\x8c\
\xde\xe1\x9eQy\xe1\xd0HA\xe0\x9c\xf7\xc1\xf1\xe2\xd8\
\x01\x5cR\x08\x1ebX\xd8\xa7vW1\xa3\x0a\x91\xd0\
\xf7!$\xdaU\xd3\xb3\x99\x10\xc1$r\xad\xf0=\xe9\
t\x92\x0f\xcd\xaeS\xc78\xfe>c\x85Y\xdb\xe2I\
\x0f/0\xd9B\xb2\x05\x05\xac\xc2\xc02@\xe2(\x84\
E\x0fh\x0c.\x5c\xed\x91\xe0\x0atn\x16f\x0aa\
5a\xdb\xae\x9f\xf4\xa9e@@'\x86\xc2\x15\xc2M\
?\x06\xc1\x81\xa8\xe1=`\x0di\x8b\x08\xe9\x13x\x0f\
\x0c\xdc\xb6\xa9\xb5\xca\x02Y8\xa7\xf0\x1a\x88S\xf7m\
3'\xcc\xcc\xe1\xf586\x88!\x04\xd4\x0d^s\xfd\
\xdd\xc7\xd4\xfe0\x8b\x89\xcc{\x08Rq\x82\xa8F?\
\x0ew\xaco\xb0p\xdcX^\xe4\xde\x1e\xfb,\x16\xef\
\xa8(\xcb\xc9\xf9\xbc\xee\x04V|\x7f\xea;q,\xd6\
\xdd\xcf\x0d\x19\xc5\xe9\xd4\xcc\xb0\xf3;\xa9\xd7\x0f2\x0e\
\x96\x15(`\x15B/\xa7\xf1\x0at\xc3\xa2A\x96:\
\xd8~\xe8\xa4r\xe7\xb0\x1d\xdc\xb6\xcf]\xda\xa8\xeeO\
X\xferV\xc8\xb4\xe8`\x80\x22\xa6\xa5,\xb9\xbb\xde\
Sn\xa3\x1b\x04\xaa1\x03\x07\x0bK\x1f\x0b\xac\x13\xb8\
\x86\xea}~\xd8\xab\x96\x01AD\xba\xf7\x0f\x8e[g\
@\xadiD\xea\xc7\xd9\xacvXbx\x8d;_K\
oS\x9c\xf5\xae\xc1\xf1\xf9-\xdfQ+\x08\x0cE\xc5\
\x04\xed\x9a\xeb\x18#,?\xfc\x8d\xb2\x7f\x0aW\xf6\xa8\
Y\xf0\xb5\xb7\xf8\xab\x10B\xac\x84A|B\x88\xb5P\
\xc0\x08!\xd6B\x01#\x84X\x0b\x05\x8c\x10b-\x14\
0B\x88\xb5P\xc0\x08!\xd6B\x01#\x84X\x0b\x05\
\x8c\x10b-\x140B\x88\xb5P\xc0\x08!\xd6B\x01\
#\x84X\x0b\x05\x8c\x10b-\x140B\x88\xb5P\xc0\
\x08!\xd6B\x01#\x84X\x0b\x05\x8c\x10b-\x140\
B\x88\xb5P\xc0\x08!\xd6B\x01#\x84X\x0b\x9bz\
\x90I\xa0\xc1\x07\x9az\xe0oq\x9b34\xb6\xf8\xd5\
+C\xf2\xf7\xfbOg\xaa\xef#\xc9'l\xeaA\xc6\
A\xdb4\xb4e3\xed\xcd\x88\x0eB\xe8\xb9\xa8\x1a\xe3\
\x12R\x01(`D5\xb1\xedZ;}\xbc\x09nX\
 d\xe8\x22\xeen\x95FH\x1a0\x06\x96s\xc6\x9b\
\xe8F\x14/\xbd\x8f\xeeM3e\xf5\xa5\xcdBH\x9a\
P\xc0r\x0c,\xaf\xed_\x9ea\xec2\x96b\xeb\xda\
6\x8a\x18I\x15\x0aX\x8e\x81\xdb\x18\x97xi b\
\xc5\x9d\xc0\x09I\x0a\x0aXN\xd9peKYnc\
\x10\xdb\xd6\xb7+\xeb\x8e\x90\xa4\xa1\x80\xe5\x10X]\xeb\
\x96M\x95\xa4P\xfb\xbf\x22\xb9\xfd\x13\xa2\xa1\x80\xe5\x90\
\x9b\xae\x9c\x96\xb8\x85\x94\xa4@\x12\xa2\xa1\x80\xe5\x0cX\
G\xab/K>\xd0\xde\xd6\x5c+\x97\xcf\x9f\x22\x84$\
\x09\x05,g\xc0\xfaJ\x8b\xcf,\xa2\x80\x91d\xe1t\
Q\x0e\xd0V\xd7\xd2\x8b\x1aBYE\xfb\xfaF\x9d\xdb\
\x88\xec\xeb\x1f\x95\x9e\x11\x91\x83\x83\xa3\xb2\xe5\xc2FY\
n8s\x19\xf7\x0c'!\xc5P\xc0\xaa\x18\xace\x84\
\xc5\x15\xd5\x95\xdb\xf5\xee\xb0\xdc\xf1\xda\xe9\x09\x8f=1\
c\xc4X\xc0\x16\xcem\x10B\x92\x84\x02V\x85@\xb8\
\xb6\xaeiK\xc4\x02z\x12\xcb\x85.4\xdb\x96\xa9\x14\
$i(`U\x04\x04\x0b\x89\xa4I\x06\xcf\xe1V\x9a\
\x82@>D\x0c\x15,\x08I\x02\x0aX\x95\x00\xabk\
[g\xf2\x09\xa4=#c\xea\xd6^o\xf6>\x10\xb1\
\xbeA.\xf2&\xc9\xc0Y\xc8*\x00\xeb\x0f\xb7\xdf8\
#5\x97\x0d\x01}B\xb2\x00\x05\xccr\xb0\x1c\x08n\
c\x12`\xd6\x91\x90,C\x01\xb3\x18\xc4\xbc\xb0 ;\
\xcb\xcc\x99\xc1S\x8c$\x07\xcf.\x8bA)\x9c$\xdd\
F?Wq\x1eg\x17IF\xa0\x80Y\x0a\xaaI$\
\x9d(\xda3<y\xf6pI+O\x19\x92\x1d8\x0b\
i!\x10\xae\xb8\x97\x04\xe9\xd9E\x88\xd6\xc1A\xe76\
0*\xbf\xf7\x88\x81-iav=\xc9\x0e\x140\x0b\
\x89*^\x10\xa8}}gd\xd7\xbb#\x8e@9\xff\
\xee/\xa47\xfc>D\x9eV\xe7\xecp\xd9\xf5h\x12\
\x82T\x0aM\xaf#\x8c}\x03\x85\xf7;pxX\x0e\
\xf7\x8c\xca\x0b\x87F\xe4\xd7\xaf\x9e\x16B\xc2B\x01\xb3\
\x10\xe4|\x85\xe5\xae\xd7O\xabeA\x10\xb1\xa8\xccs\
\x84hyH\xb7u\xe1\x9c\x89\x82\xe7v{\x8b?G\
\xf7\xfeA\xb6k#\xa1`@\xc32\xbcz5\x96b\
\xfd\xf3\x03r\xebKCe\x89\x17\xd8|a\xb2\xd5%\
V.jRK\xa0T\x83\x90\xcbX[\x9f\x94\x86\x02\
f\x19a\xcb@oyuH\xb6\x1f)?\xf3t\xcb\
\xfcFY?;\x9d\xc5\xd9jI\x94#d\x1bV\xb6\
\x08!AP\xc0,c\xc1\x1cs\xaf\x1f\x81\xf8\xe2j\
\x12a\x81\xcb\xf8\xf8\xc7\xa7&n}yq\xd3U\xd3\
\x94\x90\x11\xe2\x07c`\x96\x11\xc6}\xdc\xf2\xda\x90\xe7\
\xe3X\xc7\x08a*^\xcfx\xc1\xd9\xfc.<\xae\xe3\
]\xa6k\x1e\x93B\xbb\x92\xb7?\xd8+\x84\x14C\x01\
\xb3\x8c0\x02\xf6[\x9f\xca\x11\xbf\xf9\xc44\xab\x92Q\
!b\x98\xb9\xecz\xb8O\x08qC\x17\xd2\x22\xdc\xe9\
\x08&\xa0\x92j1\x88c\xd9\x98I\x8f&!I\xb5\
\x81#\xf6B\x01\xb3\x888\x96\x0d}\xb4\xc5\xde\x9f\x1c\
\xf10\x16I$n(`\x161\xb7\xa3\xfc,\xf8\xf6\
\x06{\x05\x00\x16(\xfbM\x127\x140\x0b@\xdc\x0b\
\xb7\xd6\xe6p\xe2\xb3\xc4\xc3\xda\xfa\xc9\xbb#\xf2\xc4\xf1\
\x91\xb2s\xc2*\x05\xfbM\x127\x0c\xe2g\x00\xb8E\
+\x177\xc9\x87f\xd7)+\x0bb\x05k\xa3\xdc\xc5\
\xda\x9f\x9bU\xef\xc4\xc1&\xa6Q`\x19\x11n\x00\xb3\
\x8e\xf3\x8a\xe2j\xf3\x9aj\x9d\x99\xc7\xc2_\xccB.\
i\x8dg\xed#\x04\xf3\xfe\xc3\xc3\x8ex\x9e\x91\x9e3\
c\xd2^W#\xab\x9c\xe3[>\xa3\xde9\x06sa\
\xd6\xfd&\xb9\xf4\x88\x80\x9a\x05_{\x8b\x05\xcb+\x00\
Dk\xf5\xd2f\x15\x98N\xaa\x86=D\xe3\xc2_\x9c\
,o\xf9\x90#d\xdf\xbf\xa4)\xf4\x12\x227\xa8\xa3\
\xbf\xfa\xd9Sj\x91\xb8\xd7\xfew~\xa49T\x95\x8b\
\xed{N\xca\x9d\x0f\xf7\x0b!t!+\x00\xe28\xbb\
o\x9f%\x9b\xaemM\xb4\x01\x07r\xb86\x97\xb9\x7f\
Te\xfd\xf4?\x9eRk)#\xbd~\xc0_\xbc\xdc\
\xfb?8`.\xb2\xec7I4\x14\xb0\x14\x81\xd5\x85\
\x22\x84\xa8\xd0\x90\xd6l\xda-\xef\x9f\xa2\x9a\xd1\x96\x0b\
\xd6R\xc2\xfd\x0b\xcb\xfdG\x86}\xc5K\x03\x0b\xf1\x0e\
\x9f\xa4[/\xd8o\x92h(`)\x01\xaba\xe7\xad\
\xe7$jq\xf9\x01+\x0cn\xda\xbc\xe6\xf2D\xf3\x86\
\xe7\x07C\xbb\xa3\xa6\xa2\x17F\x1ci\x81\x11\x0d\x83\xf8\
)\x80\x01\x07\xcb\xab\x92\x03\x0f\x01\xf3U\xb3Z\x94P\
\xa0&\x18\x5c\xb7\x13\x1ek\xbc\xe1\xf2\x1d\x1c\x1a\xf5t\
\xe9\xf0\x1a\x04\xe2o\xf9#s\x116m\x0cb\xeb\xac\
(\xa9,\x14\xb0\x84\xd1ncV\xac\x06\x04\xe3M\x02\
\xf2w8\xb3|^k)\x7f\xdb\x9fL\xa7\x22\x0a\x18\
\x89\x02]\xc8\x84\xd9pU\x8b\x95.\x0f\xdcN\xaf\x85\
\xdc\xba\x8a\xab)\xabf\x99]#\xc3\xccr\x1e:\xce\
F\xb9\xa4\x00\x05,A \x5c6g\x8e\xffs\x0fQ\
\xe9\x19\x96P\xac\x9ae\x16p\x0fS\xaa\xfa\xd01\x0a\
\x18)@\x01K\x90\xa4\x1a\xce\xa6E\xbb\x87\xf1\x14v\
\x22\x00\x96U\xa9Y\xd0\xb0\xc5\x12QK\x9f\x10\xc0\x18\
XB\xc0\xfa\xaa\xc4\x8cc\x1c \x1e\xb5\xeb\x9day\
\xd2\xc3U\x8b\xb2\x18\x1c\xee\xe8\x05\x8e\xf0\xdd\xfd\xc6i\
\x95\xd4\xaa\x81\xb8mv\xc4-l\x92\xec\xee\xfd\xe6)\
\x17\xa4\xba\xa1\x80%\xc4\xaa\xcb\x9a$,C\xa7Fe\
\xef\x13\xfd\xf2\xce\x9b\xc32\xe8\xcc\x06\x9e{\xfe\x14\xb9\
l\xf94\x99~N<?\x93\xeeJ\xa4f\x1a]\xb9\
Y\xfa\xdf\xbfu\xe2[\xc7\x87\xc7\x02\xbb\x14\x99\xba\x84\
\xc5\xc0\xc2\xc2\x0d\xc7\x80\x19N,*\x8fR\xd6\x07]\
\x8d\xf6\xbeJ\x0b\x8c\x14\xa0\x80%D\xd8\xceA{\x1f\
\xef\x93_<\xd2'C\xae\xf4\x857^>-O;\
\x82v\xd9\xf2\x16Y\xf1'\xd3\xa5\x1c\xe2\xe8Jd:\
\x83\x19\x04&\x06\x96\xb4F\xcfG\xa3\xf5E\xdcP\xc0\
\x12\x22\x8c\xfb\xf8\xfaKC\xf2\xf7\x0f\xf9\x97L\x86\x88\
\x0d9\x96\xc75\xffn\x86D\x01]\x89\xe2h\xec\xf1\
\xfdK*\xdf)\xe8\xde\xc7N\x0a!\x1a\x06\xf1\x13 \
L\xe3\x0d\xb0\xfb\xc7=%\xb7\xf9\xdd\xafN)\xa1\x0b\
K\x5c]\x89\xeew\xc4\xab\xd2\x95\x5c\xd1/\x92)\x14\
\xc4\x0d\x05,\x01\xc2\x94~F\xac\xeb\x9dCf\x02\xf3\
\xd2\xb3\x83\x12\x868\xbb\x12u\xce\xae\xac\xb1\x8e\xd4\x09\
Z_\xa4\x18\xba\x90\x15\x06\x01{S va\xb8\xeb\
\x8d`\xf1B\x09\x9b%-\xde1-\xd4\x0aC\xad\xae\
\xe5\x19I\xc2\xed\xfai_\xea\xd6\x97.\x22\xd9\xd6T\
\xb8 \xf5\x0e\x8e\xca\x0b\x87\xcb\xb7fI|P\xc0*\
\xcc\xf4\x8e\xe4\x04\xe2I\x9f\x01\x8f\x0a\x15~\x99\xf6Y\
d\xdb\xa3\xfd\xb2\xfb\xf9t\x82\xf7\x98|Yui\x93\
*0\xe9W1\x04yh\xbf~\xe5\xb4\xeczf\x90\
\x82Va(`\x09\xd0\x1b\xc2RB\x8aD\xa3s\x95\
\x1f2\xa8\x87\xf5G\x1f\x08W\x16\xc7\xaf+\xd1\xb7?\
hOw\x1f\x88\xd7\xbd\xdd\xc9\xbb\x8eh\xddfZ\xe6\
h\xe1\x9c\x06u\xeb\x5c6m\x5c\xc8\x10\x9f#\xe9S\
\x0f3\x99\x81\xd1x9|<\x9c\xab\x874\x09\xa4P\
\x04\xd18\xb56\xb4\x80y\x11f\xc9N\xa5Yw\xdf\
\xb1\xc4s\xbep\xfec\xc5D\xd4\xa4cXl\xb8-\
\x9d\xdf\xa0bt\x1cK\xe9\x81\xdf\xae\xf6\x9e\xce\xe9l\
U\x153\xb0\xc0\xfaBT\x18\xbd\xec\xd3-%\x93U\
W^?=Qw3k\xe0;L\xda=\xc3:\xd5\
\xb8j\xb4\xc1\x82C\xd5\x91\x05\xb3\xe9\xd4\xa4\x014\x0b\
\xdaU\x0bSx[g\xbb\x90x\xe9\xdeo>c\xd8\
\xe4\xccZ~\xe1+3\xe5\xc3\x9f\x98\xbc\xf0\x1bV\xd7\
\xfa\xdb\xde'\x8b?\x11~Q\xf8\x05\x1e\x17&t%\
\x0aS\xbe\xb9R`&\x17\xe7f\x12\xc0bJ\xa22\
\xae.Z\xb9\xfa\xd2\xca\xe7\xcbU;]k\xa7\xab\xf3\
\xa3f\xcc\x01\x0f\xc0\x87\xbf\xfd\xc1^!\xf1\xa0\x06\xc9\
\x8d\xd1\x12O\xdf~\xb30{\xd8~N\x83\x8a\x8fE\
\xe5\x96\x17\x07\xe5\xee7\xbc]0\x04\xf0?\xea\xccB\
\xa2;\x90\xee\x15\xa9\xf3\xbc\x0a\xd9\xf2\xb5\xaa#Q\xa4\
@\xff\xe8A\x91\x91]\x22g\xf6\x89\xd48\x17\xc7\xba\
%\xcem\xb9H\xed<\x09\x83I\xf3\x0e\xf7L\xa1\xfa\
{6\x85\x05\xffv\x8b\x13\xfe\xad:\x1a9\xbfK\xd2\
\xe5\x8d`=v\xdew\x5c^8\xc2\x00\x7f\x12t\xad\
\x99>\xbeTo\x5c\xc0\xc0\xbd\x8f\x9e\x94m\xdd\xec\xf6\
\x12\x07\x18,\xdd\xb7\xcd\x0c\xdd\xcb1NP\x0d\x15]\
\x89\xca\x01A\x7f,\xb86\xaeB1\xb8E\xe4\xf4\x1d\
\x93\x1f\x87\x905lt\xcc\xcd-b\x0a\x84\xe0\x13\x9b\
\xdfU\x82\x83\xe4`\xdc\xf4\xbf\xe3h;\x97$\x88\x85\
A\xc4\x18\x13\x8b\x97\x0dW\xb6\xc8MWN\x1b\xbf?\
A\xc0\x00E,>\xf0E\xe3\x0b\xaf$\xc8\x05\xbb\xf5\
\xc5\xf2R\x10`\x85\xdd\xf5\xc1\xa6\xd2\xc9\xac~\xe2\xe5\
f\xca\xe6P\x22\xd678fm\x8c\x163\x94\x9d\xdf\
9.$\x1e\x8a\xc5\x0bL\x120@\x11\x8b\x07X\x09\
\x0fm\xecP\xcdj+\x89_y\xe80@\xc4\x90\x91\
\xef\xdb\xbf\x11nc\xff\x85bD\xcbk\xa1\xddI[\
\x81\x15\xc6&\xbc\xe5\xe3%^\xc0\xf3l\xbc\xe9*\xc7\
rXYY\xcb\xa1\x1a\x80\x0bt\xf3\x8e\x13Ri\x90\
\xb4\x8a\xe6\xb4\xe5t%B\x15\x8b[_\x0a\x98\x98\x18\
yB\x8cA|,'x\x0d:\x12\x0e?\xf1\x02u\
[\x1c\xbc\x9e@\xb0\xb3f\xac\x86W\x8f29\xdaW\
H\xa9X\xf6\xa1\xca&\x8f\x22 \x8f\x0c\xfcy\x8eU\
\x88`}sm!x\x8fU2\xb0\xae\xdc\xb7\x1e\x9f\
\xd83\xea\x86ay\xd1<\xaf\xb5\x9e*h\xff\xa4\x18\
Q;[\xa4~\x95\xd8\xc0X_\xaf\x8c\xbe\xfe\xb2\xe3\
\x1a\x0fIMk\xf8\x92F\xb0\xbe\xf7\xbe2\xccXX\
D\x82\xc4\x0b\x04\x065`\x89\x01\xba\x93\xe5\xb1\xe3\xa9\
S*\x98_\xe9x\x18P\xa5\x9b\x0d\x92Y\xfdJ\xf0\
\xeczw\xb8\xfc\xf5\x915\x17H\xd6\x19=\xf2\x86\x9c\
\xfa\xcb\x8dr\xe67\xbf\x1c\x7f\xac\xf6\xbc\xf7K\xc3\xbf\
\x5c+M_\xfc\xaa\x84\x01I\xae4\x04\xc2SJ\xbc\
@\xc9\xb2\x09t'\xe3\x01Y\xdaX\x90l\x0b\x08\xda\
{\xa5P<\xd9\xe3cI M\xc2\x14\xa4Ud\x98\
3/='\xfd\xebWL\x10/0\xfa\xd6\x1b2\xf4\
\xddo9\xcf\xad\x94\xb1~\xf3\x94\xa3\xb0\xc5-\x89\x99\
x\x01\xa3\xba/\x14\xb1x\x80%\xb6\xb2\xeb\xa8\x15]\
uT.\x98G\xfd{wM\xfb\x09\xd4/w,\xab\
yR\x12\x04\xef3\xee>\x9e\xba\xed\x86@\x81\x82\xc0\
\x0d}\xf7\xaf\xc5\x94\xb0\xf5\xe1\xf2\x8e\xa9x\x01\xe3\xc2\
U\x14\xb1x@,d\xe5\x9dGe\xd3\x03'2/\
d\x17\xf8\x04\xfd\x0f\xfa\xd5\xcc\x9f\xba\xb3\x90\xef\xe5\x07\
\x9ek\xde)Y\xe6\xf4\xcf\x1eP\x96V\xe9\xed\x1e4\
\xb6\xc2\xb2\x9e\xb3\x96%\xc2\x88\x17\x08U\xd0\x90\x22\x16\
\x1f\xa8`\x00![\xf7\x9dc*\xe3\xbc*\xca\xb2\xc0\
5\x9c\xf6\x1bo\x17\x11\x16\x9a\xdfs\x19\x02\xd6\x95\x09\
c\xfd'T\x9c\xcc\x14Za\xa5\x09+^ \xf4\xb7\
\xca\xc0~\xbc`\x86\x0a7\x91~\x95\xb0\xb9`n\xbd\
\xdc~m\x9b\xbd'<\x5cD\x08\x15\xf2\xc2\xc6\x0e\x9e\
}lI\xb0eV\x06'\xde\x1bQ\xa5\x88N8\xd6\
lq\xc1G\xbd\xf8=L\x15\x0f\xcc:\x1ao\xdbo\
\x9e\x22S\xc9\x15\x196\x10E\xbc@\xa4Q\x02\x11\x9b\
\xd3Q\xcb\xb5\x931\x83\xac\xf3\x85\xce\x0ca\xd6\xc5\xab\
\xdd\xe4\xf0T\xa2\xea<\x89\x13\x88\xd5\xeb/\x9f\x96\xd7\
_\x1cTe\xb8O\x1c\x1b)YG\xed}\xe7O\x91\
\x1b\xbe1KL\xa9i5oF\x5c\xd3b\x9eV\xa1\
\xab\xba\x92\xc9\xb8\xd76\x86%\xf2HA\xf9\x10X\x0c\
\x10\xb1\xbe\xc1\xecW7\xb0\x01\xc4I6\x5c\x95m\x17\
]\xe7\x8a\xa5\x05\x1a\x99\xa0\x17\xc0\x8b\xcf\x0eHo\x84\
\x98aSH\xcb\xa7a\xd9\xd5r\xfa\xc1\xbf)\xb9]\
\xed\xec\xf7K\xdd\x07\x16\x89)\xb4\xc0&\x03\xfd\xd8\xb6\
\xbe\xbd\xacrFe]\xeaQv\x17\x89z7o?\
\xc1D\xbd\x18@\x89\x97,\xad\xfbC\xbd\xfc\xed21\
6\xe7\xbb\x94(F\xd0\xe0\xf7\xd9_\x9dT\xc2\x85\xde\
\x98\xe5\xd0\xd8\x1c\xeex\xeb?\xfeI\xa9\xff\xd8'e\
\xa4(\x85b\xd2~C\xe6\x821\x88?\x11|\x1f\xa8\
\xe7Un\xc9\xa4\xb2\xcfF\x1c\x00\x06\x1e\x7f\xa0\xf2@\
\x0c k\xdf\xe1z\xe7\xb7-\xb6\xb6>\xda\x92\x9c\x80\
A\xb8\x9e\xfaY\xaf\xfc\xcf-o\xa9>\x99\xe5\x8a\x17\
\x88R\x04\xb2\xf9\xcf\xef\x0e\xb4\xae\x9a7~S\xa6\x5c\
\xb3VH4p\x9eC3\xe2\xa8\xf7\xe6\xb9\x98;\x0a\
\xb0\xc06\xdc\xdf\xc3\x1aH\x11\xc0\x0f\xda\xbdi\xa6\x94\
\xcd\xd0\x91\xc2\xdf:\xc7\x0d\xado\x958\xd8\xf5\xee\x88\
\xdc\xf1\xda\x90*\x82\xb8jV\xbd\xaa\xa7\x1f\xb7\x0b\x09\
\xe1\xda\xfbD\xff\xd9\x06\xbe\xd1OG\x94\xddFqH\
-Z\xa8\xa5\xf6\xe1OL\x93\x0f|$Z|\x05)\
\x15\xc3\xae\xb4\x8az\xc7\xbdl\x5c\xfb%\x95\x91\x1f\x16\
V\xa6(\xa0\x0d\x9e\xb8<\x8d\xd8\x04L\x83ls$\
l\x12sP\xc53R)\xe2\x91>\x91\xa3?\x179\
\xb6Gd\xe0e\xe7\xbekf\xb8\xde\x11\xb1\xa9\x17\x8b\
\xcc\xbcZd\xd6\xd5\x92U\x10\xe3\xfa\xd9\xff>\xaef\
\x11M\x81P\x9d;\xb7A\xde\x87\xdb\xf9\xf8[_v\
\xf1\xc74\xc0E\xfe\xf6\x07zs\xbb\xac\x08\x95j7\
}.\xde*\xb8\xb1\x0b\x18`9\x1es0\x19\xb2u\
\x8d\xf9\xcc\xd78\x10\xad\xd7\xefq\xcc\x97\xb7Jo\xdb\
x\x9e\xc8\xfcM\xceT\xd8\xc7$+\xc0\xea\xea~\xe8\
\x84<\xf7+\xb3\x8b\x1dD\xeb\xc3\x97OU\xd6\xd4\xb9\
\xce\xccb\xd6\xc5*\x88<\x8e\x8f\xa8i\x12\xa5HD\
\xc0\xc0\x8e=\xa7d\xdbc\xfd\x9c\xa1,\x01\x5c\xc7\xd0\
\xb1\xaf7\xbf\xe7\x5c\xce\xef\x97\xd0\x9c\xbf\xde\xf1W\xbf\
(\x95&\x8c\xd5\x85\x1c\xaeO]\xdd\x1aKG\xa6,\
\x91\x97\x12\xee*S\xe1\xba\xb6\xc8i\x12\xa5HL\xc0\
\x00\xcb\xea\x06\x13\xc9\xfa\x8a*^\x9a\xf3\xfe\x95\xc8\x05\
_\x91J\xb1\xf7\xf1>\x15\xa0\x0f\x02\xd6\xd6\xd2\xe5-\
\xaa\xdd\x9c\xcd\x96V)\xaa]\xc4\xe2\x9ai\x0c\x22Q\
\x01\x03\x0c\xee\xfb\x83`f\xa8\x1c\x18\xb8\x8d/\xfdg\
)\x9bY\x9fu\x5c\xca\xdb%mv\xff\xb8\xc7\x09\xd4\
\x07\xd7\xe8Gg\xa6O]\xd3\x96\x9b\x16r\xd5\xeaN\
\xa2\x02\x07.\xceI\xcf\xac'.`\x1a\xc6\xc5&\x12\
z\xe6\x113\x8c\x076\x9a\xc5\xbcLHQ\xc4\x10\xef\
\xfa\xbb\xbf=\xae\xf2\xba\xfc@_\xcck\xfem{\xd5\
\xb9\x8a&T[\xd9i\xf4\xdbD\xcb\xba4Hm\xcd\
\x0a\x96\x1f!\x1b\x99q\xb1\x02\xa1\x03\x9a\xef>\x12\x9f\
x\xa9\xfd\xfd\xbc\xf07a\x11\x83x\xfd\xdf\xffqT\
\xde>\xe4\xdfa\x1b\x8d}\xaf\xb8\xba\xad\xaa\xdd\xc5 \
\xd0\x19|\xf5\xb7\xdf\xb3~\x5c$\x1d\xef\xf2\x22\xd5\x05\
Z\xeb\x96\x15:!\xe7=\xe9\x15\x9f\x1f\xf1\xafP\x1c\
\xfd\xb9\xc4\x0eD\xec\xd5\xad\x92$A\xe2\x85X\xd7\xf5\
_:GV\x5c?=\xb7\xe2\x05p>\xc0j\xb1\x19\
\xdd\xd47M\xf1\x02\xa9\xaf0\xc5\x07}\xe8\x96\x0e\xeb\
\x7f\xb0r\x08]\xa13n\xebk\xc2\xbe\x93\x13\xb1\xbf\
sf\x1a\xfd\xc4\x0b.\xe3\x0d\xdfx_\xe4$\xd3j\
\x03\x17w[\xdb\xc7a,W\xca0\xa9\xc8\x12y\x14\
x\x83\x8f\xbc\xe9\xdaVk\x7f\xb4r\x08\xed>\x1e\xfa\
\xbe$J\x02\x22\x86%A~9^\x10\xaf/|e\
fn\x02\xf5&`L\xd8vQ\xc7\xd8U\xe3\xf8\xba\
\xca\x8d\xe3\x8a\xd6\xf8\xc8\xa3K\x09\xd71\xd4\xe7\xed\xfd\
Mr\xd6\x97\x9b\x18E\xecw\xff\xff\xa4\xfc\xe2\x11\xef\
\xfa\xff\xda\xf2\xa2xM\xc6&+\x0c\xa9\x11\x18\xbb\x95\
\x16\xdd\x8a\x17\x9e\xd2\xb3qy\x99\xa5\x0c\x1d#\x80\xfb\
\x98\x161\x04\xf6Q\xb3k\xf7C\xde\x85\xfe\xb4\xe5\x95\
f\xbck\xe4\x1f\x7f)\x83\xdf\xfb\x96\x8c\xbe\xf4\xdcx\
\x09\xe8\xba\x0f,\x96\xba\x8b\x17I\xe3\xbf\xff\xaa*\x8b\
\x13u\xbf\xc3\xff\xf0s\x19~\xea\x11\x19;[\x99\xb5\
\xa6\xa5Mj\x9d}c\xa1w\x94\xc5\xde\xb0\xc2p\x81\
\xcb\xfaR<\x88\x16\xca>eAlSK\xa30\x01\
\x0b^\x91\xd8W\xad\x89\xaf\x91R'\xf6\xa5_\xf5\xa0\
\xaf\xfdO\xa4\xf5C\x1b%\x0a\xf7m~\xcb3\xc3>\
m\xb7\xd1\xab-\x9a\x17S\xae^+M\xb7|S\x89\
\x8f\x09\xa8\xd8:\xf8\xbd\xbf.Y3\x0c\x229\xb5\xeb\
\xfb\xa1\x052\xcb\x8b\xbeq\xfeb\xc6\xb4\x9c\xfa]q\
\x93\xa92\x91\x08n#\xb93\xf4\x0c\x9d%\x84\x8e}\
\xbd\x99p\xec\xcb\x87\xd6\x9e\x1fK\xdf\xcb\xdf\x93\xb0 \
\xee\xe5\xb7<\x083\x8di\x8a\xd7\xc9\x0d\xd7\x97\x14/\
p\xfa\x91\x07\xa4\xbfs\x85Q\x83\x0e\x88\x17\xf6kR\
\xf0\x10\xb5\xf5\xb1m\x98\xba\xf9\x00c \x8bn$\x16\
b\xc3e\xcc\x92x\x81\xcc\xd5\xb9U*\xbf\xa6-\x95\
,\xde4\xc1gY\xb9(\xa4\xfb\xd8\xb7O*E\xeb\
{\xf7;\x93\x07\xe6\x22\x06\xd7\xd1/\xeeu\xc55m\
\xa9\xce6*\xe1x\xcb\x5c8\xb0\xed\xa9\xdb\xd6\x97\xdc\
n\xe0\xee\xff\x22g^6k\xfa\xa1\xf7;\xf0\x97\xe1\
-\xd9\x15\x8b\xb3\x93\xcc\xab\xaa\xa6v\xb6+\xcb+\x8b\
\xc2\x9a\xd9B\xdd\xb0\xc2\xaa\xc9\x1aSW\xd60\xb1\x9f\
$S'Ly\xf3~c\x11{* h\x8f\xc5\xd8\
ia\xda\x16\xad\x18T`\x0d\xaa\xc2\xaab^\x8e\xb5\
\x16e\xbf8\xa60D*\xad\x94\x00+\x165\xca\xee\
\xdbg\xa9\xbfY%\xd3\x9d\x06\xaa\xc9\x1a\xcb\x5c\xea\x84\
)\x06\x22\x86\xea\x12~)\x13\x88{\xa5\x89\x97X\xa0\
Q\x07\xcaD\x97\x8aG\x9d~\xe0oB\xed\x17\xe8\xfd\
\x065\x03\x19\x0e)`\xb8hW\xf2\xc2\x8d\xb1\x06\xab\
\x0b\xb7\xac\xcf\x8aZ\xd1\xbb\x0b?&,\x98{\x1f;\
\xa9V\xf0\xdb\x06\x5c\x82L\xa6N\x98\x02\x11\x03>\xa5\
x\x10\xfb\xf2\x02K\x84\xd2L\x97@\x9b3\xaf\xb8W\
\xc3\xd5\xffZ\x9a7\xfeW\xd7v\xbdN\x1c\xeb\x7f\xc9\
\xe0w\xbf5a\xbb \xf7pd\xcf\xe4\xd9`4\x00\
\x99z\xe7\xc4\x0b\x0d\x84\xae\xd8m<\xf3\xd2~\x09\x03\
f#q\xd1\xc6Eo\xd7\xde\xc1Tg\xe7\xb34\xc3\
h\x825\xbd\x9e\xb45\x86,~\xdb\xac\xb1\xd0\xb92\
i\xa6N\x98\xe2c\x89\xc1\xfa\xf2\xaa]\x0f\xd7\x11\xe5\
p\xd2\xe4\xcc\x8b\xdeBQ\xff\xf1?\x9ep\x1f3\x8e\
5\x1ee\xa1\xfdzBB\x18\xbd\x82\xfc\xb5\x1eu\xf3\
\xbd\xcaM\x87m\x82\xab\xc1y\x8e5\xc4\x98\xb9N:\
x\xae\xeb\xd4W2)5\x0a\xd65\xabC\x02\x1d~\
Pt\x08\xb7\xe1\x8b\xc6\x89\x11\xea\xe4C\xeaD\x12\xeb\
\x1e\xe3\xc0C\xc4~\xe7\xe3:\x22\xee\x95v\xb2\xaa_\
\xec\xcb\xb4\x7f\xa3_\xa3Z?a\xf3rI\xfd\xdc\xd4\
(q9\x8d\x16\x17\x9c\xf3q\x831\x84j\xa9i\x88\
d\x12X\xdbm\x13W&L\xebf=\xc8oK\xea\
\x841.\x11\xc3\xcc\xa3W\xec\x0b\xd6\x17\xeaz\xa5\x8d\
\x9f\x00yYE~\x8d9L\xd2)\xc6\xf7\x111\x09\
6*8\xe7\xe3\x141\x04\xe71\x86\x92(\xf5\x9c\x16\
\x96\xf6\xaf/\xa0\xdd\xca\xcf\x5c2E\xee|\xb8?s\
\x09\xb0\xb6\xa5N\x18s6&\xf6\xfa\x1b\xdeI\xb6i\
\xce:\xba\xf1\xb3\x94\xc2\xed\xe3\x84qRk\xa8\xfd\xfa\
\x88kX b\xbd\x83\xa3ee\xeb\xc3\x8b\xb9\xed\xba\
\x16+-\xaeb\xac\x160\x0d\x1a\xec\xe2\x86\x00?\x02\
\xfdY\x11\xb2\xb4S'\xc6\x06Fe\xe8\xc9crz\
o\xaf\x8c\x1d\x1f\x91\x9a\xa6Z\xa9\xbbx\xaa4\xfd\x8b\
s\xa4nn\xccS\xe1\x8e\x88\x0d\xbd\x8c\xea\xaa\xd7O\
z*\x8fE\x09K\x11\x87\xb8j\x10\xa7B\xc6~\xd8\
*\xc7\xca]t\x02\xf4\xd5T\x09\xc6Z\x17\xd2\x0b\x9d\
;\x96\x95\x1f(\xcd\xd4\x89\xd1c\xc3\xd2\xff\xad\x832\
\xf4\xe81%^`\xcc\xb9R\x8f<\xd7/\xfd\xff\xfd\
\xf72\xf8\xf3\xa3\x127\x97}\xe0\x87r\xc5G~4\
\xe11\xb8\x8e6/\xd4.'V\x95&a*\x9e\xea\
8\x17r\xba\xaa\xad\x8cUU\x09\x18\x80\xdb\x86\x1f\x17\
A\xc9J\xc6\xc7\xd2N\x9d8y\xef\x1b2z\xdc\xff\
\x8a\x0ca\x1bz2\xfe5v\x9f\xfa\xc8\x8f'\x88X\
\xda3\x8f&\x84\x89Uy\xcd\x16\xfa\xcd zM\x0e\
\x04\xe5\x83\xc5\x09\xac{\x13\x17\x10c@\xc7\xb9\xaa\xb1\
tU\xd5\x09\x98F\xc7\xc7*%di\xa6N\x9c\xfe\
\xf5\x89@\xf1\xd2\x0c=\xfa\x9er3\xe3F\x8b\x18\x82\
\xf7h4\x9b%\xfcf \xfdD\xcd+g\xcbwr\
\xc0c\x1f~\xef\x17%\x8d\xa2\x14A\x16\xbe^W\x5c\
mK\xf2\x8a\xa9Z\x01\xd3h!\xdb~\xe3\x8c\xd4\x82\
\x96i\xa7N\x9c9<d\xb4\x1d\xc4k\xf8\xb9d\x92\
\x22!b_\xb8\xfe\xa7R)\x10c\xf2\x8a3\xd5\xce\
>\xdfs{\x95=\xef\x11\xac\x1f+\x12\x1a\xec\xd3+\
\x93\x1eB\xe5\x17\xec\xaf\xf1\x10\xb6\xb1\x04\x04\xcck\xe1\
\xb7\x16\xae4\xcf\xf7JR\x15A|\x13\x94\xc9\xed\xdc\
\x10\xfcD\xa0?\xc9.0i\xa7N\x8c\x1e3\x0f\xe6\
\x22V\x96\x14\xd3\x07~\xe0\xc4\xf1\xea\x12i\x9e\x0b!\
A|\x0aU\x1e`\xcd\xe0\x86\x94\x07\x95=\xdfw\xc2\
7\xfd\x01em\xfc\xc0s\xc5\xeb\x1fq\xbf\x7f\xc3\xd9\
\x89\x09g\x9f\xa3G^\xf7\xdcw\x9dG\x12\xab\xa6~\
\xc9'e\xf8\xc8D\xd1C\xd5\x8b3/\xefW\x09\xb4\
x-\x5cM}l:\xa5#JZ\x06B\x15\xbb\x9e\
\x1eT\xe76\xce\xbb<\x88\x96\x9b\xdc\x08\x98&i!\
\xabD\xeaDM\xb3\xb9!\x1d\xfbld1\xce\xecd\
\xdf\x80\x138\xbe8\x1e\x11\x83\xa0\x0c\xde\xfd\x17J\xb8\
\xa2\x80\xa2\x85\xbe\xcf}\xf1\xab2r\xf3\xc4YT\xbf\
\xe5H\xc54\x04\x14,\xac\xfb\xe0\x22\x19\xf6\x88\x08\xa8\
\xcf\xe0\xdc\xbc\x96%\xb9i\xfd\xd1^c1\xc3\xb9\xa6\
\x96\xda\xe5L\xb84U\xefB\xfa\xe16\xb5\xe3\x8c\x91\
U\xa2\xeaD\xc3\x87\xcd\x02\xe7\xb5\x1d\x0dR\x7fQ\xf2\
\xb3P\xaa\x14OL\xe5\xa9aiE\x15/TE\xf5\
KX\x05\xf5\x1f\xff\xa4Z\x8c\x1d\x16\x88KP\xc5\xd5\
\xc65\x7f\x96Z\x92+\x92Q\xf3*^ \xb7\x02\xa6\
\xd1\x1d\x84\xe3\x0a\xf6W\xa2\xeaD\xc3\xe2\x16G\x9cJ\
\x1b\xd3S\x96\xb6\x85\xb2\xd6\xca\x22\xa6\x1a\xfbQ\x93J\
\xe1\x9e5m\xfcf\xc9\xed\x9a\xff\xfc\xeePb\x83m\
\xa7m{\xa8\xe4v\xd8&\xedL\xfd<\x92{\x01\xd3\
\x14\xcfZF\x99\xb9\xa9d\xd5\x89i\xff\xf1\xfd\x81\x22\
\x86d\xd6F\xe7\x96*1\x88\x18\xac\xa4\xb0\x22\x06\x0b\
\x08\x02b\xf2:Xh\xd8\xb6~\xd9\xd5%\xb7\x85\xb5\
\xa6\x84\xe9\xbc\xd2\xc2\xa4\xf7\x1bE\xc4(|\xe6d\xaa\
&~\xd6\x08\x9b\xd9\x0f\x974\x949\xff\xca\xd6X\x17\
n#@?\xf8\xff\xde\x93\xe1\xbd\x7f\x08:\xd7\xcdm\
\x92)\xff\xac]Y_\x15c\xd6g\xcbj\x14\x82\x12\
5Ch\xcc\x110\x93\x87\xa0\xf8\xe0\xa7\xd7H\xc7U\
\xd7Dr\x0b\xc1\xf0?<\xa2f\x1cG\xf6\xfdr|\
FS\x05\xdb/^\xacb^Q\x1au\xc8\xd9\xe3\x1f\
q\xf6\xed\xde\xaf\xf8|\x86\xa6/~M\xa6\xac\xf9\x92\
\x103(`\x06 \xe0\xbf\xeb\x99\xc1\xc0ZdYj\
\xd8\x81t\x09d\xe1\x83\xda\x19\x19\x99\xa7)S\xc4\x00\
f\x03\xb1V\xd1-d\x18\xf4Hi\x88\xdbj\xd1\xef\
\x15\xf7~\xf5\x0c\xaa\x9bBA\xc4\xe9\x89\xac\xc1\xacv\
(`!\x80%\x86)k\x08Y\xb1U\x06\xf73T\
\x0c-f\xeb\xcb\x0ab\x101B\xdcP\xc0\x22\xe2\xb6\
\xca`}\xed\xbc\xe5\x9cp\xb3\x8f\xfb\xd6d\xab\xeaj\
ZP\xc4H\x8cP\xc0\xca\x04\x96\x18n\xa1b_H\
\x9dx\xb5Kr\x0bE\x8c\xc4\x04\x05\xac\x12\xe4\xd5\xfa\
rC\x11#1\xc04\x8a\xb4\xc9Z\xc3\x8eJ\x11S\
\x9e\x18\xc97\x14\xb0\xb4\xc9b\xc3\x8eJA\x11#e\
B\x01K\x93,7\xec\xa8\x14\x141R\x06\x14\xb04\
\xc9z\xc3\x8eJA\x11#\x11\xa1\x80\xa5\x89\x0d\x0d;\
*\x05E\x8cD\x80\x02\x96\x161T\x9d\xa8z(b\
$$\xb9\xab\x07V1\x0e\xd9\xe1>\x1e\x1c=W\xee\
\x1a\xbeNv\x8d\x14\xd6\x13\xce\xab}[\xd67<&\
\xeb\xebwK*@\xc4\xeaZD.\xf8\x8a$\xc2\xe0\
\x16\x913O\x88\x8c\x1e\x14\xa9\x99\xe1\xbc\xd7\x12\x91\xc6\
\xcd\xce\xa5|\x9e\x10\xfb`\x1eX\x1a u\xe2\xc0F\
\xc9:\xf7\x8f\xac\x94[\x87\xfeLz\xc6&\x97\x04\x82\
\x90=\xde|\x9b\xcc\xabyGR\xe1\x82\x9bE\xce\xfb\
\xbc\xc4\x06\x04\xeb\xd4j\xe7\xaf\x8f\x1b\xdf\xf8m\xe7v\
\x8b\x10\xbb\xa0\x80\xa5\x81\x05\xeb\x1eay]x\xea{\
\x81\xdb@\xc4~\xd3|\xb3\xb4\xd7\x9c\x94\xc4\xa9w\xac\
\xb0\xc5\xdfuDe\xb6\xc4B\xdf\x85\x22c\x07\x83\xb7\
\x99\xfa\xb8\xf3\xbe\xcb\x85\xd8\x03c`IcI\xea\xc4\
\x96\xd3\xff\xa6\xe46\x05\xf7\xf2s\x92\x0a#\xfd\x22o\
\xfdHb\xe1\xf4\xfd\xa5\xc5\x0b\x0c\xdd!\xc4.(`\
IcI\xea\xc4O\xce\xfc\xb1\xd1v\xbf\x1d\x9d/\xa9\
q\xf4\x91\x82\x90\x95\xcb\xa8\xe1\xec/bc&BG\
2\x03\x05,i,I\x9d\xf0\x8a{\x95\xb3],@\
\xbc\x8e\xef\x91\xb29\xc3\xf4\x95j\x85\x02\x96$L\x9d\
(\x9fS/K\xd9p\x86\xb1j\xa1\x80%\x89%\xa9\
\x13`y\xdd\xef\x8c\xb6\x9bW\x9b\xd2,\xa4&\x0e\x17\
\x12\xa9\x12&@\xe8j\xe6\x09\xb1\x07\x0aXRXV\
u\xa2\xb3\xbe\xdbh\xbb\xcdS\xfeV\xac\xa3a\xbd#\
L\xedf\xdb\x11\xab\xa0\x80%\x85eU'\xd67t\
\xcb\x96\x12\xe2\x84\xe7S\xcb\x03\xd3\xd4\x9b\xf5\xbc\x0c\x04\
\xe2\x85<\xaf\xc0\xf7Y^Hh%VA\x01K\x02\
K\xabNl\x9e\xf2\x7f\xe4\xfb\xce@/\x16\xa9\xe5u\
\xcf\xaa$V<\x9f:\x8d\xe7I,LY/\xd2\xf2\
\xdadwR\x89\xdb\x96B\x0e\x18\xb1\x0e&\xb2&A\
\x154\xec\xd87:_\xcd8.\xa9}5\x9d\xc4U\
?\x96<\x18\x9f\x88i\x90\x95\x8ft\x09\xc6\xbc\xac\x87\
k!\x93\xa0\x0a\xaaN@\xb8*N\xdb\xc7\xe2\x17/\
\xa0f%\xe7\x09\xb1\x1f\xba\x90q\xc3\xd4\x89\xf8\xc0z\
HB\x02\xa0\x80\xc5\x8dE\xa9\x13\x99\xe6\xfc\x1b\x9c\xb8\
\xd4\xc5BH\x10\x14\xb08a\xc3\x8ex\x98u\xb5\xc8\
\xdc\x1b\x84\x90R0\x06\x16'l\xd8Q>\xb0\xbc(\
^\xc4\x10\x0aX\x5c\xb0aGy `\x0f\xe1j3\
\xcc\x9a'D(`\xf1\xc1\x86\x1d\xd1\xa0p\x912\xa0\
\x80\xc5\x05\x1bv\x98\x83\xec\xfa\x99N\x9ck\xc62\x0a\
\x17)\x0b\x0aX\x1c0u\xc2\x0c\x08\x17\xcaD\x9f\xfb\
\xf9x\x96\x08\x91\xdcC\x01\x8b\x03\xa6N\x04C7\x91\
$\x04\x05\xac\x5c\x98:\xe1\x0d\xddD\x92\x02\x14\xb0r\
a\xea\xc4D\xe8&\x92\x14\xa1\x80\x95\x03S'\xfe\x00\
\xddDR\x01(`\xe5\x90\xf7\xd4\x09XXp\x11\xe1\
*R\xb8H\x05\xa0\x80\x95C^S'\xe8&\x92\x8c\
@\x01\x8bJ\x1eS'\xe0&B\xb4:\xae\x10B\xb2\
\x00\x05,*yI\x9d\xa0\x9bH2\x0c\x05,\x0ay\
H\x9d\xa0\x9bH,\x80\x02\x16\x85jN\x9d\xa0\x9bH\
,\x82\x02\x16\x96jL\x9d\xa0\x9bH,\x85\x02\x16\x96\
jJ\x9d\xa0\x9bH,\x87\x02\x16\x96jH\x9d`\xd2\
)\xa9\x12(`a\xb09u\x82k\x13I\x15B\x01\
\x0b\x83\x8d\xc1{\xba\x89\xa4\x8a\xa1\x80\x992\xd2o\x97\
\xfbH7\x91\xe4\x00\x0a\x98)\xa7^\x92\xccC7\x91\
\xe4\x0c\x0aX5@7\x91\xe4\x14\x0a\x98\xcd\xd0M$\
9\x87\x02fJ]F,\x1b&\x9d\x122\x0e\x05\xcc\
\x94\xc6\xd9RQ\xe8&\x122\x09\x0a\x98)\x10\x8d\xd6\
%\xe9\xcfDrm\x22!\xbeP\xc0\xc2\xd0\xb1,\x1d\
\x01\xa3\x9bH\x88\x115c\x0eB\xcc@.\xd8s_\
L.\x1b\x9fn\x22!\xa1\xa0\x80\x85\x05\xb5\xc0\x0el\
\x94X\x81\x9b8\xf3\xb3\x05\xab\x8b\xc2E\x881\x14\xb0\
(\xa0\x22E\x1c\x15Y\x99\x06AHYP\xc0\xa2r\
\xe4\x87\x22\xaf\xdf#\xa1\xa1\x9bHHlP\xc0\xca\x01\
\xb10Xb&\x8b\xbcam\xc1\xd2\xa2p\x11\x12\x1b\
\x14\xb08\x80\x90\x1d\xdf\xe3\xc4\xc7\xf6\x15\x02\xfd\x9a\xc6\
\xf3D\xa6]\x5c\x88m\xe1\xdf\x84\x90X\xa1\x80\x11B\
\xac\xa5V\x08!\xc4R(`\x84\x10k\xa1\x80\x11B\
\xac\x85\x02F\x08\xb1\x16\x0a\x18!\xc4Z(`\x84\x10\
k\xa1\x80\x11B\xac\x85\x02F\x08\xb1\x16\x0a\x18!\xc4\
Z(`\x84\x10k\xf9'(\xffB\x01G\x891M\
\x00\x00\x00\x00IEND\xaeB`\x82\
\x00\x00\x08\x17\
\x89\
PNG\x0d\x0a\x1a\x0a\x00\x00\x00\x0dIHDR\x00\
\x00\x00j\x00\x00\x000\x08\x06\x00\x00\x00\xf94\xef\x06\
\x00\x00\x00\x09pHYs\x00\x00\x0b\x13\x00\x00\x0b\x13\
\x01\x00\x9a\x9c\x18\x00\x00\x00\x01sRGB\x00\xae\xce\
\x1c\xe9\x00\x00\x00\x04gAMA\x00\x00\xb1\x8f\x0b\xfc\
a\x05\x00\x00\x07\xacIDATx\x01\xedY\xcdo\
TU\x14?\x9d\xb6(~1\xa5\xa0.4>B\x14\
5\x18\xa6Q\xd7>\x16.H\x88\x0c;v\x9dn\xdc\
RV.)\x7f\x80i\xf1\x1f` F\xdc\x98\x0e.\
\x80\xc4\x18\x1e`\x82&&\x9d\x8a\x9f+^\xd1\x18\x89\
@\x1f\xd0R\xa13\x1d\x7f\xbf\xd7s\xeb\xe51\xf3\xe6\
=\x84\x00\xe9\xfd%o\xee\xbb\x9f\xef|\xdds\xce\xbd\
#\xe2\xe0\xe0\xe0\xe0\xe0\xe0\xe0\xe0\xe0\xe0\xe0\xe0\xe0\xd0\
\x05\xe5on\x0f\x7ftn\xd2\x93\xc7\x08\x05Ye(\
\x9f]\xf0[\xadf\xf5\xa5\xbeo/\xfc\xf2\xc3\x9eC\
\x8b'v\xfa\xf2\x18`\xd5)\xaa\xd5#\xc3/\xf7~\
'\xcf\x17\xfe\x96\x97\x0a\xb7*\xcd\xa9\xd6\xa9\xb9=;\
N\xc9#\x8eU\xa5\xa8\xf2\xb9\x05OZR\xd9\xd2\x7f\
B\x86\xfa\xe7e\xedLC\x1a\xe7[\xd1\xa2\xb4F\xe4\
\x11G\x9f\xac\x22\xb4\x1arj\xeb\x9a/\xe4\xdd\xfe?\
d\xf3\x8d\x05\xb9\xf5eCz\xa55\xfa\xcc\xe7'C\
y\xc4\xb1jv\xd4\x07g\xe6\xab[\xfa\x8f{\xef\xf4\
}-\xa5\xf99\xb9udQz\xae\xb7*k\x8f\x9e\
<,\x8f\x01\xee\x8b\xa2\x8a\xc5by\xfd\xfa\xf5\x87\xe4\
\x01\x01k\x8f\xe2\x1b\xfb\xe5\x1eP\x9ej\x15\xa9\xa4\xd7\
\xd7\x9c\x1c\xde\xf9DMv\xfcsU\x96>]\x8cz\
\xae\x8b\x9fGI\xf8\xbeG\x1eY\xcaC@OZ'\
\x88*\xb2\x90n\x8b\xf4\xf4\x8c\xe3)/--mG\
5\x94\x8c\x88\xa2\xa8\xebX\x0a\xa6P(\x5c\xe0;\xd6\
\x1f\xc0\x9cH2\xa2|f\xa1\xb2\xb1\xef\xe7\xfdo\xf6\
\x7f\xe5\xbd\xffD]^\xfb~N\x1ag\x9b\xc1\xad\x85\
\xd6\xc8@\xc2\xddm\xdc\xb8\xb1\xb4\xb8\xb8\x98\xe4\xb5n\
\xbe\xa7\x86X\xc13z\xf5\xea\xd5\x83\x1dh\xe5\xfc\x92\
\xe4C\x98E\x0e\xa91\xaa\xb7\xb7w\xb2\xd5j\xf9\x92\
\x11\x10h\xae\xec\x09\xccS\x085(`\x9f\xad\x80\x0d\
\x1b6\xf8h\xdb%\xcbF\xe2ks\x84\xf5\xc71\x87\
\x86\x114\x9b\xcdc\xf6\x1c\xee\x1c\xb99\xef5\x9bR\
\x1a,\x5c\xdc\xf6\x5c\xe1\xcf\xca\xdbk>.nm\xfc\
$o\x5c\x9c\x97\xc2\x8f\xcd\xa0\xf9\xeb\xd2\xd8SGO\
\x9cN\xd2188X\xc1z\x87\xb0~\xb2\xab\x8a'\
s\xa2A\xfadY\x99\x99\x01\xf9\xd6P\xec\xee6.\
UQ \xfe >\x1eJ\xf7\x8f\xf9\x10\x9e\xc7\x8f\xa2\
\xccl\xf1:\xaf\x82\x87V8\xc46\xbaQ(i\xb2\
\xcdp*\xad\xa2\xf38'\xc0\xebv\xd3\xb9\xff\xaf\x0f\
\xc7\xe7\xd6\xae\xa9<-7e\xdd\xa5\x1b2p\xb3\x11\
=;\xd7\x08\x1a\xd3K\x81\xdch\x05O\xb6Q\x90\xc5\
g\x1d\xeb\xf1\xb9cG\x81\x8ecJ\x13y+\xa2\x9f\
mq\xbd\xdd.@\xdft\xbbu\xba\xc8 \xc82\xae\
Gr\x00\xd6<\x81b\xaf\xe4C\x04\x066urY\
X\x93V8J\x85]\xb9r\xe5\xf0\xc0\xc0\xc0$\xdd\
\xa8*\xbd\xdea\xcdQ<E\xacK\x81\xcd\xb0\xe1\xd5\
\x17_8\xb5\xb6P\xf0\xfd\xc1\xe7\xca\x07\xdf\xda\x5c\xef\
\xf9\xecx\xdcNw\x94\xc7]\xb6\xa1\x8f\xb1q\xacM\
W\x88\xe7 \xdc\xe0D\x87y\x94SG\x85\x81\xb7\x90\
\xfcJF\xe4J\xcf!\x98\x10\xee0\xc89\x87B\x22\
\xc1Q\x87\xfe\x03\xd8\xb5\xa3(\xcb\xa8\x1e\xc6{\x11J\
\xa2\x1b\xa9ub\x04B\xa8HB\x08Wn/\xc6\xb1\
\xe1\xc8\xef\x97\xa6?9\xff\xdb\x8c\x8e\x8b\x85\x0c]m\
\x87\xae\x02\xe9\x80\x94XL#\xbb\xa6^\xc5\xd3\xb6P\
\xc7\xb2>\x8e\xa9u\xb3\xb61\x0a&?\xec\x93\x14\x90\
G\x0c\x9f\xe1\xdc,\xc6\x947\xeb\x0b\xf0\x01/\xcfC\
\xcbI\x0b\x96\x16\x81\x99\xddE\x12\xe0\xb3\xa4\xf3\xa3\xc4\
\xb7<\xfe\xc0\xb8^I\x99[\x84\x22\xa6\x98\xb0\xb4y\
f1\xa4\x8e]\xb3I\xd4\xd0\xa08\x1f\xf5\x01Y\x8e\
_4\xa8\xf7X\x22\xce\x959\x9eJ\x02\xcf\x8c\xaf\xc6\
\xadUQ\x86\x89z\xdd\xcce\x92\xc2o\xa9\xb1tD\
.E\x81\xe1q\xf9\xcf\xb2\xb2\x80\x1f\x1fUA\xb6\x05\
\x13\x07\xf9\x9f\x00]\x1eK#\x80\xbc\xa0uw\x00\x95\
\x13jJn\x0caF\xfb\xc2\xc4X#\xe8m\xa6\x01\
\x0a\xa8B\xa9#\x1aO\xedz\xcd\x9a\xe7\xeb\xdcm\x92\
\x82\xbc\xae/b@\xbd\x07\xac\xb3+\xe6,\xd2\xd7\xd7\
\xe7a\xcd\xfbq\xfe2B\x8a\xb0\xb6o\x1a5\xc1\xa1\
\x22<\xbb]\x11\xeft\xdd\xd1\xdc1t\x95<\x06\x90\
\xa6!4\xaf(\x9d\xbbE\xd7\xb9'C\xb8\x1f\xc8\xa5\
(\x10z\x00\x85\xa7Y\x1a\x11v\x18j|~\xc4\xa4\
\x00L\xafd\x5c&y\xe0;3(\xe9\x1c\xbb*\x18\
\xeb\xa7\xac\xbf\x02dm\x01Sk&!|,z\xcd\
\xebX\x9b\xd4\x9bB\x1f2\x15=\x12P\xb1\xa1\xad$\
]'vo)\xc9M[`^\x15<T;\xd5\xf3\
 \x93\xa2h\x8d`tX\xab$\xd6c3\x99b\x0c\
j3\xc5\xd7~\xa6\xaa\x91\x1e\x16\x19\x98\x0f0\xe5e\
\xc2\xc0ALNd9\x81\xb8\x90\x5c\x00\xf3|\xc9\x08\
\xee\x0c\xd0\xb8\x1b.\xf0\x8e\x8c\x94\x82\xd7]\x15&\x8f\
\x19Pn-1vX\xbf\x1b\xb4\xa1\xa5D\xa5cL\
 \x0f\x09\x99\x14\x05B)\x80r\x9bv\xbf\xcb\xbcd\
\x7fM3\xa4\xc0n\xe4!6\x89,\xe9\xb9\xdd\x80u\
)\xf8Zb\xdd\xf86\x01J\x1a\xcb\x90\x0a\xfb\xfc\x81\
2\xaav\xa3\x9e\xa1|\xadNK\x0e`-\xd2I>\
&\xf4\xe6&\xae3\xcbU\x1e2#\x93\xa2@\xe8\x88\
\x0a\xcddr>3\x18\xddM\x91\x1e\x0c\xcd\xae\xa0\x00\
\x07\x12K0{\xb2\x03qW\xe4M\xcf\xf5\xaai\x17\
h9\x9dt]6\x18oP\xac\xc3\x8e:m2\xc4\
\x84\xdb;\xad\xeeY\x10\xf8\xf7a\x97\xfa\x1a\x9f\x82,\
W=607\x02\x0f3z\x03sW=\x0f2)\
J\xcf\x06c|7\xc9\x84\xbd[  Z\x0b\xfd=\
S\xdd@\xda\xa4\xdaz\x0f\x98YQy\xa0J\x9a\xd2\
\xefK\xa7s\x13\x0f\xec\x10\xf8^\xa59\x14M\x22\xda\
\xb8=c\xed\xfb\xf0\x98\xbe\x1aoM\xf0\x1ad=@\
s'\xc20(0\x93\xd4\xc4u|\xaf\x947)\xcb\
\x9c\x9eS\x11`\xce\x97\xe5\x18\xc5zY\xeb\x13$\x04\
\xd6\xb2K\xe3XQ\xef\xaf\xaa\xb2|f\x88\xdd\x91\x15\
\xe3\xee;h\xf5b\x19G\xca\xb7vY\xef\xcc\x04\xcd\
\xf9\xca$G%\xdc\x8c\xac\xdcW\xdan\x8f%\xd6\x9d\
\xcc\xc2\x87\x95\x1dV\xf0~\xc8r\x9dq\xdd$<\x1a\
\xa33!s\xd6Gw\xc2\xcbKYf\xaa\xda\xdf\xdf\
?\x83\xdb\xe6\x08)\xf61\xf5\xbd6\xa1\xa3\xb3\xb3\xb3\
\xe6\x0a\xc7\xb33\xb1\x07\x01\xba`\xfb,d\x82\xbe\xb9\
\x9fK\x8c\xf3\xb4/DqM\xbbhL\xe4k\xc5\xd2\
\xe9\xea\xa0\x14\xf3\xd7J\xd5Z\xc7K\x94wAo[\
\xf8ZL\x19C7{\xd8x\xaan\xc8\xac(\xf5\xe3\
\xf4\xddq\xf6\x86\xf2\x02\xe3V2\xf8\x12\xb0\xf0\x09\xe3\
\x87),\xc9\x01s\x8a\xef\x92\x9e{Z\xc6\x82\xbe|\
\xf92\xafaF\xf0\xdda\xa6\xeah\x9a\xd6D\x226\
\x10\xb4Mk9B\xe1\x93&\x1e5\x8c\x0bC,:\
\xc0\xab \xcc_\xa1U/X'\xf5\xbd\x8ab\x13\xe6\
VPV`\xb0+;\x0d}\xc9x\xe8\xeb-z*\
0\xc6S\x1a=\x9b\x97N\xc8\xe4(\xf5\x9a%N\x08\
\x18k\xb8\xbb\x12\x97\x95l\x1f\xd2\x03,\x99K*\x87\
\xfd#\x9a\x99\xdd\x05\xac5Kw\x81]\xb8]\x0d\x22\
\xcb\xdf%\x13\x0c\xf6\xed:\xcc\xc5n\xb7qi\xd0C\
.\xff\xe6\x09A\xd7&]\x97;\xcbv}\xf1M\x03\
_(#\xf4M\xf18 9\xc1\xddK\xde\xd3\xc6d\
\x8eh\xa0\xa3\x22\xcb\x7f\xa4\xd5\xad6\xc6\xa5\x12\xb3>\
\xd3\xaewV\xeb\x12\xd3\xaf\xa5\x05`\x0d\xd2\xa1\xb5\x86\
\x97\x16\x0bh\xc5\x18{,e\xbdx>]\xa0}\xd8\
\xce\x0b\xe5\xf9\x8el\xcf\xe2\xf9\xae\xb5\xf5\xc6\x85;\xea\
\x15\xc9\x88\xbc\xb7\xe8\x0e\x0e\x0e\x0e\x0e\x0e\x0e\x0e\x0e\x0e\
\x0e\x0e\x0e\x0e\x0e\x0e\x0e\x0e\x0e\x0e\x0e\x0e\x0e\x0e\x8f\x19\
\xfe\x05\xb1Is\xa3V\x01\x99\xa5\x00\x00\x00\x00IE\
ND\xaeB`\x82\
\x00\x00\x02\x0f\
\x89\
PNG\x0d\x0a\x1a\x0a\x00\x00\x00\x0dIHDR\x00\
\x00\x00\x16\x00\x00\x00\x18\x08\x06\x00\x00\x00\xfe\xbe\x0dK\
\x00\x00\x00\x09pHYs\x00\x00\x0b\x13\x00\x00\x0b\x13\
\x01\x00\x9a\x9c\x18\x00\x00\x00\x01sRGB\x00\xae\xce\
\x1c\xe9\x00\x00\x00\x04gAMA\x00\x00\xb1\x8f\x0b\xfc\
a\x05\x00\x00\x01\xa4IDATx\x01\xed\x94ON\
\xc2@\x14\xc6\xbf\x99\xae\x5c\x98\xc8\x01\xd4r\x03<\x81\
\xe0\xce\x95\xed\x09\xa8G\xe0\x04r\x03\xbc\x01\xf1\x04\xe8\
\x160\xc5\x13\xe0\x0d\x0a.\xdc\xb6\x16\x12\x13\xfag|\
\xaf\xfc+\xb4\x8d\xc5\x95\x89~\xc9\x84a\xfa\xdeo\xa6\
o\xbeW\xe0_\xbfF\x81\x83:\x8f\xb2\xf12\xb32\
\xf4\x0d\xf4\xe7\xb5L\xa0\xc4\x0d\x8d\xcbL|\xdf\xb70\
t\x0d\x94\xd2p\xde\xdd\x87GS8!\x8d\x9d8\xdb\
\xad\xe1\xd9\xef\xa2\xd4\x89YZ\xd0\x82T\x9d5|\xe1\
\xa0\xa6\x00\x9d\xa6\xbaz\xc7\xf9\x06\x1ai\x1d\xf8Q\xab\
<\xb8Q\xf1\xa0\x85&D\xdcL\xf6I\x95 \x0e`\
-'Z\x13\xb3\xc8\x84I\xb1?\x15\x95aLeP\
\xc9x\x83]&G\xa4\xff\xf0\xad\x0b\x0dw;\x01\x8a\
^\x7fY\x86t\xd6h\x1f\xa4\x01\xf7\xe2\x0cO\xb9`\
V\xe8\xc0\x10\x12\x9d\x0c\xacX\x1e\x95\xca\x10\xa7x\xd9\
\xdd;G\xca\x81\x1eK\xd8\xdf\xc1)\xf9u\x11\xc3<\
\xaab\xb2\xff,\xf7\xf2\x04\x05\xca\x18\x174}@1\
\xf5\x91b\x1ay\xd0|\xb0\xed\x9ep\x93\x10\xdc\xa3\x13\
\x8dQ\xc4U\x18q\x0c\x06\xb3:\xe5\xe8\xc5`\x06\x0e\
>\xda\xe4\xcd.\xa4pyI\x09\x14v\xd4\xf6Y\x88\
$\x87sS\x1b\x88\x15T_\x01\xdb\xb8:N.\x81\
\xea|\x12I\xb8[\x129A&\xbf\xf5\xd5\x8a\xa7\xc5\
\xa8&\xa7f\xf5]\x0b\x92\xbc\x1dD\xb7\xb8\xaeL\x8a\
\x0e\xc4\xee\xb0\xd6\xde%\x1fo,\xc8\xf3\x8d\xa7\xa7h\
\xe2PQ#\xf4(\xd1e\xfb\xe5lj$\xdf\x8e\x09\
z8T\xdca\x9fN\xb1\xdd\xd8\x92\xdc\x91\x5c2\x94\
\x15\x07\x97I8\x08\xfaw\xf5\x05\x9a\xe0\xc2B\x17p\
^\xe0\x00\x00\x00\x00IEND\xaeB`\x82\
\x00\x00\x05t\
\x89\
PNG\x0d\x0a\x1a\x0a\x00\x00\x00\x0dIHDR\x00\
\x00\x00(\x00\x00\x00(\x08\x06\x00\x00\x00\x8c\xfe\xb8m\
\x00\x00\x00\x09pHYs\x00\x00\x0b\x13\x00\x00\x0b\x13\
\x01\x00\x9a\x9c\x18\x00\x00\x00\x01sRGB\x00\xae\xce\
\x1c\xe9\x00\x00\x00\x04gAMA\x00\x00\xb1\x8f\x0b\xfc\
a\x05\x00\x00\x05\x09IDATx\x01\xcdY]L\
\x1cU\x14>;K\xc2O\xc2\xb2\x02\x0f&\x82Y\x1f\
4\x96%)\x9a\x88,}\xe86\xb1\x15\x12c\xa0\x0d\
E\xe3\x0b\xa4M\x13\x8d)\xdb\x86T\xd3j\xa0`R\
\x89\x85B5\x1a[\x08\xf8\xe0\x03A\x8b}\xaah\x13\
\xb6\x0f*5\xd1`\xd2\xadI}pui\xe2\x03\x81\
\xdd\xf5\x81\xfa\x00x\xbe\xb33\x93\xd9evg\xa8\xbb\
\xb3~\xc9\xe6\xce\x9d\xb9w\xeew\xcf\xf9\xce\x9ds\xef\
\xba\xe8!Q[[\x1b\xdc\xda\xda\xda\xebr\xb9\x82\xdb\
\xdb\xdbM|\xcb\xab\xfe\x808\xdf\x8b*\x8a\x12\xe5r\
\x99\xdb\xdd\x8a\xc7\xe3az\x08\xb8v\xd3\xd8\xcb\xe0A\
C|\xd9g c\x17Q\xfe\x85\x99\xecy&\x1b\xb5\
\xdb\xc9\x16A\x95\xd8\xa0J,\x1f\x98\xb1K\xd4m\xd5\
\xa0\xba\xba:\xc4n\x9c\xe7\xcb \xe5\x0fM\xfc\xce\x8e\
\x8a\x8a\x8a\xf8\xc6\xc6\xc6/\xb9\x1a\xba-\xc8\x8ds1\
\xc0\xbf2\xca? \x91\x8e\xf2\xf2r/\x93\x5c\xc8\xd6\
\xc8\xd4\xc5p\xa9\xdb\xed\x9eg\x81\x07\xc9\x01 \x90\xf8\
w\x80]\x1e\xcf|\xa6\x98u`\xf3/:EN\x1d\
\xafI\x95\xd1\x0e\xecp1\xdc\x0a}\x90\xc3\xe01}\
f\xeeN#XSS\xd3\xc3\xc5\x05*\x1eZ\x98d\
\x82I.i7t\x0d\xb2\xec|\xbc\x94,\xf2\xa5\x8f\
\x8a\x8b8/AOhz\xd45\xc8\xe4\x10\xad>*\
>\xbc*\x17\x81XP\xb5\xde\xef\xe4\x10N\x1c\xefA\
\xe4\xd2\xd5\xa9\xcf\xb2\xb6a+>\x02+\x8a\x05\x8d\x8c\
\x0b\x81\xd6\xc0\xf3i\xf5\xfeS')\x99\xfc\xdb\xaa\x9b\
|\xb54\x17\x07\xa9@\xe8\xee:L\xd3\x93\x1f\xebu\
\xbf\xbf\x81<\x9eJ\xfa\xfe\x87\xdb9\xfb\xa9\xdf|R\
\x90\x95P\x01\xb5\x07\xebE\x22\xbf\xea\xf5\xc6\x86\xa7)\
\x16[\xa1\xd8\xca}\xab\xae\xf8^\x04\x15\xf6\xf5~*\
 \x1a\x1b\xf6\xa4Y\x0b\x84\xb5z#[\x13\xd6\xcd\x94\
\x80\x06\xb6\xe2^E\xcd\xe5r\xc2\xe3\xf1\xd0\x89c=\
\xf22\xb8\xcc.\xaa\xb8\x9f\xdf\xbf'\xcd\x82 \xf3\xf5\
\xc2M\xaa\xaf\xaf\xa3\xf1\xd1\x0b\xf4x]\x1d\xb5\xb64\
K=\x13\xf8\x9a)X\xc1s\x0d\xd2\xfe\xe2A\xba\x17\
\xf9\x89\x86\x06\xcf\xc95\xf4c\x17 \x07LO}B\
C\x03g\x85D}\xddc\xf4\xdd\xd2m\x9a\x18}_\
\xa28\x91L\x8aE\xfbCo\xee\xe8\x8fO \x82\xc4\
\x97k\x10t\xee;}\x86z\x8f\xbd.u\xa35\xcc\
\x08\x81\xc4\xc4\xe8\x88L\x04\x96\x81\xdef\xe7\xbedk\
VI\x1d\xef\xdb\x17h\x11KB\x87(\xdb\xdb\x0e\xd1\
\xc5K\x1f\x9a\xbd\xd2[B\x16\x991f8;7\xaf\
\xeb\xe4\xce\xdd\x9d\x04\xb1\xae\xf9Y\xfc\xdd]G\x84\x10\
O]\xb4\x87>\x18\x18\xb2\xb8\xb1\xf0\xad\x94x\x1f\xbc\
\x01\xc0\xaa\xb1\x95\x15J$\x12\xd9\x82\xc6\xab\x90M`\
\xf6\x91\xc8]Y\xbf\xfaO\x9f\x14K\xdd\x8b\xfc,:\
\x1b\x1a8\xc7\x96\xf9Q\x9e\x81\x10\xdc\x88\x89\x80 \x08\
\xa1\xd4&\x08\x99\x5c\x99\x9cf\xaf\xbcE\xbd\xc7\xdf\xa0\
\xe7\x02\x07\xb2YO\x00\x0b\xe2\x9bg\xb9\xbf\xc0\x00\x7f\
\xf2,a\x05\x90M&\x92t\x87\x09k:\x039\xb8\
\x15%\xac\xf8\xca\xd1#r\x7f\x98\xc9\xc3\xc5\xb1\xd8}\
!\xa2\xb5\xb1\x89xV\x82)\x22)\x17\xc1\x0dX\x12\
>\x18\x9b\x90\xfb\xb3s\xd7\xd2J\xe8\x0aV\x83\x1b1\
\x09X\xd7SY)\xbaE@\x18\x09\xed\x82\x1c\xa28\
Z\x82l63\x921\xe80\xebD\xf4Ru\x96I\
~$3G\x80\x0c\x0f\xbeCW\xa6fR\x22gK\
\xc1e\xef\x0e\xbe'\x1a\x02A\x94\x8f\xd6?IyB\
\xb4\x84\xc9\x85\xf9\x22-A\x85\xc6:\xbb^\x93h\x0b\
\x04\x9ai\x1f\xbbT\x96\x83\xa5\x94\xce.\x8f\x8d\xd0\xd5\
\xc9\x19qo\xdf\xa93t\xe3\x9b\x9bT\x080\xb7e\
\x97\xba\x01_4>\xf8+\xf6\x1b=\xe5\x7f\x96S\x1d\
\x97X\xee\xda\xdc\xe7\xa27\x88\xba5\xd0,z\xb2\xf1\
\xa9\xfa\xcf`^Aeuu5L)\x1d\xea\x80\xe6\
\xb4%\xa1\xbd\xed\xa0\xe8\x0b\x16\x03\x10\xadN\x90\x83\xfe\
8\xdb\xba%)?\xa7\xd9\xd8V\x06\xf5\xa7\xbc\x8eA\
k\xddG\x0fS\xc7\xcb/\xd1\xc5\xb1\xcb4\xfb\xc5<\
9\x09v\xefW\x9c\xfa_\xd7\x12Vd\xb1\xeb\xc6\x06\
\xed\x87^\x10\x8d!B\xa1=\xa7\xa1\xa6\xfdQ}O\
\xc2\xbb\xb9K\x5c\x84\xe8\xff\x81\x99\xb5\xb5\xb5^\x5c\x18\
7M^5\xed\xdf\xed\xa1P^\x01\xed\xa9\x9b\xf8(\
\xea\xfa\xb6\xf3\x01\xa3\xb4\xb4\xf4\x1f\xf6}\x1b\x15\x11L\
.\x84\xe0\xd0\xeai\xfbb\xe6\xb8\x84\xcd3_\xb6P\
q0\xbe\xbe\xbe>b\xbcaz6\xc3\x1bxG\x8f\
>\x00|\xd1\x98\xdc3\x99\xf7M\xb3\x99\xcd\xcd\xcdN\
t \x87\xc0c\x85\xa1;\xb3g\xa6\xc7o\x0fR\xf8\
\xd4!w\xc3\xad\xafb@\xb3\x879\xcf\x07q\x90\xc3\
\x81\xf3\x07\xa5\x0e\x1c\xf3\x1d\xdd8\xe2x\x9b\xc9\x9d\xcf\
\xd5\xc8\xf2\x84\x95'\xb6\x5cVVv]%h\xb9\xc1\
\xb2\x89q&\xd7i\x8c\xd6l\xd8\xed!:\x8eH\x06\
\x10@V\x9b-\x13\xc0b8\xb1\x9d0;\xa8\xa4|\
\x104\x82\xb3\xa0\xfd\xc86\xd4m\xabO%\xac\xff\x0d\
A\xa9\xbf\x22\x90k\xe2d\x7f\xd9\x8e\xb5\xcc\xf0/\xda\
!i\xe7\x9e\xae\xce\x8e\x00\x00\x00\x00IEND\xae\
B`\x82\
\x00\x00\x0ft\
\x00\
\x00\x01\x00\x03\x00\x10\x10\x00\x00\x00\x00 \x00\xf6\x02\x00\
\x006\x00\x00\x00\x18\x18\x00\x00\x00\x00 \x00\x00\x05\x00\
\x00,\x03\x00\x00  \x00\x00\x00\x00 \x00H\x07\x00\
\x00,\x08\x00\x00\x89PNG\x0d\x0a\x1a\x0a\x00\x00\x00\
\x0dIHDR\x00\x00\x00\x10\x00\x00\x00\x10\x08\x06\x00\
\x00\x00\x1f\xf3\xffa\x00\x00\x02\xbdIDATx\x9c\
e\x93\xc1k\x5c\x05\x10\xc6\x7f3\xef\xf5\xed.\xd9\xb7\
\xd9l6\x1a\xcb&1\x9aFK\xbcJ5&\x1a\x90\
\xaa\xf5\x7f\xf0`\x10[\xa5\x82\x14\xf4\x9f\x10z\xd2\xd2\
\x93\x17APQ\xa4H\x05\xf1\x10\xb1\x14\xbc\xd6J\xad\
\xb6\x86\x8d9X\x08\xd9\xe0{\xd9\xbc\xdd\xb7o\xa6\x87\
\xee\xcab\xe74\x0c\xf3\x9b\xf9\x0e\xdf'<(\x01\x1c\
\xa0\xd1h\x9c\x12\x91s\xee\xbe\x0e,\x02\xe6\xee;\xaa\
zMD>\xdd\xdb\xdb\xfbi\x9c\x91Q\xb3\xb0\xb0P\
N\x92\xe4\x22\xb0)\x22%wg\xbcD\x04w\x1f\x88\
\xc8\xe5J\xa5\xf2\xe1\xee\xee\xee\x11 \x02h\xab\xd5*\
u\xbb\xdd\xab\xaa\xbaaf\x00\x05\xa0\xc3\xe3\x0c\xd5\x99\
\x88\xa8\xaa\xca`0\xd8\xeat:g\x80\xbe\x02\xd6\xed\
v?\x12\x91\x0d3\xeb\x0f\x97\x831x$7\xe8\xf7\
\xfb\x92\xf5z\xfd \x086\xa6\xa6\xa6.\x02&\xf5z\
}]U\xb7\x00\x1f}(\x8a\xe2!\xf9y\x9e\xf3\xf4\
S\xcb\x14E\xe1\xbf\xdf\xfe\xc3\xca\xe5\xb2\xe7y\xbe\x1a\
\xaa\xeaY\x11Q\xa0\xc8\xb2L\xb2\xacG\xad\x16\xa3\xaa\
\x84A@\x92\xa6\xbc\xb8\xfe\x02f\xc6\xf2\x89%n\xdc\
\xb89z\x10\x86a\xf0\x9e\x02\xab\x00y\x9e\xeb\xca\xca\
I.\xbc\x7f\x9ej\xb5J\xaf\xd7\xe7\xdf$\xa5\xdb\xed\
\xf2\xcc\xcaI\x9e|b\x91$MY}\xfe96\xdf\
|C\xf3<w\x90\xb5\x10h\x89\x08\xfd<\x97R\x14\
\xb1\xb6z\x8a/\xbf\xfa\x86\x89\x89\x0a\xaf\xbdz\x9aZ\
-f~\xae\xc5\x89\xa5%\xd2\xc3C\x1e}d\x86+\
\xdf]\x15wGD\xe6ezzz\x90\xe7y0\xdd\
h \x22\x9c{{\x93N\xe7\x80\xb9\xb9\x16\xcb\xcbK\
dY\xc6\xc1\xc1\x01w\xeen\xf3\xe7\x9d\xbb\xdc\xbau\
\x9b\xf6\xce\xdf\x14\x85\xa1*\xb9\xd4\xeb\xf5\xbf*\x95\xf2\
\xe3\xef\x9e}\x8bR\xa9$3\xcd&33M\xda;\
;|\xf6\xf9\x17\x1c\xa6\x87$I\xca?\xf7\xee1(\
\x0aJQD\x14E\xae\xaa\xe2\xee\xdba\xaf\xd7\xbbv\
\xfc\xf8c\x8bA\x18\x14q\x1c\x07_\x7f{\x85_o\
\xfeF\x92\xa4dY\x0fU!\x08\x02\xaa\xd5*\x22\x82\
\x99\xe1\xee\x06\x04\xee~]fgg\x9fM\xd3\xf4\xfa\
+\xa7_\x167\xd3\xef\x7f\xf8Q\xa2c\xc7\x08\xc3\x10\
Ue\xe4\xc81g:`\x80\x98\xd9\x86\x0c\xfd\x7f\xa9\
{t\xf4\x8e\x9b\xf5\xe38\x8e\xdc\x9d\xff[y\x0c\xce\
E$2\xb3O:\x9d\xcey\x054\x8e\xe3\x0bq\xb5\
\xba599\x19\x99\x99\xbb{1\x0a\xd7\x18X\x00\xa2\
\xaa\x91\x99mMLL|\x00\xa8\x02\xden\xb7\xb3R\
\xa9\xf4zQ\x14\x1f\x03\x85\x88<d\xe5\xe1\xacgf\
\x97j\xb5\xda\x99a\x98|\xb4\xf4_\x9c\x9b\xcd\xe6K\
\xee\xbeifk\x222\x0f\xa8\xbbo\x03?\x8b\xc8\xe5\
\xfd\xfd\xfd_\xc6\x99\xfb\xf7\xa6Hk7\xab\xb5\xa3\x00\
\x00\x00\x00IEND\xaeB`\x82\x89PNG\x0d\
\x0a\x1a\x0a\x00\x00\x00\x0dIHDR\x00\x00\x00\x18\x00\
\x00\x00\x18\x08\x06\x00\x00\x00\xe0w=\xf8\x00\x00\x04\xc7\
IDATx\x9c\x95\x96]\x88Te\x18\xc7\x7f\xcf\
{\xe6\x9c\xb3\xb3\xebL3\xfb!\xf9\x85\xed\xaaiR\
\xf9E\xb5jDDjk\x8b\xd6E $F\x10\x91\
\xe1E)\x08\xd2E\xdaUWAPYI`Z\x17\
\x91Y\x86RF\xa1\x15\x88%dI\x99\x1f\xdbJ\x16\
j\xb93\xcc\xeeY\xe7\xb83\xe7\xbcO\x17sf\x1d\
\xbf\xb2\x1e\x98\x9b\xe1y\x7f\xcf\xc79\xef\xff\x7f\x84\xab\
\xc3\x00\x16 \x97\xcb\xcd2\xc6<\xa2\xaa\x0bDd\x0e\
\xd0\x06\xa0\xaag\x81\x13\x22\xb2\x1f\xd8[,\x16\xbfK\
\xce:@\xdc\x08\x93k\xc13\x99\xcc\xad\x9e\xe7mP\
\xd5e\x22\xd2\x9a@/K\x14\xa9\x1dU\xd5\x00\xd8-\
\x22\x9b\x0a\x85\xc2\xf1\x849\x9a\xdcX \x05D\xad\xad\
\xad\xab\x80\xd7D$\x93@\xa3\xa4\xb04\xe4k\xc3\xcf\
\x11\x11T\xf5\xbc\x88\xac-\x14\x0a\xef\xd5Y\xf5\x8e\xeb\
\xa3E\xf9|~\xa3\x88\xbc\x0bdT5J\x00\xa9\x86\
\x02\x8d\x8d\x99\xe4\x9c&\xb9\x1d\xc0\xf6|>\xbf\xb1\xa1\
\xa9\xd1D\x9b\xcb\xe5V:\x8e\xb3]Um\xc3\xba\xfe\
S$\xeb\xb2\xc9\xc4\xc6Z\xbb\xaaT*m\x07\x8c\x00\
\x92\xc9d\xa6\xa5R\xa9C\x22\x92I\xba\xbe!\xbc\xfe\
\x0c\x00*\xd5*j\x15\xdf\xf7\xac\xaa\x8a\xaa\x86\x8e\xe3\
\xcc\x1e\x18\x18\xe83\x80\xba\xae\xfb\x921&K\xed\xed\
\xf9O\xf0(\x8a\x18\x19\x19!\x8a\x22&N\x18OW\
\xd7d\xaa\xd5\xaa\x11\x91\xd8\x18\xd3\x1c\xc7\xf1\x0b\x80\x9a\
\xf6\xf6\xf6y\xaa\xbaLk\xf3\x8d\xc2\x8d1\x18s\xed\
ZQ5\xa2\xbd\xbd\x9d\xee\xee\xbb\x19\x1c\x1cd\xcd\xea\
\xa7\x99=\xebN\xc2\xf0\x22\x22\xe2$\xacG\xf3\xf9\xfc\
\xed\xc6Z\xdbk\x8cI'\xdd\x8f\xce=<|\x810\
\x0c/[\x05@*\xe50\x5c\xbe\xc0\xf2\xde\x1e\x96\xf7\
\xf6\xe0\xf9>\x93&N\xe0\xe0\xc1C\xf8\xbe\x87\xb5V\
\x00\x9bl\xe41\xa3\xaa\xf7\xd7'o\x04-\x5c\xd0\xcd\
\xcc\xdbf\x10E\x11\x22\x821\x06\xc7q\xb0V\x89\xa3\
\x88)]]\xec\xff\xfa[\xa6N\xe9\xe2\xec\xb9s\x8c\
\x1d\xdb\xc1[\xaf\xbfJg\xe7-T\xab\x91\x88\x88\x02\
\xdd\x06\x98\xa6\xaaH-\x00X\xbf\xee9\xb6m\xdb\xca\
\xc3=\x8b\x09\xc3\x10\x80r9dhh\x08\xd7u\xe9\
\xe8\xe8`\xe6\xcc\xe9\xac||\x05\xf7.\xe8f`\xa0\
\xc0\xd2\x87\x16\x91\xc9\x8c\xe1\xbe\x85\xf3iii\x968\
\x8aDD\xe6\xa4Dd\x1c\x80\xaaJ\xbd\xcb7\xde\xdc\
\xc2\xd8\x8ev\xfa~\xebG\x15\x5c\xd7e\xee\xdcY\xf4\
\xf6,\xa1\xab\xb3\x93/\xbf\xdaG\xdfo\xfd\x8c\x193\
\x86\xc5\x0f>\xc0\xa4I\x13q\x1c\xc3\xd0P\xc0\xd1c\
\xc7\x09\x82@\x9a\xd2i\xd4\xda\xb6T\xe3\x9b\x11\x86\x17\
\x19\x19\x19\xa1\xa9\xc9\xc7\xf3]\xb2\xd9,k\x9f_C\
\xda\xf7\x996m*\x93'M\xe4\xe2\xc8\x08\xf3\xe6\xcd\
aJW'\x83C\x83\x9c<\xd9\xcf\x0f\x87\x7f\xe2\xc0\
\xc1\xef\xe9\xef?E0<\x8c\xef\xfb\xa8\xad]\xa7\x14\
P0\xc6t\x94\xcbe]0\xbf[\x96.Y\xc4\x07\
;v\x92\xcf\xe7\x99=\xeb\x0e\x9a\x9b\x9b\x11\x11\x9a|\
\x9f=\x9f}\x81q\x1cZ\xf39>\xd9\xb5\x9bc\xc7\
Op\xea\xf7\xd3T*\x15|\xcf\xc3u]\x1c\xc7\x81\
\xda]\x12U=+mmm{\xe38Z\x94\xcdf\
u\xc3\xfau&\x9dn\xa2Z\x8d(\x97\xcb\x8c\x1fw\
3\xf9|\x9eb\xa1\xc8\xe6-\xefp\xf4\xd7c\x94\xcb\
!q\x1c\x13\xc51\x9e\xeb\xd2\xd4\xd4\x84\x88\xa0\xd6\xd6\
\xc4\xa9v\x9b\xad\x88\x18k\xed\xfe\x14p0\x8a\xec\xe2\
\x9b\xb2Y\x9b\xcdfx\xf2\xa9\xd5|\xb6\xfb#v\xec\
\xdc\xc5k\x9b\xdf\xc6\x88\xf0\xd7\xf9\x01\xaa\x95\x0a\x9e\xe7\
\xe1{\x1e\x5cRR\xac\xad+\xcbe\xa1\xc9\xda\xf7\x99\
T*\xf5\xa1\xef{C\xa7\xff\xf8\xd3\x14\x8aE\xfdf\
\xdf\xe7\xf4\xf5\xf5\xb3\xe3\xa3]\x9c9s\x8e\xb3\xe7\xfe\
\xc6\x88\x90N\xa71\xc6`\x13\xa8\xb5\xf6*\x09o\x80\
\x1bkm\x18\xc7\xf1\x1e\x01hkk\xdb\x1a\xc7\xf1\x13\
\x9e\xe7E3gLO\x1d\xf9\xf9\x17\xe28\xc6u]\
T\xf5z\xa0\xebE\x9c\xdc\xe6\x0f\x8a\xc5\xe2\x8a\xba\xd8\
Mu]\xf7G \x1d\x86\xa1\xa6\xd3i\x93h\xfc\xff\
\x01C\xa2\x06\xaa\x1aDQtW\x10\x04'\x0d A\
\x10\x9c\xb4\xd6>#\x22\xd2\xd2\xd2\x02\x97\xa4\xf7\xff\xc2\
\x11\x11Q\xd5g\x83 8\x01H\xdd\x7fM\xa9T\xda\
n\xad\xdd\xa4\xaa\x86\x9a\xe8\xd5\x0d\xe7F\xa1I\xae\x11\
\x11\x13E\xd1\xa6R\xa9\xf4>53\xb2WYf.\
\x97[i\x8cyED:\x92)b.\xd9\xe5\x95\x96\
i\x81\x94\x88`\xad\x0dDdM\xb1X\xdcF\x83e\
^i\xfa\x02h&\x93\x99\xee8\xce\x8b\xc6\x98\xde\xc4\
\x84\xfe\xcd\xf4\x0b\x22\xf2i\xa5Ry9Y\xcb\xe8W\
\xc9\xb5\x0a@\xc3\xa7Gkk\xeb=\xc0\x92Dqo\
\xad\xeb\x16PP\xd5\xc3\x22r\xc0Z\xfbq\xa9T:\
\x92\xfc\x7f\x19\x1c\xe0\x1f\xca5/\xbc\x1acR\x7f\x00\
\x00\x00\x00IEND\xaeB`\x82\x89PNG\x0d\
\x0a\x1a\x0a\x00\x00\x00\x0dIHDR\x00\x00\x00 \x00\
\x00\x00 \x08\x06\x00\x00\x00szz\xf4\x00\x00\x07\x0f\
IDATx\x9c\xb5\x97kl\x93\xe7\x15\xc7\x7f\xe7\
y_\xdb\xb5\x83Ml'\x84\xcbh\xb8\x85K\xa84\
\xb6\x92\x05\xc4\x8a\xc4\xadch\x94u\xa2L\x93&\xa4\
\xf6\xc3Vu\xabZu\x15\x9a\xfa\xa5b\x9fzQ\xab\
u\xdd\xaa\xb1j\x1bLTU\xdb\xad\x95\xd0\x04\x14\xba\
u\xe5\xa2\x00%\x5c:XK\x07%\x5cz\x19N\xe2\
`\xc7\xa9\xed\xd7\xefs\xf6\xc1\xaf!\xa4\x090\xe8\x8e\
d\xc9\xf6\xfb\x9c\xf3\xff\x9f\xcbs\xdes\x84\x91\xc5\x00\
\x0e\xe0\x01466N\xb5\xd6\xb6\x03\xf3Tu!\xd0\
\x0c$\x00Q\xd5\x0c\xd0e\x8c9n\xad}\xcbu\xdd\
\x03\x99L\xe6\x14\xa0\x81\x0d\x1b|\xff\x82\xc8\x08\xe0R\
SH\xa7\xd3m\xd6\xdaU\x22r\xbf\x88\xa4\x01T\x87\
\xb5UU\x14AU{\x81WUus6\x9b\xdd;\
\xd4\xe6\xb5\x088\x80\xdf\xd0\xd00\xceZ\xfb\xa8\xaa\xae\
u\x1c\xa7\xc1Z\x0b\xe0\x07:2\x8c\xae\x0e\x020\xc6\
\x18|\xdf\xcf\x8b\xc8\x0b\xb1X\xec\xa9\xf3\xe7\xcf\xf7R\
\x8d\xaa\xbd\x1a\x01\x17\xa8\xa4\xd3\xe9\x99\xd6\xdaM\xc6\x98\
o\x04\xdez\xc1\xb3\x91\x226T\x14\xa8\x00\xa1\xe0w\
\x87\x88\xdc\xd7\xd3\xd3\xf3A\xf0\x9f7\x1c\x01\x03\xd8T\
*\xb5LU7\x89\xc8\xb8\xc0\x88\x09>7\x225o\
\x8d\xaa\xf6\x89\xc8\x9a\xde\xde\xde\x9d\x0c\x8aD\x8d\x80\x00\
\x1a\x8f\xc7\xa7\xbb\xae\xbb_D\xea\x83\x037\x0a<\x1c\
\x11\xa3\xaa\x9f\xf9\xbe\x7fG.\x97;Y\xc345\x12\
MMMc\x5c\xd7\xdd\x14\x80\xeb\x97\x01.\x22\x88\x08\
\x81-\x15\x91\xb1\x8e\xe3\xbc\x9cL&'\x06GL-\
\xbc\xeay\xde#\xc6\x98y\x5c.\xb4\x1b\x06\xad\x89\xef\
\xfbx\xde\x15\xe9\xf6\x8c1sE\xe4a\x02'\x05 \
\x99L\xce\x17\x91\xad@<8xC\xdeW+\xdfR\
\xe3\x10\x8dF\x09\x87C\xf4\xf5]\xac\x11\xab\xf5\x83\x1e\
c\xcc\x8a\xee\xee\xeeN\xd3\xdc\xdc|\x8b\xaa\xdek\x8c\
\xa9\xe7&\xf3^,\x96\x08\x85\x5c\x1cc\xc8\xe7\xfbY\
\xf7\xb3\x87\xb8{\xd5J\x8a\xc5\xe2\xe0T\xf8\xc6\x981\
\xbe\xef\xaf\x06\x1cS*\x95\x9a\x8c1\xab\x83{\xee\x0e\
5:(\x8f#\x8a\x88P.\x97\x99?\xaf\x8d\xf5\x8f\
?F\xbe\xbf@}r4w.[\xc2\x89\x13\x1f\x22\
b\x067\xaf\x90\xad\x82\xdd\x97L&\xc7\x9bR\xa9\xb4\
@D\x92\x81\xf72\xd8\xa8\xe38T*\x15J\xa5\xd2\
5\xbb_\xd9\xf3X\xb1\xfcN\xa6N\x9eL\xa9Td\
v\xeb,\x0a\x85~\x8e\xbcwl\xa8\x13\xd5\xea7f\
\x8c\xaa.4\xc0R\x86\xb4H\x11\xc1\xf3<2\x99n\
\xeab1&~e\x02\xa1P\xe8\x0b$D\x04c\x04\
\xd7uP\xab\xb4L\x9b\xc2\xebolAU\x99\xfb\xb5\
9\x9c8\xf1o\x8a\xc5\x22\xeb\x1f\x7f\x8c\x9f\xaf{\x04\
\xabJ\x10i\xa1z+\xda\x0d\xd0\xaa\xaa\x97Z\xab\x88\
\xe0\xfb>\xe9t\x8au\x8f>\xcc\xeb\x7fy\x85\xdf<\
\xff,\xe3\xc7\x8d\xc5\xf3<\x8c\xa9\x96\x881\xd5\xb0\x96\
\xcb\x1e\x17/\xe6H%\xeb\x99>\xbd\x85\x05\xf3\xdb\x19\
7n,s\xe7~\x9d}\x07\x0er\xd7\xca\x15,Z\
\xf8M\xc2n\x88U+W\x10\x0e\x87QU\x090\xef\
pEd\xf2\xa0\xd0\x5c\x92p(\xc4m\xad3(\x97\
=\xeaG\x8f&\x9b\xed\xc3q\x1c\xac\xb5Xk)\x14\
\x06\xa8\xafO\xd0|\xeb\xad46\xa6\x19\x18\xf8\x9cH\
8\xcc\xfc\xf9m\xfc\xe0\xfb\xf7P,\x16\x09\x85C\xdc\
\xbd\xe4;l\xdf\xf17\xe6|\xf56\x0e\x1c\xec\xacE\
\xae\xe6\xec$I\xa5Rv(\xb8\xe38\xf8\xbeO.\
\x97\xe7\xc1\x9f\xfc\x98\xc5\x8b\x16\xb2\xf2\xbbkhjj\
\xa2\x5c.3\xa9\xb9\x99\xbbV.g\xd9\xd2\xc5\xa4S\
)\xfe\xf1\xcen>\xfe\xe4S\x9a\x1a\x1b\x89\xc6\xa2\x94\
JeZ[g2:\x11g\xfc\xb8\xb1\x9c>s\x86\
\x81\xc2\x00k\xef\xbd\x9f\x5c>_\x8b\x02\x80u\x83\xfc\
_\x22`\x8c\xa1P(\xe08\x0e\xa3F\xd5\xd1\xdev\
;\x87\x0e\x1f\xe1\x9e\xd5\xdf\xa3\xb1!M{\xdb\x5cN\
\x9d>M{\xdb\x5c*\x15\x9fc\xc7\xdf\xa7\x5c.3\
k\xe6tF'\x12\xb4\xb6\xced\xf7\x9e\x0e\xc2\xa1\x10\
[\xb7\xef\xe0\xd0\xa1\xa3\x1c\xff\xd7\x07\x5c\xc8dp\x1c\
gh-\x89\xa4R\xa9,P\x0f\xd5\xf7\xbc\xe7y\xcc\
n\x9dEOO/\xbd\xd9,[\xb7\xbc\xc6\xbe\x03\x07\
\xa9\x8b\xd5a\x8cp\xf6\xdcyf\xcch\xc1\xf7*$\
SI\x8e\x1d\x7f\x9f\x95+\x96s\xf8\xe8Q\xc2\xa10\
\x7f\x7fg\x17\x9d\x9dG\xe8<|\x84X,\x8a\xb5\x8a\
\xebV{\xc3\xd0\xeb\xac\xaa\x17\x5cU\xed\x12\x919\x22\
\xa2\x9e\xe7\xc9\xb7\xbf\xb5\x8c\xe7\x9e}\x82]{:\xd8\
\xf0\xe2\x1f\xf1\xbc\x0a\x89x\x9c\x81\x81\xcfii\x99J\
|\xd4(&\xde:\x91\xcd/\xbdL&\xd3\xc3G]\
g8y\xea#v\xef\xdeK\xd7\x99\xb3T|\x9fX\
4J:\x95\xaaU\xfcpW\xb8\x16\xf5\xd3\x92L&\
\x7fe\x8c\xf9i\xa5R\xd1D\x22a^x\xfe\x19\xb6\
m\xdf\xc1\xd2%\x8b8w\xeec&N\x9c\xc0\xd6m\
;x\xf2\xa9'\xd9\xb9}\x1b\x89x\x9c\xdf\xfd~#\
\xbb\xf6t \x02\xc5b\x91Ba\x80D\x22N$\x12\
AD.\x15\xeaU\xc4\x8a\x88Xk7\xba\xaa\xba\x1f\
xPUm8\x14b\xc2\xf8\xf1lxq#\xaf\xbe\
\xf6\x06;\xdf\xdc\xc2\xdbo\xef\xe2\xaf[\xdf\xa4\xeb\xec\
9\xde;\xfaO|k)\x97\xcb8\x8e\x831\x86h\
4J]]\x1d\xd6\xf7\xf1}\xffj\xa0CE\x80\xb7\
\x5c\x11\xd9\xa5\xaa\x17\x8c1\x0d\xb9|^\xfb\x0b\xfd\xf2\
\xeb\xe7\x9e\xa6R\xa9\x10\xaf\xabc\xe3\xa6\x97\xe8\xef/\
\xb0\x7f\xff\xbb\xb8n\xb5S\x87\xc3\xe1K\xa1\xbd\x0eo\
\x87\x0b\xbf\xb1\xd6f#\x91\xc8^\x93\xcdf?\x01\xfe\
\xe0\xba\xae)\x16\x8b\xde\xfa_<\xc1\xcc\xe9-L\x9b\
2\x85\x1f=\xf0\x10\xa7Nw\x11\x89\x84\x09\x87\xc3\x97\
Z\xaa\xaa^\xb55_C*A\x13\xfbs$\x12\xf9\
\x8f\x00444\xdcn\xad\xdd\x0a\xa4K\xa5\xb2\xd4\xc5\
\xa2\xa6\xe2\xfb\x14\x8bE\xa2\xd1\xe8\xcd\x80\x0d\x95\xda\xeb\
8\xaf\xaa+\xb2\xd9l\x87\x01\xdc\xee\xee\xeeN`\xb3\
\x888\xd1\xe8-~\xd9\xf3PUb\xb1\xd8\x97\x09N\
\x00\xeeXk7d\xb3\xd9\x0e\xc0\xa9\x0d\x87\xa2\xaa\xbf\
\xb4\xd6\x1e\xb4\xd6\x86\x1c\xc7Qc\xcc\xff\x9a\xdb\xeb\x02\
W\xd5}\x95J\xe5\x19\xaaEh\xaf\x18J\x13\x89\xc4\
4\xc7qv\x8b\xc8X\xfe?Ci_\xa5Ri\xcf\
\xe7\xf3\x1f2h(\xad\xb13\xb9\x5c\xee\xa4\x88\xacU\
\xd5>.\x8f\xce7\x13\x06K0\xda\xab\xea\xa7\x22\xb2\
&\x007\x01\xe6\x15\x1eZ \xd4\xdb\xdb\xbb\xd3\x183\
\x1f\xe8\xe0\xf2N\xe01\xc2n7\x82h\xa0cD\xc4\
U\xd5\x03\xc6\x98\xc5\xc1N\xe0\x0evj\xb8Y\xcb\x00\
6\x91H\xa4\x8c1\xebD\xe4\x01\xc7q\xe2A=\xd8\
Az#\xadf\x0a8\xc1j\xd6-\x22\x7fr\x1c\xe7\
\xe9L&\xf3\x19\xc1\xda7X\xe9\x9a\xcbi2\x99\x5c\
 \x22?T\xd55\xc6\x98\xd4\xb5F3\x00km7\
\xf0[c\xcc\x96\x9e\x9e\x9ew\x87\xda\xbc\x1e\x02\xb5g\
&`,\x89Dbj8\x1cnS\xd5e\xd6\xda\xd9\
\xc0$\x11i\x0c\x8c\xe6\x803\x22\xb2\xcbZ\xbb\xcf\xf7\
\xfd\xfd\xb9\x5c\xeeT`'\x14\xd8\x18\xb6\x96\xfe\x0b\x02\
\xe2=Qx\xb0~\xc8\x00\x00\x00\x00IEND\xae\
B`\x82\
\x00\x00\x03g\
<\
?xml version=\x221.\
0\x22 encoding=\x22UTF\
-8\x22?><svg width=\
\x2224\x22 height=\x2224\x22\
 viewBox=\x220 0 48\
 48\x22 fill=\x22none\x22\
 xmlns=\x22http://w\
ww.w3.org/2000/s\
vg\x22><path d=\x22M8 \
25V38C8 39.6569 \
9.34315 41 11 41\
H37C38.6569 41 4\
0 39.6569 40 38V\
25\x22 stroke=\x22#000\
000\x22 stroke-widt\
h=\x224\x22 stroke-lin\
ecap=\x22round\x22 str\
oke-linejoin=\x22ro\
und\x22/><path d=\x22M\
5 15C5 13.8954 5\
.89543 13 7 13H4\
1C42.1046 13 43 \
13.8954 43 15V23\
C43 24.1046 42.1\
046 25 41 25H7C5\
.89543 25 5 24.1\
046 5 23V15Z\x22 fi\
ll=\x22none\x22 stroke\
=\x22#000000\x22 strok\
e-width=\x224\x22 stro\
ke-linejoin=\x22rou\
nd\x22/><path d=\x22M3\
1 13V9C31 7.8954\
3 30.1046 7 29 7\
H19C17.8954 7 17\
 7.89543 17 9V13\
\x22 stroke=\x22#00000\
0\x22 stroke-width=\
\x224\x22 stroke-linec\
ap=\x22round\x22 strok\
e-linejoin=\x22roun\
d\x22/><path d=\x22M15\
 23V29\x22 stroke=\x22\
#000000\x22 stroke-\
width=\x224\x22 stroke\
-linecap=\x22round\x22\
 stroke-linejoin\
=\x22round\x22/><path \
d=\x22M33 23V29\x22 st\
roke=\x22#000000\x22 s\
troke-width=\x224\x22 \
stroke-linecap=\x22\
round\x22 stroke-li\
nejoin=\x22round\x22/>\
</svg>\
\x00\x00\x96\xf5\
<\
?xml version=\x221.\
0\x22 encoding=\x22UTF\
-8\x22 standalone=\x22\
no\x22?>\x0a<!DOCTYPE \
svg PUBLIC \x22-//W\
3C//DTD SVG 1.1/\
/EN\x22 \x22http://www\
.w3.org/Graphics\
/SVG/1.1/DTD/svg\
11.dtd\x22>\x0a<svg ve\
rsion=\x221.1\x22 id=\x22\
Layer_1\x22 xmlns=\x22\
http://www.w3.or\
g/2000/svg\x22 xmln\
s:xlink=\x22http://\
www.w3.org/1999/\
xlink\x22 x=\x220px\x22 y\
=\x220px\x22 width=\x2225\
6px\x22 height=\x22256\
px\x22 viewBox=\x220 0\
 256 256\x22 enable\
-background=\x22new\
 0 0 256 256\x22 xm\
l:space=\x22preserv\
e\x22>  <image id=\x22\
image0\x22 width=\x222\
56\x22 height=\x22256\x22\
 x=\x220\x22 y=\x220\x22\x0a   \
 href=\x22data:imag\
e/png;base64,iVB\
ORw0KGgoAAAANSUh\
EUgAAAQAAAAEACAY\
AAABccqhmAAAABGd\
BTUEAALGPC/xhBQA\
AACBjSFJN\x0aAAB6Jg\
AAgIQAAPoAAACA6A\
AAdTAAAOpgAAA6mA\
AAF3CculE8AAAABm\
JLR0QA/wD/AP+gva\
eTAABt\x0abElEQVR42\
u29d5Qk130e+t2en\
PNsmI2zAWkXkYgEC\
JAgQIABFIOoQFGWa\
AEECQVLpmzLOvJZn\
/f4\x0ani1LjxRlU7JF\
iRRAJGYCIIhMgESO\
Cyw2YfOE3Znp6TDT\
Pbm76/1R6ea61V01\
s+D272Cw3TffW/V9\
\x0av3BvVZOBD/yOZYE\
AhMAW/7NFCPMdIE6\
arBz8ck49i/rsptt\
9IaBddV9Muqw/uqw\
7Pkmaqk9mnFx5\x0aEI\
jpQt9UO0x9qPvzxq\
Ou648N/pxoIdx3vl\
4osRTJYro7c/sfS1\
HWGS1TRqxHLFl9yy\
tDuO90OSJN\x0ad/uVt\
GXx47C8fCJJs9sS+\
2DSqDaJpL5dXlLWM\
uiPWhvCtwsLhC/nj\
o1ulxmz/T1hQXKTU\
cvNXH95\x0aUeGWkH4m\
RFnGotOJpg0vHyww\
vemJ+ZamjrRPQo0n\
CPzQgJ8QQ/A7bSjr\
Er+OQ0wWX05YW/qP\
vzxE\x0a/idcQ0k7kvL\
eeIi7LvI5WALBUfN\
yryE9DplCUK0zc50\
l95bkulsm9wKTJs9\
X3V/MPS3MCcIa6vu\
D\x0a4hpp+gjkfbtAQj\
cwLRD5hSSShefLqi\
Yk0V5WqMWiJ21wQf\
n2BfCLbagsAvk42P\
XxLCkJ+C1CWVp8\x0a+\
wLwqfVQgp7KDwQ63\
URQeT0ZGBMBnx81C\
UjqMiRg0JeoALi+F\
fnSNeX7FMqGxZ482\
ZIUMVHuCVm7\x0aSqAG\
DsqEvdh6FvisMNrf\
TlddGCZdq40hgp+6\
eGrwuzeXYT/cja/V\
+jzwBVAGa2dP8/J/\
RPLHlWHW\x0a0rRvBBA\
BPSbeGoiIBOTXwkw\
pSK+5tC+2vgovxlY\
AkYNVeV+HVNKqPgF\
CE4DeZvAZxp8sOxC\
qrKoR\x0aokuQAYdfUJ\
WpBMOLEvJGUGgU4U\
aUjTWsyU/luTeESh\
OpQc+DnCrOlJX8ef\
n2V54YmDlKyQBQEo\
HO\x0aGoiSBAB5n0CZr\
oBYx9wK4G72sFaAh\
nAC+1MSiyiJ8Oa/b\
BzBg5aZZyrTTNp/S\
O2vGrfe9Idws4kB\x0a\
Uq5fd9yG4Nea/C7w\
VFaBBmieVmU0L6ep\
6TkqXQIZMUBPBgHj\
01oDUZAAV8YoHiAl\
YPazGGil67Dt\x0aK60\
AndsltC2KSplaknl\
YgV2JcxNcgIrMf9n\
ncmMK/EIqtT8xvBh\
qQgn0+7l+lBF/BIN\
fpQ2Z/sJq\x0aWAH0YM\
vr4gBG8YIAMtCNFx\
prQLYuIUnAv3QSQp\
XVk9wDUlM9citAds\
+xdcsLBvJigEOKPB\
JiJVHK\x0aM/+D2bGch\
aPTBXYMsCasgHzpx\
VBZHLKbLgz4vXIS8\
HtjUgDfM9WJvJw2g\
GfyB7E9vi1q3GoiE\
Mce\x0aNQmorocqNsO6\
AkF9yLZ96TbZ+0ge\
hKzQZ69U8QbwRUKo\
YNQpna1aGG0lydYf\
NwbdeISs4Iug0gwq\
\x0a01+ZpryJFTejFvw\
SAIErKwO+CvTMohB\
nnQncXWBp8I8JBHq\
7ykwb2n5I0DxEayA\
6EnDqSdc9wBVQ\x0a1N\
Hea1S+0goIak82B6\
NgoCimboBuN0DcBV\
BoW/lnw0kSVT1+oP\
KmLWVZ8wugNtvFC6\
43/ak6gSwf\x0aDH4vX\
abNITOfZdrWz/MAT\
1zCkAFXIVRZNSFA0\
qbCkpERGiDOpxwSk\
F6bYMLX5Zu5n2DGF\
NoKoOfD\x0aj096Tfi5\
wuBamlgWtiSUg/cG\
Lg5Abv5r9v5lAyiX\
MaMywRR+mAzcopZR\
tc9aCsbg5/sNCqBx\
GpYG\x0avdb81/r7eq3\
vEwKVLxsPkQQyJes\
qWDRhScAwHiC4AvT\
1rCgAHWa3y1RUfZW\
pgLVV7MRE6MYkjQR\
X\x0a0ZhgjhgH/2Sfw8\
YSoNiKIbyPyAJaZs\
lYhjci24ceHC6ohT\
YE4MtAzwPe/SoDuY\
oc+PJgxqC0Cuj+\x0al\
fNkx6s8SachAfG6c\
xpVphiIvA7/ufwgN\
Fs+NKEE3PNmboCbZ\
tYmwJ8ENACvcb5hE\
CI881ZyypBo\x0a81Wm\
ns70Z8dKA5hv3wz8\
/naeGlwM8Jmx6QBP\
jSfQNeAJRG4Z+CfM\
FSRFQrgEMhLkScC9\
ThpLUhkY\x0a5toAEIE\
VoCCREJZoaDdAOi/\
9eHTtexaAdNCyNsJ\
G/7k2LVX7+pmjXNY\
VTHeotT/bnqJ+gF8\
n3rh+\x0afRPw67S+CP\
xgoKoDfdSfIiio78\
Mfn0WX4+dHzFwClc\
XEulHUdVGSMP05Zi\
tAdi8ZEYpOAu5tom\
rL\x0asH1ubglNSQWog\
wYXMDlZm8qIqCgV+\
12m0VfFjSeOmbNOZ\
DdyueD3yskeapGDn\
gc7awWY/oFpS98v\x0a\
fKKBevzaNQicv+K6\
yK4pdAFByXXkrpOR\
FjWIR+lFAXKdNQrN\
vS8MMUCZU5LQLY7p\
XIwWSF8ZlSx2\x0aZZF\
X9Y2iv5GcPNW4NFt\
hYcAv1fo8AAFOa7v\
liN+9LgBIFGU5l8M\
yIQImXxy3/LkK/Tr\
I4wH6XQHl\x0afSLVrm\
5xgsb6WtTV1CgVhU\
zkikreV3lugP5+lb\
YpaU5mwSRk7QZ2LJ\
2Apm6IxdQNVttu2P\
KhAjwK\x0a7c/dmGq/n\
0ujvgeBX6p9lcCng\
Ud9D6OZ6D+hHQ0Rm\
FoDUhLQrIe7FirtL\
NsVQLjTehYAQgh62\
5vx\x0aX3/z/bjlsrPQ\
3twoJQntvWLQl/l1\
4NoqS08HVxJPAob2\
/+Wd6M13BSMaM20w\
qxufvpLOTXfKkEjb\
\x0aCfT76TrlgJ/TtgI\
QldF7HtCKP4UbYEw\
EXD5MSUC7LpI14Pp\
jnyaVELOBFeCC/79\
/7gZ87toL8PU/\x0a+D\
A+ccU56GhuAAmjfC\
TKQi3lKEgzhRzctV\
+u1l4UsSEj/z+QYE\
xpK2CRhQsK87aoi1\
3e+WtO+8vy\x0aZCAOq\
+mCwE8BTzlebg0sa\
V7QslleArHoNLcvi\
2rYgkWI84YaPt+y1\
9yyHBDZ3+GVdd5oQ\
6cxZSCk\x0a2aWIPx5n\
rP4YwNRjy0PaNiEE\
fe1N+G+fvR43XbQV\
zQ11AICvfPZ6wAJ+\
/NI+TM/MO1Oy7Otq\
EUFF\x0auCNi0wiIME9\
qvNTQlPXBjldWTri\
OFvPB75tKcsX4cWD\
Du0fPYGXFG0KQQ9g\
xKyybYO3PtiM1/TV\
p\x0alYOfN73ZdPaJQ2\
7MgduAhGpH8vSiYB\
HorAFoLIGQQUF3fT\
Tanb1W6nJuv4QQ9H\
W04L999nrcTIEf\x0aA\
Foa6vGV37kev3b5O\
WhvaQRR7H4pSdj4X\
jexVPkkiUIpKw4A/\
S6AfgKGkyKaiZQVA\
VWUCx38Uw1b\x0afXPJ\
tH85pr88LQT4iVuO\
BaX0UWMt2KEux+9C\
yFwLjoCMSUC2Tior\
SXJ9hTUE5AFB2XV3\
zf4EQX97\x0aC/7f336\
/AH5XbBL4oE0CzQ0\
OCQSAPKyFaiI6DAV\
X1uYlmDJldKR1Fag\
8s3KqsVS4uKZbf1D\
fMIHx\x0aD61mA3tTC3\
MMCX6ZxvesAhnYCf\
un9f25MXPEKkbkDc\
dKdEFSDTGWYwVILg\
87LRv8/89vvx8fVo\
Df\x0aFZoEOlxLgFSup\
ISiyxIHEPMSskSZ7\
6h695/ZQHVSvtkTS\
T+GEVuLSdZrf7ZdA\
7OWL28IfvXLRdxy\x0a\
FEBdq4EHvWobEFy7\
VF3z9/qJJCCzfMzW\
jJ+feJ1M3k9JCMGq\
jhZ85beuw4cv2qIF\
vys2CdyAj1/u\x0aBAY\
V1ob4WZ2k3g7kymm\
JJkg02HD6T1hhKgU\
Vi8T/DwFuyY2hNv8\
DGiKSz6YXWhdUFNZ\
FbR2EBb8A\x0aUAH0fh\
rzWLDyT9cGPdYw7/\
UjkmshroGlXRdx7c\
U3VAdpQwr8v3ktPm\
IIfld8EjgXHc1UTM\
B416wc\x0aRaWfT6gmF\
NisDTe4sAMxY0PWL\
BcrBJpWuk6MzH+3T\
blI9/2NtL//WfvGW\
qa+OfhrEgQNtTWor\
61B\x0awjVNLaBQsrBU\
srBULKFohdEYTlnv\
XfvuXC3q4rDRfItY\
IG7UH8Qu63xndgio\
iDSzM+DNkdo98BbY\
\x0a8tZOFk1n2hVuAUJ\
FvgkIAVZ1NOMrn7n\
GWPPz0tJQj6987gY\
AFn7i7g5Idh8Cx1Z\
WOU1xd5eE2Q1x\x0arw\
Go3RyxkdrgaYcjB2\
PfiERAHMbWQgjz31\
CbGG0pCtU1pn8I8C\
dIAk31Ndja24YPbO\
vHVZt7saq9\x0aEQCQW\
yjgyOQM9o1PY+/4N\
IYys5hdLGKpaJNCo\
WhhqVRCsaSkO4q04\
AHdHgZFBARGJMADU\
djqo8nE\x0aXUFpvrsO\
FrUW7g9iuH3KtgTh\
aP5m/N+fuRofvmgL\
WsoAvys2CdwIAPjJ\
i/swPeuSgAM4yd3D\
budp\x0ahJkrN2Xp9ij\
Csbt/hb0x1mqBRYI\
bCi5YgUlDJHlxbDN\
q+1GbodI2wkSzZT6\
vAfjXdzXjs5dswu9\
f\x0avgkbu1uEGd2w3f\
+8UChhdGoO+8Zz2D\
s2jSOpPPaN5zGUnU\
XRsRIWCyUUSiUsFS\
2wvECRgae14QPc\x0ag\
AQ8UPPWAVxaoTok/\
B47ZwUgmBQk6hHdr\
Y34r59+Lz5SIfhd8\
UjAAh54aR+mZuY0l\
gCXJCM3jVYP\x0aFhMW\
UJfxLYCwGllLEuUS\
QhltMBpYzA7W1Fw5\
VTrdZlhrRKX93Uyl\
OyGCf0NXM+64Zju+\
cNUgGutq\x0aAlexoTa\
BwZ4WDPa04KPnrvb\
SpxcKGMnOYd/4NN4\
YncKRVB5HJmcwnl9\
AoViyicH5t1iyUIJ\
vERAa\x0azDoSEA7qyF\
wBMFaA9NCOzIrwFl\
YDfqfe1WcNYOeGPj\
TWGRi8htLSUI+v/O\
6NACyHBOZtWuOHow\
Ey\x0aay1EYEFwbZnkk\
TU3/L7lBX3cC+MFg\
uBcWD7gYedb1Gd2m\
4srx2g12sxVlCN+/\
8z2Fj0+wrbn12fz\x0a\
LK5fvz47JmYu1FyF\
Nungl7BmYhtmv4XI\
mf5chL1c8JcjE/kF\
HE3N4EhqBm+MZLFv\
fBojU3PIzi1i\x0asVi\
yyaHgEkPJ13zMb90\
BXmjR+wzxN+2Uv5U\
npnllvTbo8mw5vy+\
//Oev3Yk/vPEiDPZ\
3oiYRzq3V\x0ayczCIv\
7yzkfxwIv7MDU7B6\
tEhVv53+mTzCt4TS\
zH2mfbA+RtCr8zyK\
w7Nx5ICED2M1ZqAh\
Bvbu0P\x0ailI3tlBOB\
iITAEvbBFVfQSoGc\
zGeD99mENFxdcW5w\
rsGLPi34QtXbYkN/\
DoZysxi/0QOR1J57\
B/L\x0aYd/4FEazc5hd\
LHjWQqFQxGKxhFLR\
sxdA39wyoEp/xJK/\
4ekbXAYECeEQnpgs\
C5+/bgf+8MaLYySB\
\x0avZiamQesEkRQ6wi\
AnruEFLkf9BR/+FR\
CAEKavF/OJopuUXR\
SdgCQmI6vgriDbJw\
y898g+Bfs+/vl\x0aRf\
Db/5wO4AeADV3N2N\
DVDGCVlzZfKGE4M4\
v949PYPzaFo+kZ7D\
05hZPTsyg6sYXFYh\
FLxRKWCkWU\x0aACFKL\
f0si/iH8vvp5fXdh\
395eg8ARE4CtjvwI\
QDAAy/sxdTsnMTsN\
/HVA8QkZmAcSLSlN\
ry/Hq58\x0a2YFCYpJH\
9SMDK704wnhMxxhA\
GNIqRFlf9P0B+ZOL\
9r716QB+lTTWJrCt\
rxXb+lpxy461Xnp2\
bhGj\x0a2TnsPZXFmye\
zOJbK43Ayh1R+Hkv\
FEgqFEhYKBSwWiii\
ULKBU8tfNfWAGBsF\
AuOsHfzdAiDuwF+t\
b\x0aT+8BAXBHXCRgWX\
jgxb3O7kDJHyPoWz\
ocSEO49NK4gq5iBF\
ERHbjCkotJHl0sCk\
tCJA7T+aqCkdpp\x0a6\
HYV6OYSBBu6W3DH1\
acn+HXS2VSPzqZ6n\
LemA5+5eKOXfmp6D\
sdTeRxO5rF7OIV3J\
qYwmp3F1Owi\x0alhxL\
YXGpgMWCHV9QRsGl\
YHESDRTtvzz9FmAB\
d3woDhK4CQDw4It7\
/d2BcqP92p0Ac4tC\
Flj0Wllz\x0aw+ctrzP\
T4JRxcE7u78r8Yta\
PpsrK2iwrAKjz/+l\
xaPz/wJiCPvhnGrt\
IJBLY0N2CL169Dbe\
/y8Bf\x0ajhydzOHQxD\
SOJHM4cCqD/WNZjE\
3PYm6hgPmlAvLzS1\
gqFJ0ou8yfNo8D0L\
7z56/biTs+dEn0MY\
H5\x0aRfzlnT9jSUDhx\
wOij06oPH9+ijiJ0\
KYk2CoEVv36agtAu\
x5xaHYz9yE6KyOgb\
2OXopx4A08yoMBP\x0a\
zijwA8BgbxsGe9uY\
tPmlIk6k8nj+yDge\
fPM43hpJYTI3h8VC\
UdKCoTbkiv3L028B\
QOQk0NJYj6/8\x0a7s2\
ABTz44tuYmqVPDAa\
b5XKNHcIPCCE1bVs\
u2iWLXss0IiQaUdT\
k5eVZyn41Y1JYEpB\
oZGkeFW0X\x0adgCEPl\
RlAsZquhYEqCGO5r\
9mG26/ausZAX6V1N\
Yk0NvaiIs29OCWCz\
fh7DWdGM3MYHx6Fo\
WSSLv+\x0abUp5wNLDX\
NRlB/DG8XEUiiVsW\
9ONzuZG+0h1BFJfW\
4NrdgxiJDWFE+MZL\
CwVILH/uRHTOXIK0\
H3X\x0atUoUJVgCCLxR\
gdAAKBvIy5CncGX4\
MnICkBBCBeRQU0OZ\
/e89s8HPS11NAttX\
deDsNV0YSuUxkplB\
\x0a0aICh45IOEAKIz7\
tjWNj8ZPARBqLSwW\
popYTgC5NTRxh2ws\
kAEupEREDIGMkmVB\
WBl3GXSqizgvl\x0a//\
t57nhqahLY0NWK26\
vg18pAZwu29LVjKJ\
3DaGbGDhRSYqI12T\
T/0+7jLgl0oSMOEp\
icwpDCEgjW\x0a2JWmk\
bAEYGISA7EBOQKSs\
SpqM4rx0nXUeTVOw\
O/2q7dXwW8gA10t2\
NLXgaF0XiABlZnLi\
yrtjWPj\x0aKJRK2Lqm\
C53NDZGTwOhkFicm\
0jYJWLIIl2qMlbkK\
urQKCEBVZpkIoCzN\
bppnNiarQsKyzX5X\
82+r\x0agt9QPBJI5TG\
azaNYLEGn5WTfiFD\
OTnHdga2ru9HZEjU\
JbMHo5BROjDskoBh\
LZGkkuBxDANaKEIC\
m\x0anRUlGbZ+ZRaFOC\
Y72t9qa/6rowV/yb\
If3onq5j0dZaCrBV\
v6OzCUyuFkJi8NDA\
LyG1+WTn9/49iY\x0ab\
QnERQKpLBMYLAvsx\
LCcKo0sqwXgl7VWh\
ADK6YMuI2m7AiKqS\
SSw0dX8V2+PFPwLh\
RKOpOdwNDWL\x0auUIR\
s0slzBWKKFAxs18V\
YnBJ4EQqh5PZGccS\
AHSa3k/XmM6EOCRQ\
xNbVPTGSgOgOuP1X\
ZAEQYlyX\x0aIgAKCGU\
RgKROuXkVkkylfVi\
xEZFv9n/h6u2xgP+\
FoQz+yxPv4D8/+g6\
+//YYnj2RxUvDUzi\
amUNm\x0abgn5xSLml0\
qYLZSwUCjZmpMANY\
Tg3cgLNgl04kRKFR\
jkRKc5ucTdx8ZQLJ\
XiI4HJKZwYT9m7A/\
Jh\x0aimncGEITBbdr8\
i4jgOUkGZMy4QigJ\
pHAxp5WfOG923H7N\
fGA/6+fOYpHDyUBE\
OSXSjiWmcNb43n8\x0a\
/GgG33t7HHftHsOP\
D0zihaEs3hzL42hm\
DtMLRcwXiphZLGJu\
yX57ULFkIUFIpCfk\
4hKXBGx3YAYF\x0aWWC\
wDOAQAG8cPYVisYS\
ta2IggZ1bMDqZxdB\
4CgtLRYR5KkWa5ow\
tTN2QBKArUyUA3Th\
qamyz/7ar\x0at+P2a8\
6KCfxH8Og7k9q5Fi\
0LmfkCDqfn8MroNB\
4/ksZ9b53CPW+ewk\
MHk3hlZArvTM7gSH\
oWeedR\x0a39xCwSaGk\
v3GoAQhp50b4cUEJ\
nM4mc2j4LgDqlGGA\
ckbx8ZiJIGtniVAu\
wNlEUAZaachAaw0y\
cCg\x0aTLi+bM3fFiv4\
/8czR/DoO8lwc6U0\
xmKhhMnZJRxIzuD5\
Exk8cjCJ77xxEt/b\
M4YnD0/i5ZEsjkzO\
\x0a4mRuHrmFAhYKJcw\
s2sRQLNkPuiQIAVl\
BYhjoaqUCg7YlEAU\
BAMAbx1xLoBudLdG\
eE7jaJYGxlLc7\x0aIL\
ROwo/ZJO00JADgV8\
kCqEkQbOxuw23XbM\
ft15wdKfjnCyW8eC\
KNv/nFETx6MGkwV+\
6z+8mzPEXt\x0aM7tYw\
Mnpeewdz+OXR1N4Y\
N8Y7nx1CA/uHcNzx\
9N4eSiDE5lZpGYWk\
V8sYHaxgNmlIhaWi\
ihYFhIg\x0aDjFENm2t\
+CQwjZMZOjDISjnA\
Yd2BOEgg61gCRTEw\
aFUJYJn6QIgysr78\
PNfsv/Was2IF/yMH\
JxRz\x0ak4+TeNcQIKa\
PV1nsdtX0QgHH0jP\
Yc2oKTx2awPffGsX\
drw/jp/tO4eUTabx\
1cgrHUzOYml/CzGI\
B\x0aeceNWCzagccaZy\
s0DrFJoJPaIhRJwA\
QksjK73XMCMZLA8T\
E3MCg7MRh+Hrq0d1\
kQEDDVvJX3Ue44\x0a/\
Lw1nc249eqz8KVrz\
4kH/M8ctsGvGQsRr\
q39LyHgfv0X/mO04\
NKlN5FoLRRLJWRmF\
3F4ModXhzJ4\x0a4p0x\
3P/6CXxv9zB+tu8k\
3hjJ4ODENI5N5jGz\
WMB8oYjp+SXMLRZR\
kyCoSyQisxRcEjjh\
WAKFIvsU\x0aYWgCsPy\
03UdPxUgC23DSsQQ\
Ww54YLCN+sOznAOI\
jgJD9a/ogEYyjvrY\
WHzxnLb78wZ3obK6\
P5AYB\x0aJOBnxomA9V\
bdCgADaMb8pG9Anb\
WgvvkWCiWk8gs4MD\
6F548l8ej+U7j71W\
P4yZvD+Pk7Y3htKA\
XA\x0awur2JjTV1UZMA\
s45AdcSoIAszEXyI\
h7VfHcfOxk7CRwfn\
2S2CCOxADhCWfajw\
GRFCECSpzOTjcuo\x0a\
8wZ72/B7V23DVVv8\
d+hVKvOFIl48kcHf\
Pn3I0fzcHBXjIwIJ\
0LeERvt775C0FDeQ\
6dsZ5KfdZhaW\x0acHJ\
qFntPZvHisSTaGuo\
w2NeG5jhIYNK1BOS\
7A8aalJr/7qMnnWc\
H4iKBKRwfm/SeIhT\
JuXJSYAiA\x0aLAMBRA\
POCPrQ5olpxKQ+9X\
nHQDd+76pt6Gtriu\
SmsMGfxt8+fRiPHB\
x3lp7tlwhr5l96hg\
QE8X8V\x0a0H+7jPc/e\
S3ZDWmV7z7kF5aw5\
2QG7Q218ZDAqk6bB\
JwtQhKRf7376CkUS\
iVsW9ODjrgsAVlMQ\
GvJ\x0amBHzilgAkREA\
9ZmUWU+dZzZeXb8X\
bejF71+1HbU1iYpv\
hoVCCS8PZfA3Tx/C\
IwfGNWOCTQIKs58Q\
\x0azRFThdnPvKaay1e\
35df10y2haZ4sZua\
X8NZoBu2NMVkCqzp\
xIjmNU5LAoIl7I5+\
zhd1HTjq7A73R\x0ak8\
D523ByMkNZAiGIy9\
KUs7QEAAVITMqcHl\
rdSGNrgCQPjCrypB\
ZAFz7znsFIboTx3D\
zuenUI3909\x0agqL3Z\
ilH41MAlxKZxPcn8\
MmAyIBPaX8G/JR1Q\
JSEIAGS7CUYCi01s\
xA/CQxNTtkxgaLqU\
eJwaYDr\x0aDhRjIoHt\
2HvsJI6dSqIUiriC\
0wIJQHyt0vJo9Tjy\
iDG4VWXoOUosIOcz\
AcH21Z245fwNqElU\
bgE0\x0a1dWgWLJweHI\
GyfyCTQIygNNWAH/\
NvH/kLoD/j8Kkp39\
wwm3FyPyXpwtaiqp\
vWwJpmwR629FcHy0\
J\x0aDK7qwtDkNE5mc5\
oTg7qn9ORaePcRPz\
AYJQnMzM3j2KkkXj\
94gtnNULUeZi4r+0\
7AZScVuj3i/KcA\x0ac\
yAB6Mfa396Myzf3o\
6+tseIboCZBsLm7B\
WvaG3FkcgbJ/KJz+\
s791V5R84skQN0ad\
BJzL9O/REPd\x0a7Myv\
zci1v92spTf/qfI6\
IAGuJeCQQF8MJNDf\
xVgClVgAdNruo6Mo\
FK3ISCCTm8Gdj72A\
//nDpzC/\x0asBg4lrD\
jtgkAMAAQECc4zbW\
z3vQOlRcI7oB5aOZ\
Um0hgY28bzl/XjSi\
OxzIkkMozJCCY+RQ\
JeD2b\x0ajoH3+VXgNw\
3+SbiCGG4zzswXsG\
c0hfbG+uhJoLsVg/\
2dzolB96Ui4QKXqn\
HvPuLuDlTmDqRzM7\
jr\x0a0Rfw1e89hrl5G\
vzqsfjpZnNRE0AMf\
nFYcMq1s9r0Dp2nA\
TeRrAMxIS7n8+xSE\
Q11NbhsUx/am6I5\x0a\
B8CSwAySM7Y74MJd\
RgJ2Chf8429Iatsr\
HPg5bS64o4bmP5PG\
EsLMQgF7PEugDc31\
dRGSQJtNApNT\x0admC\
QOzasjaZrD+hYeLP\
CmIAL/q9973HMzi/\
CNEgpH08oC8DN0hM\
AkZaJXzszJm+EQUO\
9xaNaEzXh\x0aFEslTM\
0voam+FjvWdqOhNp\
qTgDQJHE3NYCKvIQ\
F6LvCJQP7Hnz03A7\
9U+3s/UEGn+Z8FDW\
VJfFTq\x0a7Ht+fgl7R\
tJob6qPhQS2rOrCU\
NKJCTi/O8A0L7Vcx\
HHSQgDsPjJqxwTWh\
iOB9PQM7nrsRXzt+\
09g\x0axtH8pqBWl5WT\
RNkEIAdnHNpZk2cE\
5CAyKH++Qf1Nzy3h\
1PQculsbsamnLXIS\
WNWmIwHuVgjhAlBf\
\x0aDMEv8/0V2t/I/Bc\
DjfmFJewZScVCAmu\
72+zdgeQ0TmZyXEx\
AfxSXHye/P2/HBIr\
YurbPiATS0zO4\x0a87\
EX8Xc/eAIzcwuavi\
1jAtCRR03blgt3mW\
heu1aYMu7tGKF21u\
TJLAMjk52xZmRtU2\
VNx0l9nszP\x0a4/DEN\
LpbG7CppzVSEhjsk\
ZOAlgi8JCdN+ttzk\
u2+QPBzkf8g7R/ql\
KFDAvM0CbTHQwKTU\
ziZyUmf\x0aIpSBULG6\
zPh9S0BPAilH83/9\
B08y4Nc+Cag9vhw8\
PscCCKN5TcqEB2t4\
za2rR9cJMNk1c5HG\
AWTz\x0aUVg27jwn8ws\
OCTRiU3crGiJ6MEg\
ggdwCszvg7wSobxH\
+ZvE1mHoLUAl+S2b\
il6H9FacMAXt34O2\
R\x0aNNoa4yKBLgwl+Z\
iA2c6FDnBvHh3RWg\
I2+F/C3/Hgp/tRWB\
ni2nN1NT9GUiEBAJ\
Vqbmm5CnxvfV7Y\x0aM\
anGYjAXru5kfgFHk\
jl0tzZiY3dbZE8HM\
iSQdiwBb3eAswj4q\
+/dPKDKyjWyKfh97\
S+W0Wp/TpTp\x0aFpBf\
WMTbIym0NdVT5wSi\
YYG13W3YsroLJ5JT\
OJXJGRwWMj9BaFsC\
RScm0OSRgAv+r//w\
KeTn5kNr\x0acXZ9NCc\
umYNctggEoDWbqbT\
y9+LVeawmVZvnpBK\
QlxUHCJiLZl70WJO\
5eYcEGrCxuzUWEji\
WnsHE\x0ajEMC1DWjaF\
3554nJsWAt+CX+vF\
L7c30GnTNwJD9vk0\
B7Yz0293XERwJpJy\
YgsUbkprn+Nd+7j4\
yg\x0aUChi60AfOlqak\
MnN4q7HX8LXf/QUc\
nPzwjyFdTLaAjQcj\
2VRBAAYgBQGoAljg\
pdvnpsCklRANMy8\x0a\
y3QD+M/J/AKOJKfR\
3dKIjT3Rk0B/WyOO\
p/IOCciuvOR20MUB\
qPxw4Pc1PbHEtMBn\
DCxN/47kFxad\x0amEB\
dvCQgjQlIxkqb5lx\
QlB777iMjKBRLWNX\
Vjh8/+yb+/sdPIzc\
7T5XjLlmI38QW15Q\
vyxJITdug\x0a5ChwoE\
bUgWa5zHMJCGVzCE\
U04mdpm6bz8Nqg67\
okkEN3S0OMJOAGBr\
2HBwxakG8Fuq6BX8\
QU/Gri\x0aYG5UU+0vO\
WU441oCTfXY3Be3O\
yD+NLm5ac5+331kB\
EdGk/jRc29iVhbtN\
34RSPlnAAAjAnA+G\
28F\x0a0mV0GjMkyOOI\
AyjnE8INYOak6ZMb\
UzI/Hy8JtDbieNp9\
dsAK14jsYJDkOQHn\
gx782jgC247bp4n2\
\x0ap2MN+YVFvD08ifa\
mhhhIoJ0KDE5zMQH\
VEWdWiHTdgJFkhj1\
8FHAegpk7vxxeXwH\
9c2UcAnCSjQkA\x0aFA\
DKN8/DBwL9+sZxgB\
D9qNwAmRVATOftfC\
aStGR+Hkcmc+hujo\
sEGnA8PYOJ/DwbE6\
Cvo+TxUlHj\x0aUx8sG\
QiDwG9g+peh/ekbO\
T+/hLdHJh1LIGp3o\
B2Dqx0SSDskEOj/6\
08K+umG5nroHQD6M\
BYr9DrX\x0atAsEAANw\
q8pDDTAmj64foEUJ\
QeADO3R9yRiC4wBB\
7UrGrupf1q6mfjK3\
gCOTOXQ12+cEoiaB\
PocE\x0akjnbEqCurOR\
PAXrvK6etQ4FfY/o\
zfZtof0jPGeQXlvD\
28CQ6YiOBbgwls54\
loASmdG/ezI83f7y\
3\x0azB0Arr2atsELdx\
mZ7N5nCAALNs+XwX\
QP1U9AW4bEZ2aF+G\
mePcHVSeYWcHQyHy\
MJuO7AvPcOf0Ys\x0a5\
Rfh5nG1vmzvPgj8S\
tNf2PcP0v7qU4b2O\
QHXHYiLBGxLoMidE\
/DGy80x+H0Iplt9E\
ewAcGvNEgBg\x0aAG4Y\
AMYQfBX755W5AWpr\
QyxPpOMJaDeoHWpN\
k7l5jwTicAcEEggS\
IW7gAt+5i+h/Q4Hf\
0PQPqf2p\x0aFbe3CIe\
TMboD3RhOZn13wB2\
XpLzK//eJ0M8TyDG\
Em6FcK64un2YTQAj\
f2y8DpXkuu8mJBKR\
yMJgf\x0a11XWZ+qq3Q\
AteSiJj81TWQFhXQ\
EgXhLY7JDAifSsPC\
ag2QoUge985gKDxu\
CXRf2lpn847U+LHx\
iM\x0a0R2YyFKBwaj9f\
ypN9hqwMgOAbDmLJ\
gAnq6xAIFC2Vq9wm\
y5cPwgeo4xsnHyVF\
UAkGl0aR1C5AlSZ\x0a\
uC2B3pYGnEjPYCKn\
sgRY0EuB7/3ja33m\
5jcBv+6oMWjwa4KO\
Eu1Pk4ttCTjuQH/0\
JLBljUMC6Wn/\x0aRaO\
a/X9ayjL3LUk5y78\
Gsmuo78OxAIwj2vT\
ixRYHCOo7pBsQYAU\
Eb92xABVfsa12CwJ\
dgZUggd5W\x0amwQy/u\
4AAQt4+U0rOQcATu\
vz+SYvF5E8Z+CviM\
4dUGt/GjwzC4vY47\
oD/Z3xkEAyi7HUtP\
wXiGS7\x0aF3H6/1QA1\
8SlcCwAhDTZIYLPI\
A6gDy4GaPWK3AB2H\
CZWg8oKEP8t3xUII\
oFjsZJAI4bSM0jm5\
jQx\x0aAfWugFbrA2bg\
F/oJMP0teX+yG50G\
wMy8SwINMZFAj707\
kJri3tknX1dvXZbV\
/6fSKALyCSAwDqAG\
\x0aQRhgsu2r82QBOn1\
bXPkQdYOtADZN7gr\
oyELiCnhrB2XdCZo\
Eon52oLcVva0NGGL\
OCdAAFj7YQ5O+\x0aAI\
T+zL1P0EnzChr7/R\
rTn2rb3/ritiip/g\
DnxOBQfJbA4Joe2x\
2gSEDlPimBKSsXmf\
8v77umbfMF\x0au5Qmu\
1K7I7zpHvk2HW+ti\
G3JzHXzE4iGVoBg4\
UBoi8jqhyGB1DKQA\
GMJyPeYtcAH5JF+0\
zcLQQJ+\x0a6fsBfFCr\
3tCj0pQzC+7uQDyW\
wODqHgwlMziZnkKx\
WApp/uuDddH7/7Jt\
QAOtK38y0B2uxorQ\
AK9S\x0aN0DVbuA4mHl\
p2jO2AgxcAa8e+11\
PAnM4nsqjMy4SaKl\
3LAHWHSCMNvdvGtX\
pQLnWd9J04Je+Qqw\
M\x0a01+h/enx2ZbARD\
wk0GOTwPBEBqdSU/\
qXiujMf/Bg5eoGtQ\
lVm6J4BCADIdECDA\
gCprJNpm4lpnkI\x0as\
qHBG9oKkM9fHhAEi\
GytyiUBJy9eEmhDb\
0sDhqmYQCDova8uS\
ai1Puh8ZdBPXt/s8\
WK6L/qcvMy6\x0acF4q\
MjTukEBXxCTQgcE1\
PRhOZnEylUWxFPal\
IhAO63hrwV8Tpn4Z\
bVoWbQE41YyDfNCD\
h2kjLjfA\x0aL6+yIkh\
QX3RZ6VjCuAKSsXF\
lwpEAm2eTQA6dzfX\
Y0N2KpghJYItDAkM\
Zd4uwxN1TKuBTeQq\
tr9LU\x0a4fx+hekvDf\
zJYgtsvzPzS9g7NI\
625jhJIIOTkz4JhH\
4fIlc0+JmIEG06Iu\
4CKN0AGYDoemVq5g\
A3\x0aQBYMVJ3Wq9gKC\
CI3rSvAp1dGAiprY\
CI3j+OpPLpiIIHB3\
jb0tDRgKJ33SYAW1\
evDqTzaYiAqYmDa\x0a\
kvn9Jo8Xi30SSVm2\
D7aObQlMoK2pHptX\
dTqvF4uSBHptEkhN\
oVgqceODofkfsP0n\
O/9v6P8DQE3b\x0a4AW\
7fC0qu8F1YAUDvPL\
dALZP/7Mqz12SCqw\
AVVlZfpArwKyHX79\
sEvDWiZ6vnz8xPYf\
j6Ty6muKx\x0aBHpaGj\
CccQKD1E9nCaY+oN\
D6MvArAnsSv9/88W\
I2XzD9pe3RZS0vJm\
CTQFe8JBD4olF//c\
o3/w23\x0aFP1nAXwC8\
Jo8ndwAxXjUZrlJe\
/a/KiugHFdARTLhS\
YBNE60B+/PE9Fxsl\
sCWvjZ0OyRgxwQkr\
xaS\x0aAN8emc4q8LW+\
CqzCza4Cv7HpLxsP\
mD7owOCmGEhgy5pe\
jEykKRIwjf6DWldA\
tGLklkHQK9Zp8QkA\
\x0aUAAogACYeuZuQLh\
nA6BuX3APFG3IxgI\
g7DFe/zMU9cR8YxL\
g26DSZETAugMtaKq\
rRRTCkkDe3yJU\x0anL\
hT+/p0GY2/Lw36GY\
Df2PSXa3+/CZsE9p\
4YR3tTfeQksKanA4\
NrezE8kcbJySknvh\
LW/JdvzdJz\x0asNPkY\
5BZEASWCQFwYI3ID\
VgJK0AatQ8KCEr7l\
LfBrEkYEvC+6q0B9\
xtNBBO5OZxwdgdiI\
4H0DCam\x0a59jDQpTG\
1wKfSlfv8/vHkWVn\
DJTg97S/gSthyTQh\
u+VpWwLjsVgCHgm4\
gUH32QF6vWIz/+Ws\
QOBZ\x0aAM5XHVh1VoC\
xG8DV0xJL9FaAaqz\
luQL+d7rd8kiA6w/\
g8sU0mgjGp+dwIp1\
HRywk0M5aAkV/288\
c\x0a+AHgN/X5peDn+g\
3aVqTLS9qYmV/E2y\
diJIE1vRieYHcHXJ\
G/Y4FeOyAS858iyJ\
q2zefvCgZrGDdA\x0aX\
k4GSvNgoFi3bCtAO\
laXBDRmv4oEJPVCk\
QBXlhC/JJsnueSUa\
zDhkIC/RRgxCTQ3Y\
CSdZ2MCAcC3\x0aR0zd\
vLGAXwSHkekPdT+2\
JTBmnxNY1Y2mOEgg\
mcHoZBZF99kBWaAO\
8jRmzBWY/wB/FBhQ\
gifMw0GV\x0antYr3wr\
gxqYEcCWugF/PLCg\
IoYxHfWVZA4pbg9i\
BwaG06w7EQAKuJTA\
9JxxwsT+yNxjxsoP\
8feff\x0assFvsLMgbQ\
fi04zO55m5Rew9MY\
a2pgZsXh0HCfRhOJ\
m2SaBEPTsgC24KZA\
Z//tSYw5r/AEMATn\
Kl\x0abkAQ4A2IRdme1\
goIGrOfJiUuAIGug\
HaeYhk5CdAXIcAa8\
L6aE8G4SwJNDdjQE\
xMJpN3AoGgJSM19\x0a\
rkws4NceR9bsLMjK\
O8CxA4NxkoDtDowm\
MyiV6FeOK4J/mpd/\
wl13WRsK8x+wHAIA\
YGIFyLWy3A1Q\x0aBgN\
jsQLcqar6E+uEdQV\
CBQWpuiwJiOV8EoC\
kX3+sAhEI5fx8mwR\
y6Gyqj5EEZjCRm6X\
OCfCvquZB\x0aaKdJXy\
sWGfhlvrI86q/ty1\
1JiyKBxjhIoBODA7\
0YmchgdDLjuwP0uJ\
m1Ajtui04T2zchip\
r2zefv\x0akmvtMrR1m\
cHAUFaAwqpQHdSRE\
4msTUkaV54lASj6F\
ut6vStdgiBrwFslM\
UYgLUtbAvGRwEg6j\
+T0\x0aLHdsWAMqiV8e\
Pfh1fj8b9RfG60Xi\
Ze7AKccS6ImcBLas\
ddyBZMZ2B4yCf5Wb\
/4CGAJTaWucGGJRT\
\x0aaXZZ3bBWgFFAkG7\
H+8y2R0xIIHBnQAS\
y2iXwiZBwaWz/VFk\
VEVB1GBLobkVTfbQ\
k0OWQwERulo1o\x0ah9\
T6QMTg1/r9OleBAg\
1nMczOL+Jtzx2Ihw\
RGHHfAPzYsSujnCT\
TmPwDUtG9ydwFgpq\
1lgPQ+s/+G\x0aObMf1\
gogkv4gA6GxKwDQw\
NWRQODOgMasD3IJ/\
LXg6gv1/PG7ZCAjh\
PHpWQyn3C3CqEmgw\
yeB6Tnu\x0aqKsM+M5n\
TuszI44I/Fq/X0M2\
MovB7X9mziGBxnps\
XhM9CQyu7cNIMo3R\
iTRKnlWlCP5RFpf0\
vQMw\x0aIArLsi0AVXR\
dqa11VoBphL5CK0C\
l5Y1e682NkyjaVZF\
A0M4ADeVwLgHVtzs\
yGREwdSX1KEIgcNy\
B\x0aVB4dzfXY0N0WLQ\
n0d6CrpdEngVIpAP\
h+unCuP2rwa/3+YN\
NfeU7guGMJxEIC/R\
hJpjHikgA9X6X2\x0a5\
0S2pah4SWlN++adu\
8L67DCyAkKY5Uorg\
OtXsAJk+W4/pq6Ar\
g0VCejO8YOaNzR96\
qwBqn9nXaSu\x0agZck\
uwFFS2AonUdHUwwk\
0NeBrtYGjKbzSE7z\
zw5IQAiVFnbKRAl+\
nd8f9HpyxVkDOzB4\
Cq1N9di8\x0apjceS2A\
ig5GJFEolCdCF4J+\
B+c+Up66fEAMoy1x\
n86OxAvw0EpDPp6m\
O6wqugLQPsYxIAs4\
qMEAX\x0a65vGBYS+ma\
Ksa0AUeeIYRBmfns\
VwOoeOpoYYSKAd3S\
2NGMnkuC1C73/28A\
K1vv05MvC7ZKJ8Kl\
Ed\x0aL5COwel/Zm4Re\
4+fQmtjAwbjIIEBx\
xIYt0mAcWeozz4pq\
IJ/avMfoAhA6wbIC\
EKiaSOzAjT5wZrY\x0a\
wBVQtBueBKguNC6B\
WE9uDRDeGmD64coK\
ZCB8YcVpe3x6LiYS\
SGDQCwzmhJiA2tcH\
eK0fNfhBtykp\x0aY2L\
6s2Ow0zxLIDYSWIW\
RCccdKIqEaqz9lb9\
RYLkEgABtbGIFyLQ\
zl1eOFSCUFdsMuyt\
ANH2FIwHJ\x0aGCT1tX\
EBpryMCOg6XD23vD\
9TI0IYn3IsgeZ6rI\
+YBOzAoBsTmEWpKI\
loK35LQDC3owK/Nu\
gnj/rL\x0aTH92DPDdg\
eMn0doUoyUwkcboR\
MqPCdBzZuYUoP0lw\
cKa9k1+DCCKYKDxw\
SBZOwFWQFhXwAdAQ\
L90\x0avThIwGtGYw0w\
dTREwFQRbzSeELw/\
wpa23QEnJtAT5e6A\
TwKj6ZyzRSj3rwO1\
PlWncvBrgn4VPl48\
\x0aM7+IfcdPoqWxHoN\
r+2IJDI5OZBx3wH9\
Bi3xO3DprtD8BQwB\
YOStAUtcoIEiNLdA\
VUPbL1/N6j5AE\x0awI\
xHtAaoOlw9X7MHkY\
HwRSo0QYxPzWLEcQ\
fWx0QCriXA/JKuzN\
f3/hG1PlHkhQa/Nu\
jHmf7SscjG\x0aAO9R4\
r1xkUBvJ7assy2B4\
fEUSlYp5NYfWOxT6\
SwBLIsVENSOLN9PK\
98V4PJiJgFlcNBrS\
iQHpgxT\x0aj9XmSjLg\
PgYkAvADg+1N9djQ\
E3FMwNsizNkkQO1t\
l6X1qbyywS81nSU7\
D8qxcPWoedgnBuMh\
gdU9\x0andiybhVGvcA\
gt9Niqa+y9LcEnM8\
2AQCGQKzUCnDbDtD\
G5boCsv4DXJC4SMD\
/qrMGVG4B80EAvJ4\
M\x0aJPUDksenbUugva\
khdhIoyV6OqTqRZ8\
nzKgF/cNCPaivgmD\
Hbl51mWwKn4iWBiT\
SGxycZEhBJzf+s\x0af\
CcigJr2TTt2iZpUD\
qxQVgBdX7lFxwExC\
NRluQKaNui+IycBd\
y2Zy6O0BlhdT1fhb\
h4NGegJQS+2\x0aO5BH\
R1MD1sVGAtNITrGW\
gCchTP5IwO+8fVh7\
5gB6IhJ/Dt3On51f\
8GICW9b2ozFiEhh0\
SWBsEiWr\x0aFHrrj16\
/mo5NO3cFafnwVgB\
X31Aby8FZgSvA1ON\
dAb4fKMYERX9+OYE\
EJHW11gA1PhHedLN\
6MnBL\x0aKP8I0eaPZ2\
fsmEBzfYwkkPMfIA\
L0Wp/JV7zQo2zwg2\
1Xue2oaI/Ok5DGjE\
MCzTGRwJaBVXh572\
Fk\x0apnLS6L6J9re3A\
V0XQGvKB2nqcFYAZ\
ECM2BUIFRSk51YuC\
dBZGmtAHhug6/iug\
doqEL5I2itPfEsg\x0a\
DhLoRFerQwJTqkeJ\
w5j8fvnw4Kf9ZhX4\
NX6/4sWntCk+M7+A\
fcccEhiImAR6u1Aq\
lfDcG/uFx4hd\x0aUb4\
RmdkG3Lhjl/QBn6i\
tAK5uOWf2Ze1H+uR\
e2STglw2yBvyvwUT\
g9ujmtjTUYWNPOzb\
3dWBtZws6\x0amuqxWC\
xhoUDfAAoxvfEsC+\
NTM97uQCwk0NKIUQ\
N3wMjkR/ng10f8Tf\
x+liAYa8H5PDO3gP\
0uCayL\x0algQ2D6zC4\
y/sRnoqByvE1h89d\
jsGoASZHITBVoCfJ\
rUCFBaDri2iIwRdM\
E7rhkDRFxTjgjgnS\
VlC\x0aZNqbswa8JBUR\
+HndbY24fMsa3HzB\
ID7+nm246fxNuObs\
dbhk82oM9nWgq7kB\
s4sFTM8tCHXLFXqL\
\x0aMB4SaMJIalrpDoQ\
z+f200OCHhUDwa/3\
+gC1C1x04Normhnp\
sWbcqMhJobKjH4aG\
T2HP4hBMQlLlT\x0aUG\
p/wAsCuporCivALS\
fT0mAAabxHb+wKiG\
NUBwUrJwGdS+CvKZ\
smdwu4Mk65GkIwuK\
oTn7nibNz2\x0agQvxq\
cvOwiWbV2PLqi5sW\
dWF89b14qrtA7h48\
yp0NjUgMzOPyelZl\
NhrHJ4LnPq+JVCPd\
T3t8bgD\x0aqRySUzPM\
OQGp1vf+CTL5nTRT\
8HMg0R048pdSLEOb\
/uwYQLkDNglsjZAE\
9h0dxotvHhRIVK/9\
/bWs\x0aad903i6l5qf\
BK7MCZBpW8PElGrA\
CV0DlahDJGP05AIi\
cBFT9+nl2lsQaULR\
Dj7MmQbB9TQ9uvf5\
C\x0a/P5152Pb6i7U1Y\
q//pNIEHS3NuG8dX\
3oa2vCSHoa41MzrE\
koCH/jWcpSjDvQHR\
cJTCM5PeO/CEOj\x0a9\
QEEPtgTDvwmEX+Od\
KTg1xCQkzYzt4DZh\
QV88NId6GhpioQAX\
nn7EF5484D3YlF2H\
oDSenGvg7cN\x0aCLkV\
IDXPNflKK8CrA8i1\
ppkr4M9GRwISjR0l\
CfBt82NTWAOmRFCb\
IDhrbQ9uu/4ifObK\
c9Dd2hh4\x0aI9TX1mB\
9Tzt6Wpswks55JCA\
9Fmz0598k41MzGEl\
NO+5AHCTQhNHUtGA\
J+P/4APRXS23yq7S\
xLuJP\x0auL7UQT/W15\
aa/oodh01revHZD7\
0Xl50ziPqIXtH23B\
v78dKeg96vDdlj5c\
ap0P6AEwTkTe3wVg\
Bb\x0axzwgiHCuAF9eS\
QJseX8e8nRjEtC17\
WXxrgj1GYD0iT+qn\
qf5P3gRPn3FOehob\
jC+GRgSSOUwnuUs\x0a\
gSCFY6kzbBJwtwij\
JoEudLU2MZZAoNYH\
jLf5gsBvL40YC1AH\
/Qy3CKm0Tat7cdvH\
34/fuP5ytDaZ\x0aX9M\
guf+RX2L/sWHvvQH\
BkX82raZ943m7aK0\
Z1gogqnxJms4KCPv\
4ro4EdEHBSkggvEt\
AlwfdgpQI\x0aahIE29\
f24NYPXhwa/K7QJD\
CansbYVD7AHTCX8W\
zeOSfQgPWRkgBxSK\
ARI5OOJeA+9KLV+k\
6agckf\x0aCP7A7b4wf\
j87vrjAP57K4uv3P\
Ij0VE5uxcCfv2xNA\
DgEoAJP4JaaGnzlu\
AJhH99V7QzINXGFJ\
ECP\x0axcAlMHIL4BOB\
Df7eisDviksC3a2N\
GE1NY2xqBsYcEFBw\
YmoGo6kc2psbsL6n\
DU31dWWPkxafBBxL\
\x0aYGrGfwZepfWdf0I\
F+3QR/9DgDyaiTav\
7HPBfhtamYFcujNz\
5wJN45PnXUSgU/Ll\
w68RaIr64c3MI\x0aAN\
BbAZAAUKalOYBqDv\
34I5G0GSIeEH5nwM\
k3JQHvH5VVImvHH4\
OJW1CbSNg+/w0X49\
NXnFsR+F3x\x0aSKDN9\
q/Hs3mUQlgC9th97\
UkA7wm08akZjKamH\
RJoj5AEEhhcZVsCo\
7Q7ACi1vkoLB5n8Q\
ETgp44U\x0a8+DfvKYX\
t338uljA/9zu/fjq\
XT9GytP+VmjtD1io\
6dhw7i4BYEFbakHb\
gqo0qYZmy5bz+K7x\
zgD3\x0aXU8CnK42dQk\
kfapMfhCghiRss/+\
GS/CpK6MBvys+Cdj\
bbeOOO8CAWvYn5Qk\
2cXxqBqOTcZJAE0Z\
T\x0aU8rAYKX+PpGSQj\
ngh9cmnbZ5TS9uve\
U6fOYDl6GtOWLwv7\
EP/99dP7Z9/6Lk/Q\
BK7S/uZtR0eDEA\x0ap\
wqjvdk0GzQasztSV\
4Dr22RbLjISUI2FK\
isdk6Yt9/9Uek3CB\
f978Kkrz0FHxDcKw\
LoDI2k6MOiO\x0aI2R8\
gLqhfEugMT4SmJxG\
cjrvBQb1Wt/+HAR+\
42i/EfjZ/X7A0fwx\
gf/ZN/bhq3f9GK/s\
PcQcpZbF\x0aMETtDyE\
YWNOx8bxdjI8t0+K\
G+VpfPQicYeIB0nR\
5O6FJQDkWuq44pmB\
rwB8LgQv+Xtx6o6v\
5owe/\x0aK/W1NVjf24\
7u1iaMpnMYyxoEBg\
PdBTvfJoEpKjAYMQ\
m0NWF0cgrJqbzwmm\
xvHKGDfVGD3x+Pa/\
b/\x0aemzg/4kP/qBtP\
5n2Z75aqOnYeO4uw\
awPtALENKcCzF0Bv\
g1Ix2BEAgY7A4Ek4\
H1VE5LSJaDGRWQk\x0a\
wbRHgf+G9+BTV8UL\
flcYEkhNm5GAJ7Sp\
y7sLlv0UYWo6NhLo\
bmvCiEMCqnMCLPDp\
/GUCv2Vh85o+\x0aG/z\
vjw/8r/LgV2370dd\
Oof0B+ASgsgLMAoJ\
OeWNXwG+DN4sD4wF\
OGcH0rpgEnDIqEvC\
a4tsVyyvd\x0aAtg39b\
aBXtx6w6XLBn5XeE\
tAFRhUxwbUhDE+lX\
dIIHp3YPOqbpYEuH\
MCUq0PLC/41/bhto\
9fGwv4\x0af/n6PnztO\
zb4C0XZiT+N9g9YJ\
ycIaGcTmdY1PmMvA\
6fMFXDrhXEFuDHR/\
RhvD0r6oiVkXMDMG\
qDz\x0aHfCv7cWtH7oU\
n7rqvGUFvyssCUxj\
IpuHZfkAJ0atWNKP\
49k8Rjx3oCN6Emht\
xshk1iMBe43FG50O\
\x0agi0b+G+5Fp9+/6V\
ob26K9Hr54D/sg1/\
zrgLW9KcsAtmDU/Y\
uwDm7ZGCNxxUAC9g\
ISEDVTxAJBLoE\x0aSh\
PeB7TJW34Fn/9Dl6\
0Y+F3xSKDFPjE4kc\
0ptgitgCQxfzxL7Q\
70xkACbc1KS8AeEq\
/1qfw4wX/d\x0apWhvi\
QP8DyjAbxr4kwcD4\
eyE2BaAFIgRuwJOG\
cEVMIoHqEnAJyHAi\
AS8fyqJC7DjEq0Be\
n4O+Adc\x0a8O9YUfC7\
YpNAB7pb7QeIGBIw\
2AakxbUc3D/XEmhv\
boyPBJJZTLokAKj3\
97m8KME/GDf4734A\
r+5z\x0azX7N/JzxKU1\
/2UNMTjsOAdhfpWZ\
/JK4A24acBFTxAL+\
Ncs8IiJisIC4gLQ+\
GBmgiSLia/6bL8cn\
T\x0aBPyuMCSQst2BoM\
NCtKtA23K2UFuE2T\
xGJqditQSGJ7OYzO\
YN3ywkM4crA/+tsY\
F/L75294O25i9Q\x0a4\
JdF/Y1Nf44snK++C\
wD4oPY+gwF1Oa6A1\
k8Pigcwn1UkgEASo\
Fo2iAvI+yZedzprg\
CWCRCKB7QN9\x0apyX4\
XaFJYDRFxQQUB4ZY\
kbkIHAmkptDeFJMl\
QMUESgFvFgIgPldw\
GoL/F6/vxd954C8I\
cyGK+anm\x0aRWRpdBC\
wc/05u/RANHAFVDE\
ERRvhTvAhFAkQOo2\
rHxgXkJ7WM7UG2PH\
ZZ/v7cOtNV9jgbzn\
9wO+K\x0aYAlkctxLRT\
RWgdJicM4JZNzAYC\
PWRU0Cq7vR3d6CkW\
TGtgRU5wQg0YQVgf\
86fOq6S9ERNfhf24\
uv\x0a3/MgXmPAb6l3M\
5x8VvvL5kzXYQ9S1\
XRsOHtX8Jn9clwBv\
7xWOyviAWWRAPM1R\
FyAJjg+T9K/YA1w\x0a\
+YkEwfaBPtx20xX4\
5FU7IwX/3OISXj08\
ioOjSfR3tET2XLk2\
JkBLAODpj65JPuG4\
Ax3NDVjX2xmD\x0aO9C\
C4WQWyWxOPCcAjcn\
vzCc8+N8TG/hf3Xs\
YSzT43TkoDzeJY5b\
P2f7MHxqidgG85ip\
3Bbjy5QYF\x0ay4oJBP\
RHtcxpb6j71VgD/F\
t+E8QG/603X4lPxA\
D+Z/cex98/9AJ+vu\
co2psbsaGvEw1xkI\
BnCZgD\x0a3l4V+kSem\
295MQHbEoiYBFb7g\
cHkVE79KLFE658O4\
H/mtb34+3sewqv7J\
OAPeD15KNNf0oZDA\
CY+\x0auZkrEBgPkFgT\
K0UCRNGm5xLwebLy\
zlfX7N+2tg+3ffhK\
fOKq86MH/77j+MbD\
L+LZfcdxKj2N4ckp\
\x0adLY2xUMCbWxg0Is\
DWPA/gwU8bVqK4pJ\
ANiYS6KHcgZz4KLH\
O5GfGrIr2X4dPXfs\
edLRGD/6v3/MQ\x0aXt\
t3GEve25158Gu2/H\
RRf2aOfuCPbqOmY/\
3Zu4L26M1dAS5PSw\
KyeACwLCRAFzGwBt\
iqYhuA/W6+\x0abQN9u\
O3DV8UH/p++gOf2n\
UChWIRlWUhO5TGSn\
EJnSxwk0OmcvrMtA\
eHYsPsYrCAyy8BPm\
3BJoCUe\x0aEuhpb8Zw\
MuNbAqG1vhz8n7z2\
EnS0NkcyVldY8BdY\
4gzl9+vcHae8pA07\
BrD+rF12TfXbfQRN\
KDsg\x0aRJdXxQOoMkr\
TPHYSkPertgYU/VP\
oTyQSNvg/8l58Mmr\
wL7ia/3kP/G7/lmV\
hYmoGI5NT6GyJwx3\
o\x0adHYHpjCezcEqmQ\
Le/8JbCwAwkbGJq6\
O5Eev6oiWBTat70N\
PeguGJjB0ToAKDYb\
Q+gHjB/+rb+Pq9\x0aP\
5WA3+w8Q+BryrSmv\
092tgXgq0MKO2FcA\
beyLh7glwn0z2MiA\
V2/VA8i0JVuAQv+T\
1x1AdojB/8x\x0aR/Mf\
d8DPWiA2CeQdEojB\
EujrRHdrM0YnHRKw\
9IB3V1bUtGy5iWzO\
dwdiI4G0FxiUa30n\
TQb+ARv8\x0an7j2EnR\
GDP6nX30b/1MHfs1\
+v9bvlx744U1/v45\
NAOvO3iWChdOWLgB\
UkfOgeACTjpUhAV2\
/fN+y\x0atr1/2OO9Nv\
ivxieujh78z+07hn\
946Hk8v/+4dxMTSV\
nLAmUJxEQC1JuFLO\
5XaWVa3h6Y8IEZ9E\
Q2\x0ah5Gk4w70dUVPA\
h2tGJ5IY3IqJ9ki9\
MHCg3/LQB9u+1iM4\
L/vp37ATwV+3X6/y\
TanW94lA66O247j\x0a\
Aoi+vUgCMm3u/Ov9\
Y0ICAf551CQgGVuw\
SxBkDdiaf+tAv635\
r74g0odAXPB/46Hn\
HM1fEqbDv+7b\x0asiw\
kHf+6s7UJG/s6o90\
i9EhgyjksZLE3KaC\
0CPwkNo3AJYEphwS\
itwR6O1oxPJ4Stwg\
d4HtXlwL/\x0arTGC/+\
/vM9D8pn6/csuPsy\
A0Ly+p6aRiAGoQwk\
sX4wFOSZMHa0x2Bq\
T9l0cCtHFv7BJw/Y\
uxAQr8\x0aH70an3jvh\
ZGeBmPBf8wHPz0Xx\
VcvMEjtDkRNAj1tz\
RidzHIxAcVWofRRY\
ycQR1kHnjvQ0oT1f\
Z1o\x0ajIMEJtJMYFD2\
SrFlA/9SCPBr9/tV\
fr8q6Gf/S7sQNZ3r\
tvsHgWRanNkZoIuJ\
+ToSMNsZEOuWTQJe\
\x0a0TAugWzsrFvggv8\
LH70Gn7j6whjM/qP\
4xoPPUT4/PzeVOLe\
BRwJZ2x3o74reEqA\
Dg5bMVOVHJoKe\x0al4\
nMtO0ONDfGQAK9ji\
WQtrcIJe7AloF+3B\
qjz2+D/4gNfn/BmH\
HoHl1Wa3ne71e875\
AGP3WdajrX\x0anbVLb\
darD+r44JPFA9g21\
PGAGEiALqaMC4h9B\
1sD9s20daAfX/jY+\
/BrcYB/71F846Fn8\
fy+4ygW\x0ai+y4ZKIg\
Bcuy7O221FRMJNCF\
7tYmHB9PYyw9LQ4L\
7LkBZ1SygTJfJ7LT\
TmAwDkugF72drRga\
S2GS\x0acwe2rI0P/D9\
3fH4b/EvivE3A7xd\
WgN+i0uRtABIrAi4\
BgAOuMh7AgdpL0pC\
Ayc6A8z1aEgjhEkj\
7\x0aZ8eQSBBsXeuC/6\
J4wP/gL/E8o/mpmA\
Tx/X2iIgRK/N2BuC\
yBLiwuFXBoNInc7L\
wE8IAJ6Pkyycw0\x0ah\
pOZmNyBXvR1tmFoP\
OUFBj3wv+8SdLZFD\
P5X9uB/3f8zvC4Fv\
2UOfu2bfenzGCavS\
Wf7qelct32X\x0aANzQ\
T+8BahLAspFAeS6B\
2D8/Btvs78NtH7vW\
0fzRngYrliyMZ3MY\
z+TQ3FCPpUIR+fkF\
SUmGwjhS\x0aEMnBswQ\
ms/Y5gYhJoLu9Ge+\
MTOCdkaTbo1jQ4EU\
jNnH4N+hEdhrDEy4\
JdEVKAhs9EphER0s\
zPv+x\x0a98UK/tf2Hc\
aiDPze3E3Bzwf9+E\
Chgd8vsTwcAnAvgw\
tcHQBVGpi6mnxbVB\
uxkADVr5oE/Dblz+\
6L\x0a1oB9vDeBLQN9+\
MIt18UCfgCorUlgV\
Wc7dmxei/MH1+LCL\
QM4Z8NqrO1pR0NdL\
WYXlrDA+I68EOGb\x0a\
SxDM7kDElkB7cyMO\
n5zEnmMn/fGZPDvg\
jlN4BZnvr05kcxhO\
pmMkgXZctXMrbrh0\
B7pWAvyW/t0F\x0acvB\
bAXv9Jn4/Sz41nQP\
bdkFhssvM/lABOZO\
dAS7d/W5GArSEdQm\
CrYFEIoEta/vwhY9\
f55j90YPf\x0aldqaBD\
qdm33HpjW4eOt67N\
i8BudvXovzBwdw1r\
pV6O9sRYIQzM4vSn\
YH1MIcG26NjgQSCY\
LRySm8\x0adWwU6ekZv\
lehPK3pRXNUrDeRz\
WF4Io2Olmas74+eB\
LZvWI3mhvpI2nTFF\
Pz2elgoC/yqvX5JX\
0TR\x0av0s+vgWgfNrP\
/TeML04oHMVFApW4\
BH5ZVWwgkSDYMtC/\
LOCXSX1tDXraWzC4\
phcXDA7gwi0DOH/z\
\x0aWlwwOIDzN6/BljW\
96GprRqlUwuz8oh/\
Zls7VtwSyM3MYXN2\
LDf1dkYxzNDWFVw4\
OYSwzJc0XAQ/o\x0aQO\
8M1r0aSNKWQMQkQH\
glUaHY4H8Yr+07Yg\
Z+5oSeXcYI/LK9fp\
N6fP+wUEtgUeEBy1\
52ywIhdg4s\x0aYvdiw\
bmpLBCLwCJOWboMC\
IhlwSJg6nltOW277\
cAiIMTpn06nvhNYs\
Kj2vUkGjgXUeAi7Q\
EQs6/QE\x0aWASJBGzN\
f8t1+PgKgJ+XmgRB\
d1szutuasWPTGiwW\
ikhP2z/IMTyRwfHx\
NI6PpXBsLIVDo0lM\
ZHNS\x0aU7ypvharu9r\
RGeETbYuFAgpF98c\
pgUAXwGBXgLcO9h4\
bxf958BcAgJsv3xF\
5pD4KeeqVPfgGDX6\
Z\x0atpYF/bTg5wJ+Er\
+fbzso6Mf2D9TCw4\
4IQAa4YMvoSMAfSH\
QkAMup72p87VicMg\
wpEXaxiFiWwAb/\x0a4\
No+fOHj78fHr1l58\
MukvrYGq7vbsbq7H\
ZdsW4+5xSVMZHI4m\
ZrCcDKDY2MpHDtlk\
8HRU5PIzc2j\x0atakB\
N15yNv7g5itxzoZV\
kY0lmc0hm5+V/GaA\
JfloDno+3yaBZwCc\
fiTggv91FfhDR/vN\
wK866acL\x0a+vFjqHU\
TdQC0v4rglZMAKMB\
xJAD7azkk4E5KsAa\
osYBYlOcjWiYAtNa\
AC/7bf+0DuOWai09\
L8Muk\x0aqb4OG1d1Y+\
OqblyJzcjPLXhkMD\
SRwdBEGg11tbjhkn\
Nw4ZYB1CQSkfQ7t7\
CE42MppKbyEDW88I\
VK\x0aNgM9387eo6P4p\
weeBoGFmy7feVqQw\
FMv78E3vmuDfyEK8\
DN7+gbgp9fIIOjHj\
6E2CID2J07DK0kA\x0a\
fj0ZCbhAJBD7Uo6B\
moPKJaC0OYGElCjL\
QWUN+OC//l0Ffpm0\
NjVg+7p+bF/Xj2Kp\
hGx+DhYsdLU2\x0aRwZ\
+AHjj8BDeODSM+QX\
H3w0APKABPVeOKWO\
5PqtjCfzkaQBYcRJ\
46uU9+IfvPozX90c\
Bft63NwS/\x0aScRf9o\
IQbxtwYNsu99KoHt\
xRPQWofnDIS1XuKq\
gCgEw6X9/5Lg0OSs\
cj3+7jA4SJBMHg2l\
X44ic/\x0a+K4HPy8JQ\
tDcUI/mhnokIgx6j\
SQzuOvxl/D07oPiF\
iUHeP8vHOjh1CFc2\
WQ2h+HxFDpam7G+v\
zuy\x0awGAYccH/2v4j\
WFhcYfAHRPzZcbBl\
ajrXbt0lBaDw2isT\
EgjaHpSRAACuDIGa\
INzvLAnIx+M3wdf3\
\x0a+6lJJDA40O+A/5J\
fKfDHJSPJDO558mX\
8+NndSGZzXjpBOYA\
HVKAnyjoWkpkchsc\
n0dHasuwk8NTL\x0ab+\
Efvvuz0wf8xkE/1h\
IgAGo6B7buskvRJC\
AHXhAJBG8PinWFrR\
gK0CYkoNsq9HpXWA\
OJRAKb1/bj\x0ai5+6A\
bdccwnaquAPlJFkB\
vc88TLufeoVjCYze\
rC7Ug7ohXp8jMHCZ\
DaHofEUOpfREvDAv\
++wDX52\x0aUCsLfvpY\
sOHThTWdA1t2CWa/\
Bng6EjA/ry+SAHPh\
Tc8KeP1KxkOVl1kD\
iUQCmwf68cVP3VgF\
v6H4\x0a4H8Zo8mMvFC\
ItwgHg54qTAHfr2M\
hmZ3G0NjykIAN/kf\
w2r4jIvgZt0cD/qC\
n+ioCP7uGJg8Y1XS\
5\x0aFgBvHpdFAiibBN\
h2YUACbBoBOw6dNe\
Bp/k/fiFuueU8V/A\
YiBb8S7IAM8ED5oA\
fAAJ/Os0lgEp1t\x0az\
Vjf3xMLCfjgP4yFx\
UVunD7giJe8EuA3J\
CHqe03X2i27ynl6r\
/LTgnTbsnYhjEX/u\
i6zx3prXPD/\x0a+odw\
y/uiBf/8whJeOXAM\
P3z6FYylpgBC0NRQ\
j/raaM7er5TY4H8J\
9z6p0vyW8qv0teFA\
aNATRb7b\x0aVpwkoDX\
7dX42TQzLBX6T9wn\
SQcCutVt2AS7wAqL\
ygSQAYxJg8UmMSMD\
/augSgO0okUhg09p\
+fOnX\x0ab4oF/C+8fQ\
hf/96j+NmLb+GtI8\
PY/c4JvHrgGA4OjS\
Gbm0VdbS2aGxsi3Y\
qLW2zwvygHP4dhHu\
x6\x0awFMNWGIao+2ZM\
payzWQ2h6FTSXS2t\
mD9qmhIQAR/GFPbz\
Vtm8EvXSH7MmGx+z\
w2Wq72p8IBgqlsq\x0a\
0NH1OEtAqCsBpaWJ\
KfjtigE8cTyysTvl\
CA3+m/GxqMG/uIQX\
9hzC//z+Y3hp7xHm\
HX61NTXoaGvG\x0a2p4\
uDPR1YW1fFwbX9mH\
7+jU4e+Ma9He1Rza\
OqGUkmcE9j7PgZ0C\
pE+Mjwf4XoizDWxh\
i2/RJxHM2\x0arcUXPn\
kDbrrygope5/3ky2\
/iHz2znwI/c5DJzN\
ReVvC79Q3GUtO1Zs\
suT2uX+eCO1BKgi7\
NXFzTY\x0aw+0QhHAJn\
DQC52UQa/vxpc/cj\
I+979LIff4Dx0/ia\
/f9DM/vOcQ9pUdQK\
lmYW1jERGYKh0fGs\
ffY\x0aKPYeHcWbh4fw\
yv5jeOOd4ziVmkKx\
WERjQ/2K7GnLZDSZ\
wb2Pv4j7nnwJJ6lo\
vyBlxAFYX9XAxNf0\
\x0aI/z8F4DJTA4nxpK\
2O1CmJcCCf9HPkO2\
ry2IB/A7GcoOf6lt\
HRLV+QwTC+f8Qx3W\
Fh4e4csEPEInp\x0a3m\
OLhBozXQ6Wc1KZHx\
O8+olEAhvX9OGOz9\
yMj8YAfgDIz81jNJ\
l2fsvd7Z4ai+WMB8\
Di0hJOTqZx\x0acjKN1\
0DQ2FCPNT2dGOjrx\
OruTmxY1YOzNq7B2\
RvXYn1/N5obo31c1\
URGXc3/xEsYTaYNa\
1maryzg\x0ahXQV6IFA\
bS+2Y3/ef2wE//sH\
j4MAuOnKC9EewhJ4\
8qU38Y/fewSv0+DX\
RfmpfLnJ75ddNvBz\
233S\x0aPi0LNV1rB3e\
pNW+llgBbLvwOgax\
tdmjCmKh2bPD3447\
f/Ehs4AfsM/GHhsZ\
wcOiUvIBwAs//Xig\
W\x0akc3NYGg8hQNDp/\
D20RG8fXQErx08jl\
cOHMXB4TFk87OoX6\
b4gQ3+FxzwGwT8pE\
kyDc/7prr2TLS9\x0aU\
1fajv05lZnG8VNJN\
DXWY8PqPjQZPPtvg\
99+jdc8B/7AKD/3n\
df6jKWyDOCnnW8Z+\
AngEoBzqU4r\x0aEgg/\
Jjr4l0gksHFtP+74\
zY/io9fGB37Aflx3\
bDKLZ3cfkMyBE2me\
401aFhaWlpCayuH4\
qST2nziF\x0avUdHsOf\
wMF7dfxSvHjyGZGY\
a7S3NsZyB98H/Igt\
+pZWvAroO8IoGA0B\
vFh/wI+Bu35PZaRw\
/OYHp\x0a/Cz6utvR0d\
oiJdHRiRR+9OQL+P\
YDT+LNg0cxz5zwM4\
ny03kak9/7Z5nAL3\
uDkEdGFmp5M58xv1\
fI\x0aHQCgdgmcdNEls\
JeDEAvENftd8Ef4o\
x0yaW1uwuaBfrQ2N\
yA/u8CYqBYPePpG9\
/J4oNjphaUCJrPT\x0a\
mMxOY8+RIXS3t6Kp\
vg7vv/jcyOfggf/x\
F5SHfNS0Zmm/hgE8\
IDPxqTYsWXs+8GWx\
g8NDp3DP9C/w\x0a1jv\
Hcc7mdThvy3q0Ntk\
vdV1YXMLhkVPYf3Q\
Ybx48hrHJjP1SVj6\
iLgWZxOTnyqpNfvv\
zsoAfFlOG\x0aDl7WEt\
ia57QgAVi+NaCJCw\
Cg2nevhF02QRLYsL\
oPf/hbH8VHlgH8gP\
06r/6udmxa3Ye3jw\
yz7okp\x0aGXhz4G4S5\
2NLUyPed8FZuOXqi\
9HX1Rbp+EeTadzz+\
Au47/EXvYCfKArAm\
oBdNldOgkEva5v63\
Ttt\x0a0NDCZGYaT7/6\
Nl7bdwire7vQWFcH\
wMJSoYhkegpT+Rnn\
R0NC+PpMP2LZYH+f\
nmOM4Pc+suC3LQDY\
\x0aL8I4LUgAgDY4SBG\
EzBpIJBLYsKYPf/j\
bH8NHrr1sWcDvSn9\
3B3ZuXY+3jww5YwU\
1XoAnA3uqAYQA\x0aAI\
SgpakBN1x6Hm7/xP\
XYuXV9pHGA0WQa9z\
z2Au574gVDsz8wUz\
0Xfmplgt6uK8mXBQ\
edJBew+dl5\x0aHD5xU\
tIfB3wvK0jr0/3wW\
l/ME7Q+03Zc4Hfri\
WnOG4FWlgQAy39Ri\
NIlcOcktwYIIQ74b\
8FH3re8\x0a4AeAvs42\
nDe4jr1g7MDFwGYQ\
IQBoaazHDe/Zgds/\
8cH4wP/48+qz/UFi\
AHRv1jrAMx9DgF46\
BhH4\x0aYjmZVqfrygE\
qByY9RnWe1uSnysY\
BftnDR4CFhJZ1uAY\
I5B3b97ZqUpZ8YS3\
LH5Q2iKLzpey0hAv\
+\x0az37c1vwrcLa/qb\
EB61f1oqe9hRmb/9\
mZrwVm3rzJSP+1Nj\
bgg5fuwO2fXCHwu9\
dI96cQIpkP1TC1\x0aJ\
pCsCVuOWLR/b4njo\
9u0LC8ISIR7jWuDS\
if09VHUI3w7zLgl9\
6jF3gdaf9+yqF2G6\
MEvBFGdMgm+\x0awvKR\
gGQSAgmoTCs/L0EI\
1q/uwx/9zq/ho8ts\
9tOSIAR9Xe3Ysm6V\
c8O745Xf1D4ZADJC\
aGmywf/F\x0aT94QE/i\
fx72PPY/RiXRocNM\
iAzoR6itIUFgfWiE\
o1lAYn08kxHJBHw7\
4hLnPZODi364r3pd\
afz8I\x0a/DTuYgO/5Q\
+JwmtCpnXjJAEl07\
qTEZhevdiJBMH6NX\
34o8/9Gj5y7WVoXS\
Hwu9Lf1Y6dWzdS81\
bd\x0ayDrrAGhpbMD1l\
+7A7Z+KS/Pb4D+pO\
OTDbOVJwG0EdG9OO\
sCzdVxNbw56Hvhgy\
zPts+mehWCpy4TW\x0a\
+jLw85aAkb9vCWON\
BvwUWTplvBgA73/H\
FRMAYBAXcKated23\
rfl78Uef+wQ+cu3l\
Kw5+AOjtase5\x0ag+v\
8C8JF9d15uWkWFxM\
ALLQ0NeL6y3bgS5+\
6ATu2bogc/Pc++jz\
ue+w5nFJG+4PEMky\
2Autrf0fQ\x0aIECo9u\
+59oICfEL9ML6+k8\
a3p9T6bPlAk58fa0\
Xgh6CkE+JWR5yWQN\
DgePblx2WXd8H/x7\
/7qdMG\x0a/ADQUFeHt\
b1dWNPbxc5HoSVp6\
4BYFlocn/9Ln44L/\
M/h3seeczS/Zf7Hu\
AZ8Nq/ZdRpepeVVm\
h7c\x0aGHxtL/fvIW8P\
nMa35GXgmutuutte\
WK2vNflDgF9jPZQF\
frceVTfBdBYDCeh8\
G9O4AKEWIUEI1q3u\
\x0axZ/8m0/hwxGDf2F\
xCUnFL9yYyqruTuz\
cuoEDBbUGihu2pak\
BH7xsB7746RuxY0t\
M4H/0OZycSBtg\x0anh\
+r7o+dBwv2AMDz68\
K3FQR6QbmUD3wI9y\
oLVkDh68sCfYEmfx\
nBPjpgrmjXLasCv/\
edWuuEstNI\x0aSMCCG\
90U8qi6QXEBd2F98\
H8aN197ReTgf+mtA\
/jm9x+piAR6u9px7\
uZ1vhZgbgj5je/6/\
F/89Idi\x0aBP+zITS/\
TMRybnCMBboM7ArA\
ywCsAj1dVxgThDbN\
gA+49zfhyY5TSkFa\
3wO/imB4LJUZ7COK\
dt2y\x0aOvDL3ttY63U\
ie+c+LJQdEwCiiQs\
47RBCsG51H/7k934\
dN18XD/i/dtePMTM\
3j/e9Zyf6ujrKaqu\
z\x0arQVb1q9GfV0tFp\
cKlMnlXkKLOVNr+/\
w78cVfvykWs/++R5\
/FvY8+W57Pb5Wd6R\
SxgutSH0O9NlyS\x0aL\
412a9ohQh4PnDJ8f\
Wl7VH888Km0soN9T\
p4R+Ll1SAQOIqQlo\
PrFU/kgLKG+zLRyN\
f+/iwn8L+85\x0aiK/d\
+SO8tvcQUtlp7D8y\
VHZ7dbU1WN3bhfWr\
egRt42olV2O2NDbg\
A5fuxJdiAP/JZBr3\
PfIs7n3k\x0aWZzSbfX\
p/kytBGV9r4D/R8U\
RaC0vNe+DTHxB24u\
aW67xyzH3K9H6GpO\
ftnTKAb9rgcnyAsA\
P0ARA\x0aFaiEBEIFB3\
UugVueEAys6sW/+/\
3fwE0xgf+r//oDvL\
7vEIrFAtLZabxx4E\
hF7fZ3d2DH1o3Cut\
Bz\x0abmlqwPWXnY87P\
nMzzosB/Pc+8izue\
fSXyq0+YzEiCqYC+\
xcEeL4PaTtiGfc+8\
fbwVTEXqi1pTIoj\x0a\
Dc/MpsfAkwrE2BQU\
dYxN/oqDfRbbhgH4\
AZ4AZAMzJQFuAloS\
CIgLeETggv/zvxmb\
5v/qt7+P1/ce\x0aQrF\
gm+tLS0sYHUtiZHy\
y7Lb7ujpwzub11Lx\
YrdnSWG9r/tjA/0v\
c88gvytf8SnDz8+G\
B7l5f6vxA\x0aEOClWl\
4OeiBA29N1qDa9x4\
kFDc32J9/zB9W+Is\
KvwILuiTx3LtC0VX\
6wz1979XW0RX7nGZ\
KAOnDC\x0aDVC2EJbeJ\
SCEYN2qXvzpv/0t3\
HzdFWiJHPwH8NVvf\
c8Gv/Pz1u5iTeXyF\
bkBbc1N2LS2H23Nj\
cJF\x0abWlqwAcuOx9f\
+o0Pxwf+n/0Sp8Ju\
9en+GMCCArkK6Bqw\
67Q8X94R2nXSansG\
PNw9KglO08BXm/us\
\x0a1ldG+JXYgDhOBPn\
7lUX6g7Q+Leq7L4g\
EVCwXRAIGLgEhBAP\
9vfjTW387FvC/4oL\
fMfv5GyKdncbu\x0a/Y\
fL7qOmJoFVPR3YtL\
afWc9mx+e/4zc+Eg\
/4f/YL3PuzX2AsmZ\
Kc2oPhn+TEH8Q/Ab\
j0NQwEuwK8\x0avHkfE\
vQCeIQAHnt/CsBXm\
vvRan3CjUOq9ZcB/\
ICOALhBC50FuQTcg\
LXBQcolIARYu6oXf\
3rbb+Om\x0aa6MH/6t7\
DuCr//JdvLH3EEqF\
goT5LUznZ3Dg6BD1\
Dvjw0t/TiR1bN3pz\
a2l0fP7f/CjOjRH8\
p5Q+\x0av6nGV1W3gv+\
0fSnacYQhFxXo6fp\
cX0ozX6LRlcDnfGg\
W+FFrfQ343foSoog\
S/ID3UlCNWJa3Rej\
1\x0aK3l0V71N6I9TeX\
wYACz7J7rX9Pfi39\
/2WXzo2itjAf/f/v\
P9eGPfYRRL7gs8xb\
cQFQoFTKQyOHFy\x0aH\
Ns3rSurPz8OYKG5s\
REfuDxm8D/8DE5NZ\
iJrN1gMbjLNjWj8u\
jBlHILaTZUGIsGBR\
LKlJynjA5FL\x0aF6wJ\
qiyTL9YJer9AoBJ1\
8qIGP2BCAHSjoc8K\
OJfJ4LwAIS74Pxcj\
+O+zwV8swrt9qOcL\
aCLITuex\x0a//CJsgm\
gubEB61b3YsPqPpx\
/1mbc8Vsfw7kRH/K\
xwf/MCoCfk4CbjnE\
DuY9SIqkY9Gy7psC\
3y/Jj\x0alQHf/kxk+V\
ya7q1CSgKRan1JXo\
XgB4Ca7tUbd4Wqof\
wxTuL8R72t3+jHQA\
lIgmBNfx/+/e3/Bh\
+6\x0aLlrwLy4u4dU9+\
/G337wPuz3NTx+JI\
cw/cMZfKlno6WrHd\
ZddWFa/hBAUikX0d\
XXgEx98bzzgf/gZ\x0a\
3PPw0xiTgV/3YlJT\
CXlD+b47/TSh0GiI\
vuiYQMALRRTAF8HD\
j8EHfuDLQ2hznykj\
1/qCJaHV+vQY\x0ag0x\
+P60S8AOmFgCz3la\
gJWAvgP7kIGCDBI7\
m//Lt/wY3xgL+A/j\
bf7oPu/cfQrFYdOD\
NvYHIW1t/\x0a/DOzcz\
hyYhTT+Rm0t7aU1f\
/GtavQ392JjraWSM\
F/KpnGfQ8/g3sf/j\
nGJzMe5bKKtbwbQi\
XiCyU4\x0aMQW6dmy05\
tSVVYMe4PfxEQh8h\
AC+uoxM68vyKUumX\
JPf+adS8APlEIDbo\
ZIEnOmp4gL2yOFq2\
tX9\x0avfjyF38PN0Zs\
9rvg/5v/c48Hfjrm\
wL6KzL0k/vhLxSIm\
M1M4MnQSF527rawx\
NDXUG72LPoycSqZx\
\x0a78NP456f0pqfM48\
jUP6MWGVnOkVCAF5\
Z3hT0VH4Y4Av9ssB\
TmvtUevCjxmZa31+\
PAJNfu7ZmUr5a\x0a4i\
ObXARVuUPgToIAq/\
t78OUvxQD+JRf8d2\
P3/neEfX56LPLXTd\
mfs9M5HDhyIrJxVS\
o++H+OsUnN\x0aPr8yU\
o+AP0U9bSVKQuwOM\
K6CtDw/H3BjYbcsm\
T6EccPv0+JO8MnuC\
yr6Ljf3LaGe2aPGk\
nYkJj+R\x0a5clM/gis\
vMrsUsbfkQ/YW0Rm\
nx9Y3deDP7/j87jx\
2quiB/9bB/A3//s7\
eHPfOygWCtS45BfG\
JgJx\x0ayyedqew8QJR\
im/1P456HnsJYstz\
XeIUAs1DVCv5T9EO\
MAE/VY8hKHJ/yHYP\
ceQ43z7u2MnAqgR9\
w\x0ajFd37wvAD3l6Vq\
FQozD5ean8h+sDdw\
jcqwbPV13V14M//8\
N/ixuvuwrNTdGC/7\
W39uNv/vE7eNP1\x0a+\
d1Xh1OuiTcgauzuQ\
vtv7bEwtzCPodExJ\
FNZ9PV0RjbOsGKD/\
+e4+6GnJAE/zt6P2\
PdXi9iP1PPQ\x0ajseS\
fJS0G9oloM18vh+9\
q6D186l0E3PfWxOj\
QJ8kL2J/XyaVEwA9\
cYEE3CWwAIuAJBzw\
/9EfxAb+\x0av/7HO/H\
Wfmqrjw440kRAxSK\
YRaXPJpTsU4HvHB9\
eMQI4lUzhvp8+jbs\
fetIO+AnRffGGiPI\
WMQon\x0aGN2UlvSjas\
SRgl4Yo9iOKfDtNb\
HEMRhH+Nk67ElZuk\
9O6xuvcziJ9pcmNc\
cdCQFW9fbgP/zxrf\
GA\x0af89+/PU//Cve2\
mc/2OOvKGuWCT4Wb\
2Jy5ttKxgFOJdO47\
6c/98DPjE/z5x/hR\
WV/Jma/dD+e+hPi\x0a\
D3LXI/AV4rrTgcpY\
jng9/evu1FOa+gpz\
nztV6JWBpD2+T65O\
KJM/JssuOguAXnCA\
sQZIAujv68F/\x0a/JP\
b8MHr3otm53fZopD\
FpSW8/tZ+/I9vfBt\
7DhxGidP8sp8Mt5M\
diwCAtxUgcQ9SmSn\
s3nco8mUK\x0aEhv8T+\
HuBynwa9WxJDOWm8\
YKkazunyjHZuYWsB\
pfp+2pfFohSctqND\
5XX1Y3nNan85fP5O\
clegKg\x0aF4cQJAjQ1\
9uD//QnX8AHr7sqF\
vD/9298C3v2H0axW\
AIAECcGYdELaEQET\
h5FBEtLSzg1kcTwq\
XGs\x0aX7MqtuWixTb7\
f467H3gC4ynK52fu\
BY0rEOU2YOD9py8g\
gkJT31Kkc2nGvj1T\
ROWTq9sJBXwmXV1P\
\x0a/dai5TH5eYmPAGA\
vdl9vN/7Tv7vdAX+\
0b+8tlSyUShbO2rI\
JS0sFHDkxgvn5Bbj\
nDdyfMTcnAocK\x0auD\
hBdsp2A5aDAE4l07\
j/oadw9wNPYCLFvc\
aL0LeH5uYwum9ImM\
JmrRntQqi+WtryZq\
Cn8gP9e3Vb\x0a5QPfK\
a8EviI/xih/kMRGA\
IQQ9PV24y/+9Eu4P\
mKz35X6ulrsOGcrN\
gysxlQuj2Q6g7cPH\
Mb+Q0ex\x0a751jOD58\
EqGJgMpzr9NkZgpv\
7juEG66+LK7lAgCM\
JdO4/6En8Z0HHseE\
p/kpCmBuJOXCM1/V\
t5KB\x0a5maKh70pw4K\
dTQ/3mwEabS+UV7d\
lCnyvbQNz3x+HTuu\
LdZZLYiEAQgj6err\
xF392R2zgB+xfA25\
v\x0abUF7awvWYRWKxR\
IuOGc7pnJ5ZKdyGD\
45bpPBoaM4eOQExp\
L2W34sZYwAkFkF07\
k8Dh49gYXFRTTU\x0aR\
3uyz5WxZBr3PfQkv\
vOTxxzwcxpaiXz9N\
mDUhwKpjgyTzcx/E\
kQQFYFe0maUwFfUJ\
br8FTL5eYmc\x0aAAgh\
6O3pwn/+8h24/tr3\
oikm8MukpiaBrs52\
dHW2w1pn4Zztg7ji\
kp2Yzs0gnZ3C0aER\
7HvnKPYd\x0aOoZDx4a\
Qnc5zRADIrIJSoYD\
JVBbHh0/hrC0bIx+\
3Df4nHPBnuXHwX5f\
J95eJFTpDWoYIVVR\
kojDx\x0aVaAX6ugtB+\
l2nrTfcvx8eqwy4N\
NtLD/wXYmUAFzw/+\
WX/3DZwS8bS0N9Hf\
p6utDX04XN1gDOO2\
sL\x0arr3iEkznZzCZz\
uLAkeMOIRzF0ROjm\
F9YdCuDvmhNjY3YO\
LAKPd2dkY/TNvufw\
Hd+/BiSrs9P+FuX\x0a\
vsXD+v7lskK5N6Vk\
5KZWgc6n9z4GgV7S\
vlLb8+2bAN+pU465\
7/yz0lqfFrLlgvdF\
MgJCCHq7u/CX\x0af77\
y4DeRYqmEmdk5TOd\
mkMvPYHwyjT0HDnu\
EcGLkFEAImhob8L7\
LL8af/sFvY/vgBiQ\
ifKpvLJnC\x0a/Q89gb\
sc8EtWVfpVfsHiVv\
+uiL3LQa4eqZ8dEA\
vgrIRyQW+P0RT4Af\
EDRf13g7kvk0gIgB\
CCnu5O\x0a/NWf/zE+c\
O1Vpz34ZVIoFpHLz\
2A6P4PsVA5DJ8dx8\
MhxEELwkeuvxvbNU\
YM/jfsffBx3/fhRF\
vzG\x0az/GTsrMt86IV\
bwPaRQy3AZmvvMtg\
GdQNAXqhfCXAp8vI\
4wMrEeE3kYoJgBCC\
nq5O/NV//GN84H3v\
\x0aTvDzYlkWFpeWkJ+\
ZhWUB3Z3tkYJ/PJn\
GfQ8+jrt+9AiSaUm\
0XyVRvOQjTqnoSDA\
HeGWbQTsC4c18\x0ar8\
+A5wToNvQvGjk9zX\
2ZVBwDaGxowL//49\
tszd/47gc/4MYP6m\
OJ+Hvg/+HDSKazCI\
72s9uAhhOI\x0adtBl3\
biW9qs54GVthQS9t\
E7A+YCygO+nny5Bv\
iCpiADq6urw6V/7M\
G6+4bpfGfDHKTb4H\
8NdP3gY\x0ak5kp5iZh\
7yVJ0M90GxBYphuu\
vG1A8/MF8YCeGUPA\
A0J0O0RaTu4mnO5a\
n5ayCYAQgq6Odvzu\
b30S\x0arS3NKz2P014\
Y8KezQr5/AAmgbyz\
xflyhbUArXGZFjwZ\
rygaCXlrX4DRgJcB\
3/nk3Ad+VsgkgkUh\
g\x0a53lnYcO6gZWew2\
kv45Np3P/gY7jrBz\
+Vgt8P7yuARPTbgD\
osMO0bi/7mDWwt7J\
FgTV3568PNDwqF\x0aN\
vOdsr/qwHelbAKoq\
UngnLO2oaYm2ieKf\
9VkfDKN+3/yKO6Ug\
V+i8alM/6NlAEit3\
x/hTRnqBg+/\x0aDWj8\
ewHS+gagZ5oSgXum\
AN+VCmIAJDK/v1Ao\
4MA7R/DkM8/h0osv\
wNnbt6C7q3Ol16Zi\
8cD//YeQ\x0aSmc9jFo\
aja8nBaYg+3XFbkD\
DfjXjE816RbuaAKH\
5W4Tlrobp68N/VYD\
vSqxPA5pIoVDAm2/\
vx//1\x0a13+P0ZOn8M\
DDT6C9rRUb1q/Fzn\
PPxnsuvgBnbd38rt\
tenHDB/70Hkcpk7U\
QnwEf8MLEnWlJwJc\
AV\x0aWHExsVQM9v2D2\
wwLelm/KjOfL/urC\
XxXyicAy8LM3GxFn\
RcKBbz19gH81//2d\
zj4zhEUSyVkstMg\x0a\
hODQkWN48ZXduP+H\
D6Gjox3btmzC+eed\
jUsvvgBbBzeu9Lpp\
ZWIyjft+8gju/C4F\
fl6zc9F+GSlQ\x0aOU6\
dd8c2oB7oygRNX5I\
twzJBz7RxBgPflbI\
JoFgqYe++dyrqfG5\
uHo8++QwOvHMEpVL\
JS7csC/ML\x0ai5hfWE\
Qqbb8H753DR/HMsy\
+ira0V3Z0dHhmce/\
Y2rF2mF3WYiK35H8\
Gd333AAb9CswtPId\
JfWU1P\x0a+CS2Ibaqr\
K+IxOhBY8s4UTPWM\
s4IRAJ65/u7cDuvX\
CmfAIpF7D1wCJOpN\
Hp7usvrvK4OmzdtY\
MAv\x0aE8uyMDs7h9nZ\
OUwkUziWSODAoaN4\
5IlfoLW1GWtW9eP8\
HTYhnL1tC7q6OlZk\
MScm07j/xz/Dv373\
\x0aAaSzin3+cv3/gG3\
A2H4UROg/dCZVLHj\
PP9ShIINdgbDa3q7\
zqw98VyqKAczMzuL\
Ntw/g+muvKqt+\x0aY0\
M9Lr5gR+h6pVIJuV\
weuVweBMDR40PYvW\
cffvTgY2hvb8Wm9Q\
M4f+c5uPTiC7Bty6\
ZlOaRka/6f\x0a4V+/+\
xOkM1NCPv2iEYC/Z\
QP8/zC+f8VbgRHc8\
IbbgKEPBRkGCUNpe\
+cfwY76FQe+K+F/H\
JSSBCFY\x0a1deD917x\
nrLqE0JQKpXw2u49\
GBtPlj2JUqmE+YUF\
TOdymEylMTRyEnv2\
HsDPf/kCHn7saeze\
sw/T\x0a0zmsXtUXCxk\
kXc1//4998LPv8hL\
n7syffguvWCLUYkY\
+L0EqfCuQ8MZhk3q\
Ge/9+2+agh1M+2Or\
4\x0a1ZWKNvELxQJ+8d\
xLFQ2goaEBl1ywM7\
IJ2fGDBaTSWZwYGs\
Wevfvx5NPP4tXde1\
BbG/2mhwf++36E\x0ad\
CYL+86yoH8VtjdY5\
o99lbf/izqQ/gkTj\
/9PvuLMH2H+NK8YV\
7WhXDd2nvxasXVl6\
+SWgRfYE167\x0afYaB\
H6jQBSiVLJwaT+LE\
0Cg2bijvRGBDQz0u\
3HlubBOsq6vHhTvP\
w7/93G9E+hNkgAv+\
h/Hte3+E\x0aTJYy+2W\
+PBP199QPJWFOA3J\
tB6ZWLvH/QEjwroA\
0CKndRtT49sbj/dW\
WilXi4uIS3nhrb9k\
EUF9X\x0ah7O2D6K5qQ\
mzc3ORTq6hoR5XXX\
4x/tOffRGbNqyL9J\
HeZMoB/z0/RGbKBj\
9x/29xfr4quGdKCo\
Dx\x0azeoHAyNyCcoGi\
RWQVCbgmY9V0FcqF\
SOiUCzitd1vlV2fE\
IL2tjZcclH4YKBOb\
PBfgr/4sy/FA/4f\x0a\
/RTfvuf7yGSzSrPV\
M4PdX7uRmpqcac+3\
5ZU3dAW8ZpfP7BfH\
b3HJsjmI45Sa9SZu\
AVfObscSo/lV\x0a8At\
SOQEUCnjmuZcraqP\
c3QCVNDTU46rLLsF\
f/Nkd8YD/hz/Ft+7\
+Pmv2G9yw/C/kGpO\
CEliQADaG\x0aP4EYNG\
PQkRQP9tCAt8T1MQ\
F9FfhKqRgZlmVhOp\
fHvgPl/3xWQ0NDZH\
GAhoZ6XHnZJfjPX7\
4DmzYM\x0aRAr+yVQa3\
/3hT/Htu7+HqeyU5\
gYFYHhDy0jBOGBmB\
NYg8FLjUloBQX/8E\
Nn6wWAPAjwgW8sq6\
CuX\x0aSNBRWCrgF8+X\
vxtQW1uDDesH0NvT\
VdE4bPBfjL/88h3Y\
uD568N//w4fwre98\
F9mpaQBUpN5yf38e\
\x0aIQhBYuobEIP2Bzu\
NJKQrwVSV98uPj/2\
R0TBgVwFe1PLSCH4\
V9KElEoQsFQp4+bX\
K4gBtrS249OIL\x0aym\
6jod4F/x/FAP6Mbf\
Z/53s2+KU3nWVICB\
pTX+Y7S8AqbLFBTh\
SR/wl9arYpGbBb5u\
sQBHigCvgI\x0apaKDQ\
K5YloXZuXn81qdvQ\
X1dXXkDqa1BX0835\
hcWML+wiOnpnHHdh\
vp6XHHZxfir/xAP+\
L/7w4fw\x0aL3fdjynT\
MRFvP4A76EPFtXXv\
/pM3WlF2ZGKVnSkv\
Q33lic0vUwV6XBLZ\
yZi5uTns2XsAV1x6\
UVn1\x0a62rrcPEFO7B\
1cCNm5+YxkZzEG2/\
tw4svv469+9/BpPf\
2XFZs8F+Ev/oPf4Q\
N6waQSESHhJQD/n8\
O\x0aA35AvGE9QqC1mP\
uP6UtBA0Agza50LS\
oBng7oAW1XAb9sEt\
kPgzTU1+P3Pvtp/P\
mffCGSgRWLRczN\x0aL\
2B2dg4zs7M4fmIYL\
7z8Bt58ex/2HzyM2\
bl5D/z/5T/+CdYPr\
I0W/OkM7v9BGeA3E\
YM9euFnQLVV\x0alvt1\
4ZZRViDQgSrYV1gi\
swAKhQJeeb38OAAv\
NTU1aG1pRmtLMyyr\
GwNrV+PiC3difn4B\
uXwe+w4c\x0axonhEdz\
y4RtiA/8377o/lCt\
iLKqbniIGotSgMlj\
xFkfU41VnGYE8aN5\
VWTGJjACKpRJODI8\
imUyh\x0ar68n0kESQl\
BfV4f6ujp0tLehv6\
8H6wbWYGmpgJaWZi\
QifBAmlc7g/h8+hG\
/eeR+mc/lI5xEoOo\
Bw\x0apwkr+zWfFZxHV\
U4rifSNnnPz83j+5\
ddiHzQhBI0NDWhrb\
YkY/Fkb/P+6AuAPk\
rJP7S1j/9XI/LtO\x0a\
IiWAqN2A5RQb/A/i\
n05H8JtKVMd/q6A+\
YyTS52MLhQJe271n\
pecUWtIZB/zfvhe5\
/MxKD6cqVVk2\x0aidQ\
CKJUsTKYyOHZieKX\
nZSzpTBb3/6AK/qq\
cmRL5r3rMzy/g0Se\
fWel5GYkN/ofwv6v\
gr8oZKpET\x0awOLSEp\
7+5YsrPa9A8cD/rX\
uQr4K/KmeoRE4AxW\
IRBw8fw73ff2Cl56\
aUdGbKAf/dyM9UwV\
+VM1ci\x0aeRaAl6WlJ\
ew7eAibNqzD5k3rV\
3qOjGSyU7j/hw/iH\
791N2ZmKvthk6pU5\
d0usRAAAMzMzuHV1\
99C\x0aY2MDBjdvKPsh\
oSglk53CfT94EP/4\
z3djZrYK/qpUJTYC\
AOzfDXj1jT147Klf\
Ymo6h6bGRvRHfErQ\
\x0aVHzwfwczs9G+e7A\
qVXm3SmQPA+kkkUi\
gsbEBDfX1aG1pxjV\
XXoqLLtyBi3aeh00\
b18U+yUx2Cvf/\x0a4E\
F845+/g9kq+KtSFU\
+WhQCYDglBfX0d6u\
rq0FBfh/6+Xlxz5a\
W4+MKduGDH2ejrjd\
ZCyGancd8P\x0aHsA3v\
vmdyN86XJWqvNtl2\
QmAl0QiYRNCbS0aG\
xuxeeM6XHPVpbj4g\
p3Yce5ZFb3LPzs1j\
fu+/yC+\x0a8c07MTs3\
v5LTrEpVTktZcQLg\
paamBvV1dairq0Vr\
SwsuuWgnLrlwBy6+\
YAfOPXubcTsu+P/X\
N+/E\x0aXBX8VamKVE4\
7AmAGRwhqa2tRV1u\
L+oY6rO7rxcUX7sS\
lF1+AKy+9CL294q8\
SLy0tYf/Bw/iX73w\
P\x0aTz79HObmq+CvSl\
VUcloTAC+JRAK1tT\
Woq61FU1MTNm0YwP\
k7zkFfjx03mJmdxW\
u79+Dt/e9gfn4e\x0aS\
0uFlR5yVapyWsu7i\
gB4qalJoLamFsR5G\
5BlWSgUiigWiys9t\
KpU5V0h0f9c7jJKs\
VhCsbi40sOo\x0aSlXe\
tRL5swBVqUpV3j1S\
JYCqVOUMlioBVKUq\
Z7BUCaAqVTmDpUoA\
VanKGSxVAqhKVc5g\
qRJAVapy\x0aBkuVAKp\
SlTNYqgRQlaqcwVI\
lgKpU5QyWKgFUpSp\
nsFQJoCpVOYOlSgB\
VqcoZLFUCqEpVzmC\
pEkBV\x0aqnIGS5UAql\
KVM1iqBFCVqlSlKl\
Wpypko/z+w0tOqlZ\
PdEQAAACV0RVh0ZG\
F0ZTpjcmVhdGUAMj\
Ay\x0aNC0wNC0wM1QwO\
To0MzowOCswMjowM\
NUACGcAAAAldEVYd\
GRhdGU6bW9kaWZ5A\
DIwMjQtMDQtMDNU\x0a\
MDk6NDM6MDgrMDI6\
MDCkXbDbAAAAAElF\
TkSuQmCC\x22 />\x0a</s\
vg>\x0a\
\x00\x00\x96\xf5\
<\
?xml version=\x221.\
0\x22 encoding=\x22UTF\
-8\x22 standalone=\x22\
no\x22?>\x0a<!DOCTYPE \
svg PUBLIC \x22-//W\
3C//DTD SVG 1.1/\
/EN\x22 \x22http://www\
.w3.org/Graphics\
/SVG/1.1/DTD/svg\
11.dtd\x22>\x0a<svg ve\
rsion=\x221.1\x22 id=\x22\
Layer_1\x22 xmlns=\x22\
http://www.w3.or\
g/2000/svg\x22 xmln\
s:xlink=\x22http://\
www.w3.org/1999/\
xlink\x22 x=\x220px\x22 y\
=\x220px\x22 width=\x2225\
6px\x22 height=\x22256\
px\x22 viewBox=\x220 0\
 256 256\x22 enable\
-background=\x22new\
 0 0 256 256\x22 xm\
l:space=\x22preserv\
e\x22>  <image id=\x22\
image0\x22 width=\x222\
56\x22 height=\x22256\x22\
 x=\x220\x22 y=\x220\x22\x0a   \
 href=\x22data:imag\
e/png;base64,iVB\
ORw0KGgoAAAANSUh\
EUgAAAQAAAAEACAY\
AAABccqhmAAAABGd\
BTUEAALGPC/xhBQA\
AACBjSFJN\x0aAAB6Jg\
AAgIQAAPoAAACA6A\
AAdTAAAOpgAAA6mA\
AAF3CculE8AAAABm\
JLR0QA/wD/AP+gva\
eTAABt\x0abElEQVR42\
u29d5Qk130e+t2en\
PNsmI2zAWkXkYgEC\
JAgQIABFIOoQFGWa\
AEECQVLpmzLOvJZn\
/f4\x0ani1LjxRlU7JF\
iRRAJGYCIIhMgESO\
Cyw2YfOE3Znp6TDT\
Pbm76/1R6ea61V01\
s+D272Cw3TffW/V9\
\x0av3BvVZOBD/yOZYE\
AhMAW/7NFCPMdIE6\
arBz8ck49i/rsptt\
9IaBddV9Muqw/uqw\
7Pkmaqk9mnFx5\x0aEI\
jpQt9UO0x9qPvzxq\
Ou648N/pxoIdx3vl\
4osRTJYro7c/sfS1\
HWGS1TRqxHLFl9yy\
tDuO90OSJN\x0ad/uVt\
GXx47C8fCJJs9sS+\
2DSqDaJpL5dXlLWM\
uiPWhvCtwsLhC/nj\
o1ulxmz/T1hQXKTU\
cvNXH95\x0aUeGWkH4m\
RFnGotOJpg0vHyww\
vemJ+ZamjrRPQo0n\
CPzQgJ8QQ/A7bSjr\
Er+OQ0wWX05YW/qP\
vzxE\x0a/idcQ0k7kvL\
eeIi7LvI5WALBUfN\
yryE9DplCUK0zc50\
l95bkulsm9wKTJs9\
X3V/MPS3MCcIa6vu\
D\x0a4hpp+gjkfbtAQj\
cwLRD5hSSShefLqi\
Yk0V5WqMWiJ21wQf\
n2BfCLbagsAvk42P\
XxLCkJ+C1CWVp8\x0a+\
wLwqfVQgp7KDwQ63\
URQeT0ZGBMBnx81C\
UjqMiRg0JeoALi+F\
fnSNeX7FMqGxZ482\
ZIUMVHuCVm7\x0aSqAG\
DsqEvdh6FvisMNrf\
TlddGCZdq40hgp+6\
eGrwuzeXYT/cja/V\
+jzwBVAGa2dP8/J/\
RPLHlWHW\x0a0rRvBBA\
BPSbeGoiIBOTXwkw\
pSK+5tC+2vgovxlY\
AkYNVeV+HVNKqPgF\
CE4DeZvAZxp8sOxC\
qrKoR\x0aokuQAYdfUJ\
WpBMOLEvJGUGgU4U\
aUjTWsyU/luTeESh\
OpQc+DnCrOlJX8ef\
n2V54YmDlKyQBQEo\
HO\x0aGoiSBAB5n0CZr\
oBYx9wK4G72sFaAh\
nAC+1MSiyiJ8Oa/b\
BzBg5aZZyrTTNp/S\
O2vGrfe9Idws4kB\x0a\
Uq5fd9yG4Nea/C7w\
VFaBBmieVmU0L6ep\
6TkqXQIZMUBPBgHj\
01oDUZAAV8YoHiAl\
YPazGGil67Dt\x0aK60\
AndsltC2KSplaknl\
YgV2JcxNcgIrMf9n\
ncmMK/EIqtT8xvBh\
qQgn0+7l+lBF/BIN\
fpQ2Z/sJq\x0aWAH0YM\
vr4gBG8YIAMtCNFx\
prQLYuIUnAv3QSQp\
XVk9wDUlM9citAds\
+xdcsLBvJigEOKPB\
JiJVHK\x0aM/+D2bGch\
aPTBXYMsCasgHzpx\
VBZHLKbLgz4vXIS8\
HtjUgDfM9WJvJw2g\
GfyB7E9vi1q3GoiE\
Mce\x0aNQmorocqNsO6\
AkF9yLZ96TbZ+0ge\
hKzQZ69U8QbwRUKo\
YNQpna1aGG0lydYf\
NwbdeISs4Iug0gwq\
\x0a01+ZpryJFTejFvw\
SAIErKwO+CvTMohB\
nnQncXWBp8I8JBHq\
7ykwb2n5I0DxEayA\
6EnDqSdc9wBVQ\x0a1N\
Hea1S+0goIak82B6\
NgoCimboBuN0DcBV\
BoW/lnw0kSVT1+oP\
KmLWVZ8wugNtvFC6\
43/ak6gSwf\x0aDH4vX\
abNITOfZdrWz/MAT\
1zCkAFXIVRZNSFA0\
qbCkpERGiDOpxwSk\
F6bYMLX5Zu5n2DGF\
NoKoOfD\x0aj096Tfi5\
wuBamlgWtiSUg/cG\
Lg5Abv5r9v5lAyiX\
MaMywRR+mAzcopZR\
tc9aCsbg5/sNCqBx\
GpYG\x0avdb81/r7eq3\
vEwKVLxsPkQQyJes\
qWDRhScAwHiC4AvT\
1rCgAHWa3y1RUfZW\
pgLVV7MRE6MYkjQR\
X\x0a0ZhgjhgH/2Sfw8\
YSoNiKIbyPyAJaZs\
lYhjci24ceHC6ohT\
YE4MtAzwPe/SoDuY\
oc+PJgxqC0Cuj+\x0al\
fNkx6s8SachAfG6c\
xpVphiIvA7/ufwgN\
Fs+NKEE3PNmboCbZ\
tYmwJ8ENACvcb5hE\
CI881ZyypBo\x0a81Wm\
ns70Z8dKA5hv3wz8\
/naeGlwM8Jmx6QBP\
jSfQNeAJRG4Z+CfM\
FSRFQrgEMhLkScC9\
ThpLUhkY\x0a5toAEIE\
VoCCREJZoaDdAOi/\
9eHTtexaAdNCyNsJ\
G/7k2LVX7+pmjXNY\
VTHeotT/bnqJ+gF8\
n3rh+\x0afRPw67S+CP\
xgoKoDfdSfIiio78\
Mfn0WX4+dHzFwClc\
XEulHUdVGSMP05Zi\
tAdi8ZEYpOAu5tom\
rL\x0asH1ubglNSQWog\
wYXMDlZm8qIqCgV+\
12m0VfFjSeOmbNOZ\
DdyueD3yskeapGDn\
gc7awWY/oFpS98v\x0a\
fKKBevzaNQicv+K6\
yK4pdAFByXXkrpOR\
FjWIR+lFAXKdNQrN\
vS8MMUCZU5LQLY7p\
XIwWSF8ZlSx2\x0aZZF\
X9Y2iv5GcPNW4NFt\
hYcAv1fo8AAFOa7v\
liN+9LgBIFGU5l8M\
yIQImXxy3/LkK/Tr\
I4wH6XQHl\x0afSLVrm\
5xgsb6WtTV1CgVhU\
zkikreV3lugP5+lb\
YpaU5mwSRk7QZ2LJ\
2Apm6IxdQNVttu2P\
KhAjwK\x0a7c/dmGq/n\
0ujvgeBX6p9lcCng\
Ud9D6OZ6D+hHQ0Rm\
FoDUhLQrIe7FirtL\
NsVQLjTehYAQgh62\
5vx\x0aX3/z/bjlsrPQ\
3twoJQntvWLQl/l1\
4NoqS08HVxJPAob2\
/+Wd6M13BSMaM20w\
qxufvpLOTXfKkEjb\
\x0aCfT76TrlgJ/TtgI\
QldF7HtCKP4UbYEw\
EXD5MSUC7LpI14Pp\
jnyaVELOBFeCC/79\
/7gZ87toL8PU/\x0a+D\
A+ccU56GhuAAmjfC\
TKQi3lKEgzhRzctV\
+u1l4UsSEj/z+QYE\
xpK2CRhQsK87aoi1\
3e+WtO+8vy\x0aZCAOq\
+mCwE8BTzlebg0sa\
V7QslleArHoNLcvi\
2rYgkWI84YaPt+y1\
9yyHBDZ3+GVdd5oQ\
6cxZSCk\x0a2aWIPx5n\
rP4YwNRjy0PaNiEE\
fe1N+G+fvR43XbQV\
zQ11AICvfPZ6wAJ+\
/NI+TM/MO1Oy7Otq\
EUFF\x0auCNi0wiIME9\
qvNTQlPXBjldWTri\
OFvPB75tKcsX4cWD\
Du0fPYGXFG0KQQ9g\
xKyybYO3PtiM1/TV\
p\x0alYOfN73ZdPaJQ2\
7MgduAhGpH8vSiYB\
HorAFoLIGQQUF3fT\
Tanb1W6nJuv4QQ9H\
W04L999nrcTIEf\x0aA\
Foa6vGV37kev3b5O\
WhvaQRR7H4pSdj4X\
jexVPkkiUIpKw4A/\
S6AfgKGkyKaiZQVA\
VWUCx38Uw1b\x0afXPJ\
tH85pr88LQT4iVuO\
BaX0UWMt2KEux+9C\
yFwLjoCMSUC2Tior\
SXJ9hTUE5AFB2XV3\
zf4EQX97\x0aC/7f336\
/AH5XbBL4oE0CzQ0\
OCQSAPKyFaiI6DAV\
X1uYlmDJldKR1Fag\
8s3KqsVS4uKZbf1D\
fMIHx\x0aD61mA3tTC3\
MMCX6ZxvesAhnYCf\
un9f25MXPEKkbkDc\
dKdEFSDTGWYwVILg\
87LRv8/89vvx8fVo\
Df\x0aFZoEOlxLgFSup\
ISiyxIHEPMSskSZ7\
6h695/ZQHVSvtkTS\
T+GEVuLSdZrf7ZdA\
7OWL28IfvXLRdxy\x0a\
FEBdq4EHvWobEFy7\
VF3z9/qJJCCzfMzW\
jJ+feJ1M3k9JCMGq\
jhZ85beuw4cv2qIF\
vys2CdyAj1/u\x0aBAY\
V1ob4WZ2k3g7kymm\
JJkg02HD6T1hhKgU\
Vi8T/DwFuyY2hNv8\
DGiKSz6YXWhdUFNZ\
FbR2EBb8A\x0aUAH0fh\
rzWLDyT9cGPdYw7/\
UjkmshroGlXRdx7c\
U3VAdpQwr8v3ktPm\
IIfld8EjgXHc1UTM\
B416wc\x0aRaWfT6gmF\
NisDTe4sAMxY0PWL\
BcrBJpWuk6MzH+3T\
blI9/2NtL//WfvGW\
qa+OfhrEgQNtTWor\
61B\x0awjVNLaBQsrBU\
srBULKFohdEYTlnv\
XfvuXC3q4rDRfItY\
IG7UH8Qu63xndgio\
iDSzM+DNkdo98BbY\
\x0a8tZOFk1n2hVuAUJ\
FvgkIAVZ1NOMrn7n\
GWPPz0tJQj6987gY\
AFn7i7g5Idh8Cx1Z\
WOU1xd5eE2Q1x\x0arw\
Go3RyxkdrgaYcjB2\
PfiERAHMbWQgjz31\
CbGG0pCtU1pn8I8C\
dIAk31Ndja24YPbO\
vHVZt7saq9\x0aEQCQW\
yjgyOQM9o1PY+/4N\
IYys5hdLGKpaJNCo\
WhhqVRCsaSkO4q04\
AHdHgZFBARGJMADU\
djqo8nE\x0aXUFpvrsO\
FrUW7g9iuH3KtgTh\
aP5m/N+fuRofvmgL\
WsoAvys2CdwIAPjJ\
i/swPeuSgAM4yd3D\
budp\x0ahJkrN2Xp9ij\
Csbt/hb0x1mqBRYI\
bCi5YgUlDJHlxbDN\
q+1GbodI2wkSzZT6\
vAfjXdzXjs5dswu9\
f\x0avgkbu1uEGd2w3f\
+8UChhdGoO+8Zz2D\
s2jSOpPPaN5zGUnU\
XRsRIWCyUUSiUsFS\
2wvECRgae14QPc\x0ag\
AQ8UPPWAVxaoTok/\
B47ZwUgmBQk6hHdr\
Y34r59+Lz5SIfhd8\
UjAAh54aR+mZuY0l\
gCXJCM3jVYP\x0aFhMW\
UJfxLYCwGllLEuUS\
QhltMBpYzA7W1Fw5\
VTrdZlhrRKX93Uyl\
OyGCf0NXM+64Zju+\
cNUgGutq\x0aAlexoTa\
BwZ4WDPa04KPnrvb\
SpxcKGMnOYd/4NN4\
YncKRVB5HJmcwnl9\
AoViyicH5t1iyUIJ\
vERAa\x0azDoSEA7qyF\
wBMFaA9NCOzIrwFl\
YDfqfe1WcNYOeGPj\
TWGRi8htLSUI+v/O\
6NACyHBOZtWuOHow\
Ey\x0aay1EYEFwbZnkk\
TU3/L7lBX3cC+MFg\
uBcWD7gYedb1Gd2m\
4srx2g12sxVlCN+/\
8z2Fj0+wrbn12fz\x0a\
LK5fvz47JmYu1FyF\
Nungl7BmYhtmv4XI\
mf5chL1c8JcjE/kF\
HE3N4EhqBm+MZLFv\
fBojU3PIzi1i\x0asVi\
yyaHgEkPJ13zMb90\
BXmjR+wzxN+2Uv5U\
npnllvTbo8mw5vy+\
//Oev3Yk/vPEiDPZ\
3oiYRzq3V\x0ayczCIv\
7yzkfxwIv7MDU7B6\
tEhVv53+mTzCt4TS\
zH2mfbA+RtCr8zyK\
w7Nx5ICED2M1ZqAh\
Bvbu0P\x0ailI3tlBOB\
iITAEvbBFVfQSoGc\
zGeD99mENFxdcW5w\
rsGLPi34QtXbYkN/\
DoZysxi/0QOR1J57\
B/L\x0aYd/4FEazc5hd\
LHjWQqFQxGKxhFLR\
sxdA39wyoEp/xJK/\
4ekbXAYECeEQnpgs\
C5+/bgf+8MaLYySB\
\x0avZiamQesEkRQ6wi\
AnruEFLkf9BR/+FR\
CAEKavF/OJopuUXR\
SdgCQmI6vgriDbJw\
y898g+Bfs+/vl\x0aRf\
Db/5wO4AeADV3N2N\
DVDGCVlzZfKGE4M4\
v949PYPzaFo+kZ7D\
05hZPTsyg6sYXFYh\
FLxRKWCkWU\x0aACFKL\
f0si/iH8vvp5fXdh\
395eg8ARE4CtjvwI\
QDAAy/sxdTsnMTsN\
/HVA8QkZmAcSLSlN\
ry/Hq58\x0a2YFCYpJH\
9SMDK704wnhMxxhA\
GNIqRFlf9P0B+ZOL\
9r716QB+lTTWJrCt\
rxXb+lpxy461Xnp2\
bhGj\x0a2TnsPZXFmye\
zOJbK43Ayh1R+Hkv\
FEgqFEhYKBSwWiii\
ULKBU8tfNfWAGBsF\
AuOsHfzdAiDuwF+t\
b\x0aT+8BAXBHXCRgWX\
jgxb3O7kDJHyPoWz\
ocSEO49NK4gq5iBF\
ERHbjCkotJHl0sCk\
tCJA7T+aqCkdpp\x0a6\
HYV6OYSBBu6W3DH1\
acn+HXS2VSPzqZ6n\
LemA5+5eKOXfmp6D\
sdTeRxO5rF7OIV3J\
qYwmp3F1Owi\x0alhxL\
YXGpgMWCHV9QRsGl\
YHESDRTtvzz9FmAB\
d3woDhK4CQDw4It7\
/d2BcqP92p0Ac4tC\
Flj0Wllz\x0aw+ctrzP\
T4JRxcE7u78r8Yta\
PpsrK2iwrAKjz/+l\
xaPz/wJiCPvhnGrt\
IJBLY0N2CL169Dbe\
/y8Bf\x0ajhydzOHQxD\
SOJHM4cCqD/WNZjE\
3PYm6hgPmlAvLzS1\
gqFJ0ou8yfNo8D0L\
7z56/biTs+dEn0MY\
H5\x0aRfzlnT9jSUDhx\
wOij06oPH9+ijiJ0\
KYk2CoEVv36agtAu\
x5xaHYz9yE6KyOgb\
2OXopx4A08yoMBP\x0a\
zijwA8BgbxsGe9uY\
tPmlIk6k8nj+yDge\
fPM43hpJYTI3h8VC\
UdKCoTbkiv3L028B\
QOQk0NJYj6/8\x0a7s2\
ABTz44tuYmqVPDAa\
b5XKNHcIPCCE1bVs\
u2iWLXss0IiQaUdT\
k5eVZyn41Y1JYEpB\
oZGkeFW0X\x0adgCEPl\
RlAsZquhYEqCGO5r\
9mG26/ausZAX6V1N\
Yk0NvaiIs29OCWCz\
fh7DWdGM3MYHx6Fo\
WSSLv+\x0abUp5wNLDX\
NRlB/DG8XEUiiVsW\
9ONzuZG+0h1BFJfW\
4NrdgxiJDWFE+MZL\
CwVILH/uRHTOXIK0\
H3X\x0atUoUJVgCCLxR\
gdAAKBvIy5CncGX4\
MnICkBBCBeRQU0OZ\
/e89s8HPS11NAttX\
deDsNV0YSuUxkplB\
\x0a0aICh45IOEAKIz7\
tjWNj8ZPARBqLSwW\
popYTgC5NTRxh2ws\
kAEupEREDIGMkmVB\
WBl3GXSqizgvl\x0a//\
t57nhqahLY0NWK26\
vg18pAZwu29LVjKJ\
3DaGbGDhRSYqI12T\
T/0+7jLgl0oSMOEp\
icwpDCEgjW\x0a2JWmk\
bAEYGISA7EBOQKSs\
SpqM4rx0nXUeTVOw\
O/2q7dXwW8gA10t2\
NLXgaF0XiABlZnLi\
yrtjWPj\x0aKJRK2Lqm\
C53NDZGTwOhkFicm\
0jYJWLIIl2qMlbkK\
urQKCEBVZpkIoCzN\
bppnNiarQsKyzX5X\
82+r\x0agt9QPBJI5TG\
azaNYLEGn5WTfiFD\
OTnHdga2ru9HZEjU\
JbMHo5BROjDskoBh\
LZGkkuBxDANaKEIC\
m\x0anRUlGbZ+ZRaFOC\
Y72t9qa/6rowV/yb\
If3onq5j0dZaCrBV\
v6OzCUyuFkJi8NDA\
LyG1+WTn9/49iY\x0ab\
QnERQKpLBMYLAvsx\
LCcKo0sqwXgl7VWh\
ADK6YMuI2m7AiKqS\
SSw0dX8V2+PFPwLh\
RKOpOdwNDWL\x0auUIR\
s0slzBWKKFAxs18V\
YnBJ4EQqh5PZGccS\
AHSa3k/XmM6EOCRQ\
xNbVPTGSgOgOuP1X\
ZAEQYlyX\x0aIgAKCGU\
RgKROuXkVkkylfVi\
xEZFv9n/h6u2xgP+\
FoQz+yxPv4D8/+g6\
+//YYnj2RxUvDUzi\
amUNm\x0abgn5xSLml0\
qYLZSwUCjZmpMANY\
Tg3cgLNgl04kRKFR\
jkRKc5ucTdx8ZQLJ\
XiI4HJKZwYT9m7A/\
Jh\x0aimncGEITBbdr8\
i4jgOUkGZMy4QigJ\
pHAxp5WfOG923H7N\
fGA/6+fOYpHDyUBE\
OSXSjiWmcNb43n8\x0a\
/GgG33t7HHftHsOP\
D0zihaEs3hzL42hm\
DtMLRcwXiphZLGJu\
yX57ULFkIUFIpCfk\
4hKXBGx3YAYF\x0aWWC\
wDOAQAG8cPYVisYS\
ta2IggZ1bMDqZxdB\
4CgtLRYR5KkWa5ow\
tTN2QBKArUyUA3Th\
qamyz/7ar\x0at+P2a8\
6KCfxH8Og7k9q5Fi\
0LmfkCDqfn8MroNB\
4/ksZ9b53CPW+ewk\
MHk3hlZArvTM7gSH\
oWeedR\x0a39xCwSaGk\
v3GoAQhp50b4cUEJ\
nM4mc2j4LgDqlGGA\
ckbx8ZiJIGtniVAu\
wNlEUAZaachAaw0y\
cCg\x0aTLi+bM3fFiv4\
/8czR/DoO8lwc6U0\
xmKhhMnZJRxIzuD5\
Exk8cjCJ77xxEt/b\
M4YnD0/i5ZEsjkzO\
\x0a4mRuHrmFAhYKJcw\
s2sRQLNkPuiQIAVl\
BYhjoaqUCg7YlEAU\
BAMAbx1xLoBudLdG\
eE7jaJYGxlLc7\x0aIL\
ROwo/ZJO00JADgV8\
kCqEkQbOxuw23XbM\
ft15wdKfjnCyW8eC\
KNv/nFETx6MGkwV+\
6z+8mzPEXt\x0aM7tYw\
Mnpeewdz+OXR1N4Y\
N8Y7nx1CA/uHcNzx\
9N4eSiDE5lZpGYWk\
V8sYHaxgNmlIhaWi\
ihYFhIg\x0aDjFENm2t\
+CQwjZMZOjDISjnA\
Yd2BOEgg61gCRTEw\
aFUJYJn6QIgysr78\
PNfsv/Was2IF/yMH\
JxRz\x0ak4+TeNcQIKa\
PV1nsdtX0QgHH0jP\
Yc2oKTx2awPffGsX\
drw/jp/tO4eUTabx\
1cgrHUzOYml/CzGI\
B\x0aeceNWCzagccaZy\
s0DrFJoJPaIhRJwA\
QksjK73XMCMZLA8T\
E3MCg7MRh+Hrq0d1\
kQEDDVvJX3Ue44\x0a/\
Lw1nc249eqz8KVrz\
4kH/M8ctsGvGQsRr\
q39LyHgfv0X/mO04\
NKlN5FoLRRLJWRmF\
3F4ModXhzJ4\x0a4p0x\
3P/6CXxv9zB+tu8k\
3hjJ4ODENI5N5jGz\
WMB8oYjp+SXMLRZR\
kyCoSyQisxRcEjjh\
WAKFIvsU\x0aYWgCsPy\
03UdPxUgC23DSsQQ\
Ww54YLCN+sOznAOI\
jgJD9a/ogEYyjvrY\
WHzxnLb78wZ3obK6\
P5AYB\x0aJOBnxomA9V\
bdCgADaMb8pG9Anb\
WgvvkWCiWk8gs4MD\
6F548l8ej+U7j71W\
P4yZvD+Pk7Y3htKA\
XA\x0awur2JjTV1UZMA\
s45AdcSoIAszEXyI\
h7VfHcfOxk7CRwfn\
2S2CCOxADhCWfajw\
GRFCECSpzOTjcuo\x0a\
8wZ72/B7V23DVVv8\
d+hVKvOFIl48kcHf\
Pn3I0fzcHBXjIwIJ\
0LeERvt775C0FDeQ\
6dsZ5KfdZhaW\x0acHJ\
qFntPZvHisSTaGuo\
w2NeG5jhIYNK1BOS\
7A8aalJr/7qMnnWc\
H4iKBKRwfm/SeIhT\
JuXJSYAiA\x0aLAMBRA\
POCPrQ5olpxKQ+9X\
nHQDd+76pt6Gtriu\
SmsMGfxt8+fRiPHB\
x3lp7tlwhr5l96hg\
QE8X8V\x0a0H+7jPc/e\
S3ZDWmV7z7kF5aw5\
2QG7Q218ZDAqk6bB\
JwtQhKRf7376CkUS\
iVsW9ODjrgsAVlMQ\
GvJ\x0amBHzilgAkREA\
9ZmUWU+dZzZeXb8X\
bejF71+1HbU1iYpv\
hoVCCS8PZfA3Tx/C\
IwfGNWOCTQIKs58Q\
\x0azRFThdnPvKaay1e\
35df10y2haZ4sZua\
X8NZoBu2NMVkCqzp\
xIjmNU5LAoIl7I5+\
zhd1HTjq7A73R\x0ak8\
D523ByMkNZAiGIy9\
KUs7QEAAVITMqcHl\
rdSGNrgCQPjCrypB\
ZAFz7znsFIboTx3D\
zuenUI3909\x0agqL3Z\
ilH41MAlxKZxPcn8\
MmAyIBPaX8G/JR1Q\
JSEIAGS7CUYCi01s\
xA/CQxNTtkxgaLqU\
eJwaYDr\x0aDhRjIoHt\
2HvsJI6dSqIUiriC\
0wIJQHyt0vJo9Tjy\
iDG4VWXoOUosIOcz\
AcH21Z245fwNqElU\
bgE0\x0a1dWgWLJweHI\
GyfyCTQIygNNWAH/\
NvH/kLoD/j8Kkp39\
wwm3FyPyXpwtaiqp\
vWwJpmwR629FcHy0\
J\x0aDK7qwtDkNE5mc5\
oTg7qn9ORaePcRPz\
AYJQnMzM3j2KkkXj\
94gtnNULUeZi4r+0\
7AZScVuj3i/KcA\x0ac\
yAB6Mfa396Myzf3o\
6+tseIboCZBsLm7B\
WvaG3FkcgbJ/KJz+\
s791V5R84skQN0ad\
BJzL9O/REPd\x0a7Myv\
zci1v92spTf/qfI6\
IAGuJeCQQF8MJNDf\
xVgClVgAdNruo6Mo\
FK3ISCCTm8Gdj72A\
//nDpzC/\x0asBg4lrD\
jtgkAMAAQECc4zbW\
z3vQOlRcI7oB5aOZ\
Um0hgY28bzl/XjSi\
OxzIkkMozJCCY+RQ\
JeD2b\x0ajoH3+VXgNw\
3+SbiCGG4zzswXsG\
c0hfbG+uhJoLsVg/\
2dzolB96Ui4QKXqn\
HvPuLuDlTmDqRzM7\
jr\x0a0Rfw1e89hrl5G\
vzqsfjpZnNRE0AMf\
nFYcMq1s9r0Dp2nA\
TeRrAMxIS7n8+xSE\
Q11NbhsUx/am6I5\x0a\
B8CSwAySM7Y74MJd\
RgJ2Chf8429Iatsr\
HPg5bS64o4bmP5PG\
EsLMQgF7PEugDc31\
dRGSQJtNApNT\x0admC\
QOzasjaZrD+hYeLP\
CmIAL/q9973HMzi/\
CNEgpH08oC8DN0hM\
AkZaJXzszJm+EQUO\
9xaNaEzXh\x0aFEslTM\
0voam+FjvWdqOhNp\
qTgDQJHE3NYCKvIQ\
F6LvCJQP7Hnz03A7\
9U+3s/UEGn+Z8FDW\
VJfFTq\x0a7Ht+fgl7R\
tJob6qPhQS2rOrCU\
NKJCTi/O8A0L7Vcx\
HHSQgDsPjJqxwTWh\
iOB9PQM7nrsRXzt+\
09g\x0axtH8pqBWl5WT\
RNkEIAdnHNpZk2cE\
5CAyKH++Qf1Nzy3h\
1PQculsbsamnLXIS\
WNWmIwHuVgjhAlBf\
\x0aDMEv8/0V2t/I/Bc\
DjfmFJewZScVCAmu\
72+zdgeQ0TmZyXEx\
AfxSXHye/P2/HBIr\
YurbPiATS0zO4\x0a87\
EX8Xc/eAIzcwuavi\
1jAtCRR03blgt3mW\
heu1aYMu7tGKF21u\
TJLAMjk52xZmRtU2\
VNx0l9nszP\x0a4/DEN\
LpbG7CppzVSEhjsk\
ZOAlgi8JCdN+ttzk\
u2+QPBzkf8g7R/ql\
KFDAvM0CbTHQwKTU\
ziZyUmf\x0aIpSBULG6\
zPh9S0BPAilH83/9\
B08y4Nc+Cag9vhw8\
PscCCKN5TcqEB2t4\
za2rR9cJMNk1c5HG\
AWTz\x0aUVg27jwn8ws\
OCTRiU3crGiJ6MEg\
ggdwCszvg7wSobxH\
+ZvE1mHoLUAl+S2b\
il6H9FacMAXt34O2\
R\x0aNNoa4yKBLgwl+Z\
iA2c6FDnBvHh3RWg\
I2+F/C3/Hgp/tRWB\
ni2nN1NT9GUiEBAJ\
Vqbmm5CnxvfV7Y\x0aM\
anGYjAXru5kfgFHk\
jl0tzZiY3dbZE8HM\
iSQdiwBb3eAswj4q\
+/dPKDKyjWyKfh97\
S+W0Wp/TpTp\x0aFpBf\
WMTbIym0NdVT5wSi\
YYG13W3YsroLJ5JT\
OJXJGRwWMj9BaFsC\
RScm0OSRgAv+r//w\
KeTn5kNr\x0acXZ9NCc\
umYNctggEoDWbqbT\
y9+LVeawmVZvnpBK\
QlxUHCJiLZl70WJO\
5eYcEGrCxuzUWEji\
WnsHE\x0ajEMC1DWjaF\
3554nJsWAt+CX+vF\
L7c30GnTNwJD9vk0\
B7Yz0293XERwJpJy\
YgsUbkprn+Nd+7j4\
yg\x0aUChi60AfOlqak\
MnN4q7HX8LXf/QUc\
nPzwjyFdTLaAjQcj\
2VRBAAYgBQGoAljg\
pdvnpsCklRANMy8\x0a\
y3QD+M/J/AKOJKfR\
3dKIjT3Rk0B/WyOO\
p/IOCciuvOR20MUB\
qPxw4Pc1PbHEtMBn\
DCxN/47kFxad\x0amEB\
dvCQgjQlIxkqb5lx\
QlB777iMjKBRLWNX\
Vjh8/+yb+/sdPIzc\
7T5XjLlmI38QW15Q\
vyxJITdug\x0a5ChwoE\
bUgWa5zHMJCGVzCE\
U04mdpm6bz8Nqg67\
okkEN3S0OMJOAGBr\
2HBwxakG8Fuq6BX8\
QU/Gri\x0aYG5UU+0vO\
WU441oCTfXY3Be3O\
yD+NLm5ac5+331kB\
EdGk/jRc29iVhbtN\
34RSPlnAAAjAnA+G\
28F\x0a0mV0GjMkyOOI\
AyjnE8INYOak6ZMb\
UzI/Hy8JtDbieNp9\
dsAK14jsYJDkOQHn\
gx782jgC247bp4n2\
\x0ap2MN+YVFvD08ifa\
mhhhIoJ0KDE5zMQH\
VEWdWiHTdgJFkhj1\
8FHAegpk7vxxeXwH\
9c2UcAnCSjQkA\x0aFA\
DKN8/DBwL9+sZxgB\
D9qNwAmRVATOftfC\
aStGR+Hkcmc+hujo\
sEGnA8PYOJ/DwbE6\
Cvo+TxUlHj\x0aUx8sG\
QiDwG9g+peh/ekbO\
T+/hLdHJh1LIGp3o\
B2Dqx0SSDskEOj/6\
08K+umG5nroHQD6M\
BYr9DrX\x0atAsEAANw\
q8pDDTAmj64foEUJ\
QeADO3R9yRiC4wBB\
7UrGrupf1q6mfjK3\
gCOTOXQ12+cEoiaB\
PocE\x0akjnbEqCurOR\
PAXrvK6etQ4FfY/o\
zfZtof0jPGeQXlvD\
28CQ6YiOBbgwls54\
loASmdG/ezI83f7y\
3\x0azB0Arr2atsELdx\
mZ7N5nCAALNs+XwX\
QP1U9AW4bEZ2aF+G\
mePcHVSeYWcHQyHy\
MJuO7AvPcOf0Ys\x0a5\
Rfh5nG1vmzvPgj8S\
tNf2PcP0v7qU4b2O\
QHXHYiLBGxLoMidE\
/DGy80x+H0Iplt9E\
ewAcGvNEgBg\x0aAG4Y\
AMYQfBX755W5AWpr\
QyxPpOMJaDeoHWpN\
k7l5jwTicAcEEggS\
IW7gAt+5i+h/Q4Hf\
0PQPqf2p\x0aFbe3CIe\
TMboD3RhOZn13wB2\
XpLzK//eJ0M8TyDG\
Em6FcK64un2YTQAj\
f2y8DpXkuu8mJBKR\
yMJgf\x0a11XWZ+qq3Q\
AteSiJj81TWQFhXQ\
EgXhLY7JDAifSsPC\
ag2QoUge985gKDxu\
CXRf2lpn847U+LHx\
iM\x0a0R2YyFKBwaj9f\
ypN9hqwMgOAbDmLJ\
gAnq6xAIFC2Vq9wm\
y5cPwgeo4xsnHyVF\
UAkGl0aR1C5AlSZ\x0a\
uC2B3pYGnEjPYCKn\
sgRY0EuB7/3ja33m\
5jcBv+6oMWjwa4KO\
Eu1Pk4ttCTjuQH/0\
JLBljUMC6Wn/\x0aRaO\
a/X9ayjL3LUk5y78\
Gsmuo78OxAIwj2vT\
ixRYHCOo7pBsQYAU\
Eb92xABVfsa12CwJ\
dgZUggd5W\x0amwQy/u\
4AAQt4+U0rOQcATu\
vz+SYvF5E8Z+CviM\
4dUGt/GjwzC4vY47\
oD/Z3xkEAyi7HUtP\
wXiGS7\x0aF3H6/1QA1\
8SlcCwAhDTZIYLPI\
A6gDy4GaPWK3AB2H\
CZWg8oKEP8t3xUII\
oFjsZJAI4bSM0jm5\
jQx\x0aAfWugFbrA2bg\
F/oJMP0teX+yG50G\
wMy8SwINMZFAj707\
kJri3tknX1dvXZbV\
/6fSKALyCSAwDqAG\
\x0aQRhgsu2r82QBOn1\
bXPkQdYOtADZN7gr\
oyELiCnhrB2XdCZo\
Eon52oLcVva0NGGL\
OCdAAFj7YQ5O+\x0aAI\
T+zL1P0EnzChr7/R\
rTn2rb3/ritiip/g\
DnxOBQfJbA4Joe2x\
2gSEDlPimBKSsXmf\
8v77umbfMF\x0au5Qmu\
1K7I7zpHvk2HW+ti\
G3JzHXzE4iGVoBg4\
UBoi8jqhyGB1DKQA\
GMJyPeYtcAH5JF+0\
zcLQQJ+\x0a6fsBfFCr\
3tCj0pQzC+7uQDyW\
wODqHgwlMziZnkKx\
WApp/uuDddH7/7Jt\
QAOtK38y0B2uxorQ\
AK9S\x0aN0DVbuA4mHl\
p2jO2AgxcAa8e+11\
PAnM4nsqjMy4SaKl\
3LAHWHSCMNvdvGtX\
pQLnWd9J04Je+Qqw\
M\x0a01+h/enx2ZbARD\
wk0GOTwPBEBqdSU/\
qXiujMf/Bg5eoGtQ\
lVm6J4BCADIdECDA\
gCprJNpm4lpnkI\x0as\
qHBG9oKkM9fHhAEi\
GytyiUBJy9eEmhDb\
0sDhqmYQCDova8uS\
ai1Puh8ZdBPXt/s8\
WK6L/qcvMy6\x0acF4q\
MjTukEBXxCTQgcE1\
PRhOZnEylUWxFPal\
IhAO63hrwV8Tpn4Z\
bVoWbQE41YyDfNCD\
h2kjLjfA\x0aL6+yIkh\
QX3RZ6VjCuAKSsXF\
lwpEAm2eTQA6dzfX\
Y0N2KpghJYItDAkM\
Zd4uwxN1TKuBTeQq\
tr9LU\x0a4fx+hekvDf\
zJYgtsvzPzS9g7NI\
625jhJIIOTkz4JhH\
4fIlc0+JmIEG06Iu\
4CKN0AGYDoemVq5g\
A3\x0aQBYMVJ3Wq9gKC\
CI3rSvAp1dGAiprY\
CI3j+OpPLpiIIHB3\
jb0tDRgKJ33SYAW1\
evDqTzaYiAqYmDa\x0a\
kvn9Jo8Xi30SSVm2\
D7aObQlMoK2pHptX\
dTqvF4uSBHptEkhN\
oVgqceODofkfsP0n\
O/9v6P8DQE3b\x0a4AW\
7fC0qu8F1YAUDvPL\
dALZP/7Mqz12SCqw\
AVVlZfpArwKyHX79\
sEvDWiZ6vnz8xPYf\
j6Ty6muKx\x0aBHpaGj\
CccQKD1E9nCaY+oN\
D6MvArAnsSv9/88W\
I2XzD9pe3RZS0vJm\
CTQFe8JBD4olF//c\
o3/w23\x0aFP1nAXwC8\
Jo8ndwAxXjUZrlJe\
/a/KiugHFdARTLhS\
YBNE60B+/PE9Fxsl\
sCWvjZ0OyRgxwQkr\
xaS\x0aAN8emc4q8LW+\
CqzCza4Cv7HpLxsP\
mD7owOCmGEhgy5pe\
jEykKRIwjf6DWldA\
tGLklkHQK9Zp8QkA\
\x0aUAAogACYeuZuQLh\
nA6BuX3APFG3IxgI\
g7DFe/zMU9cR8YxL\
g26DSZETAugMtaKq\
rRRTCkkDe3yJU\x0anL\
hT+/p0GY2/Lw36GY\
Df2PSXa3+/CZsE9p\
4YR3tTfeQksKanA4\
NrezE8kcbJySknvh\
LW/JdvzdJz\x0asNPkY\
5BZEASWCQFwYI3ID\
VgJK0AatQ8KCEr7l\
LfBrEkYEvC+6q0B9\
xtNBBO5OZxwdgdiI\
4H0DCam\x0a59jDQpTG\
1wKfSlfv8/vHkWVn\
DJTg97S/gSthyTQh\
u+VpWwLjsVgCHgm4\
gUH32QF6vWIz/+Ws\
QOBZ\x0aAM5XHVh1VoC\
xG8DV0xJL9FaAaqz\
luQL+d7rd8kiA6w/\
g8sU0mgjGp+dwIp1\
HRywk0M5aAkV/288\
c\x0a+AHgN/X5peDn+g\
3aVqTLS9qYmV/E2y\
diJIE1vRieYHcHXJ\
G/Y4FeOyAS858iyJ\
q2zefvCgZrGDdA\x0aX\
k4GSvNgoFi3bCtAO\
laXBDRmv4oEJPVCk\
QBXlhC/JJsnueSUa\
zDhkIC/RRgxCTQ3Y\
CSdZ2MCAcC3\x0aR0zd\
vLGAXwSHkekPdT+2\
JTBmnxNY1Y2mOEgg\
mcHoZBZF99kBWaAO\
8jRmzBWY/wB/FBhQ\
gifMw0GV\x0antYr3wr\
gxqYEcCWugF/PLCg\
IoYxHfWVZA4pbg9i\
BwaG06w7EQAKuJTA\
9JxxwsT+yNxjxsoP\
8feff\x0assFvsLMgbQ\
fi04zO55m5Rew9MY\
a2pgZsXh0HCfRhOJ\
m2SaBEPTsgC24KZA\
Z//tSYw5r/AEMATn\
Kl\x0abkAQ4A2IRdme1\
goIGrOfJiUuAIGug\
HaeYhk5CdAXIcAa8\
L6aE8G4SwJNDdjQE\
xMJpN3AoGgJSM19\x0a\
rkws4NceR9bsLMjK\
O8CxA4NxkoDtDowm\
MyiV6FeOK4J/mpd/\
wl13WRsK8x+wHAIA\
YGIFyLWy3A1Q\x0aBgN\
jsQLcqar6E+uEdQV\
CBQWpuiwJiOV8EoC\
kX3+sAhEI5fx8mwR\
y6Gyqj5EEZjCRm6X\
OCfCvquZB\x0aaKdJXy\
sWGfhlvrI86q/ty1\
1JiyKBxjhIoBODA7\
0YmchgdDLjuwP0uJ\
m1Ajtui04T2zchip\
r2zefv\x0akmvtMrR1m\
cHAUFaAwqpQHdSRE\
4msTUkaV54lASj6F\
ut6vStdgiBrwFslM\
UYgLUtbAvGRwEg6j\
+T0\x0aLHdsWAMqiV8e\
Pfh1fj8b9RfG60Xi\
Ze7AKccS6ImcBLas\
ddyBZMZ2B4yCf5Wb\
/4CGAJTaWucGGJRT\
\x0aaXZZ3bBWgFFAkG7\
H+8y2R0xIIHBnQAS\
y2iXwiZBwaWz/VFk\
VEVB1GBLobkVTfbQ\
k0OWQwERulo1o\x0ah9\
T6QMTg1/r9OleBAg\
1nMczOL+Jtzx2Ihw\
RGHHfAPzYsSujnCT\
TmPwDUtG9ydwFgpq\
1lgPQ+s/+G\x0aObMf1\
gogkv4gA6GxKwDQw\
NWRQODOgMasD3IJ/\
LXg6gv1/PG7ZCAjh\
PHpWQyn3C3CqEmgw\
yeB6Tnu\x0aqKsM+M5n\
TuszI44I/Fq/X0M2\
MovB7X9mziGBxnps\
XhM9CQyu7cNIMo3R\
iTRKnlWlCP5RFpf0\
vQMw\x0aIArLsi0AVXR\
dqa11VoBphL5CK0C\
l5Y1e682NkyjaVZF\
A0M4ADeVwLgHVtzs\
yGREwdSX1KEIgcNy\
B\x0aVB4dzfXY0N0WLQ\
n0d6CrpdEngVIpAP\
h+unCuP2rwa/3+YN\
NfeU7guGMJxEIC/R\
hJpjHikgA9X6X2\x0a5\
0S2pah4SWlN++adu\
8L67DCyAkKY5Uorg\
OtXsAJk+W4/pq6Ar\
g0VCejO8YOaNzR96\
qwBqn9nXaSu\x0agZck\
uwFFS2AonUdHUwwk\
0NeBrtYGjKbzSE7z\
zw5IQAiVFnbKRAl+\
nd8f9HpyxVkDOzB4\
Cq1N9di8\x0apjceS2A\
ig5GJFEolCdCF4J+\
B+c+Up66fEAMoy1x\
n86OxAvw0EpDPp6m\
O6wqugLQPsYxIAs4\
qMEAX\x0a65vGBYS+ma\
Ksa0AUeeIYRBmfns\
VwOoeOpoYYSKAd3S\
2NGMnkuC1C73/28A\
K1vv05MvC7ZKJ8Kl\
Ed\x0aL5COwel/Zm4Re\
4+fQmtjAwbjIIEBx\
xIYt0mAcWeozz4pq\
IJ/avMfoAhA6wbIC\
EKiaSOzAjT5wZrY\x0a\
wBVQtBueBKguNC6B\
WE9uDRDeGmD64coK\
ZCB8YcVpe3x6LiYS\
SGDQCwzmhJiA2tcH\
eK0fNfhBtykp\x0aY2L\
6s2Ow0zxLIDYSWIW\
RCccdKIqEaqz9lb9\
RYLkEgABtbGIFyLQ\
zl1eOFSCUFdsMuyt\
ANH2FIwHJ\x0aGCT1tX\
EBpryMCOg6XD23vD\
9TI0IYn3IsgeZ6rI\
+YBOzAoBsTmEWpKI\
loK35LQDC3owK/Nu\
gnj/rL\x0aTH92DPDdg\
eMn0doUoyUwkcboR\
MqPCdBzZuYUoP0lw\
cKa9k1+DCCKYKDxw\
SBZOwFWQFhXwAdAQ\
L90\x0avThIwGtGYw0w\
dTREwFQRbzSeELw/\
wpa23QEnJtAT5e6A\
TwKj6ZyzRSj3rwO1\
PlWncvBrgn4VPl48\
\x0aM7+IfcdPoqWxHoN\
r+2IJDI5OZBx3wH9\
Bi3xO3DprtD8BQwB\
YOStAUtcoIEiNLdA\
VUPbL1/N6j5AE\x0awI\
xHtAaoOlw9X7MHkY\
HwRSo0QYxPzWLEcQ\
fWx0QCriXA/JKuzN\
f3/hG1PlHkhQa/Nu\
jHmf7SscjG\x0aAO9R4\
r1xkUBvJ7assy2B4\
fEUSlYp5NYfWOxT6\
SwBLIsVENSOLN9PK\
98V4PJiJgFlcNBrS\
iQHpgxT\x0aj9XmSjLg\
PgYkAvADg+1N9djQ\
E3FMwNsizNkkQO1t\
l6X1qbyywS81nSU7\
D8qxcPWoedgnBuMh\
gdU9\x0andiybhVGvcA\
gt9Niqa+y9LcEnM8\
2AQCGQKzUCnDbDtD\
G5boCsv4DXJC4SMD\
/qrMGVG4B80EAvJ4\
M\x0aJPUDksenbUugva\
khdhIoyV6OqTqRZ8\
nzKgF/cNCPaivgmD\
Hbl51mWwKn4iWBiT\
SGxycZEhBJzf+s\x0af\
CcigJr2TTt2iZpUD\
qxQVgBdX7lFxwExC\
NRluQKaNui+IycBd\
y2Zy6O0BlhdT1fhb\
h4NGegJQS+2\x0aO5BH\
R1MD1sVGAtNITrGW\
gCchTP5IwO+8fVh7\
5gB6IhJ/Dt3On51f\
8GICW9b2ozFiEhh0\
SWBsEiWr\x0aFHrrj16\
/mo5NO3cFafnwVgB\
X31Aby8FZgSvA1ON\
dAb4fKMYERX9+OYE\
EJHW11gA1PhHedLN\
6MnBL\x0aKP8I0eaPZ2\
fsmEBzfYwkkPMfIA\
L0Wp/JV7zQo2zwg2\
1Xue2oaI/Ok5DGjE\
MCzTGRwJaBVXh572\
Fk\x0apnLS6L6J9re3A\
V0XQGvKB2nqcFYAZ\
ECM2BUIFRSk51YuC\
dBZGmtAHhug6/iug\
doqEL5I2itPfEsg\x0a\
DhLoRFerQwJTqkeJ\
w5j8fvnw4Kf9ZhX4\
NX6/4sWntCk+M7+A\
fcccEhiImAR6u1Aq\
lfDcG/uFx4hd\x0aUb4\
RmdkG3Lhjl/QBn6i\
tAK5uOWf2Ze1H+uR\
e2STglw2yBvyvwUT\
g9ujmtjTUYWNPOzb\
3dWBtZws6\x0amuqxWC\
xhoUDfAAoxvfEsC+\
NTM97uQCwk0NKIUQ\
N3wMjkR/ng10f8Tf\
x+liAYa8H5PDO3gP\
0uCayL\x0algQ2D6zC4\
y/sRnoqByvE1h89d\
jsGoASZHITBVoCfJ\
rUCFBaDri2iIwRdM\
E7rhkDRFxTjgjgnS\
VlC\x0aZNqbswa8JBUR\
+HndbY24fMsa3HzB\
ID7+nm246fxNuObs\
dbhk82oM9nWgq7kB\
s4sFTM8tCHXLFXqL\
\x0aMB4SaMJIalrpDoQ\
z+f200OCHhUDwa/3\
+gC1C1x04Normhnp\
sWbcqMhJobKjH4aG\
T2HP4hBMQlLlT\x0aUG\
p/wAsCuporCivALS\
fT0mAAabxHb+wKiG\
NUBwUrJwGdS+CvKZ\
smdwu4Mk65GkIwuK\
oTn7nibNz2\x0agQvxq\
cvOwiWbV2PLqi5sW\
dWF89b14qrtA7h48\
yp0NjUgMzOPyelZl\
NhrHJ4LnPq+JVCPd\
T3t8bgD\x0aqRySUzPM\
OQGp1vf+CTL5nTRT\
8HMg0R048pdSLEOb\
/uwYQLkDNglsjZAE\
9h0dxotvHhRIVK/9\
/bWs\x0aad903i6l5qf\
BK7MCZBpW8PElGrA\
CV0DlahDJGP05AIi\
cBFT9+nl2lsQaULR\
Dj7MmQbB9TQ9uvf5\
C\x0a/P5152Pb6i7U1Y\
q//pNIEHS3NuG8dX\
3oa2vCSHoa41MzrE\
koCH/jWcpSjDvQHR\
cJTCM5PeO/CEOj\x0a9\
QEEPtgTDvwmEX+Od\
KTg1xCQkzYzt4DZh\
QV88NId6GhpioQAX\
nn7EF5484D3YlF2H\
oDSenGvg7cN\x0aCLkV\
IDXPNflKK8CrA8i1\
ppkr4M9GRwISjR0l\
CfBt82NTWAOmRFCb\
IDhrbQ9uu/4ifObK\
c9Dd2hh4\x0aI9TX1mB\
9Tzt6Wpswks55JCA\
9Fmz0598k41MzGEl\
NO+5AHCTQhNHUtGA\
J+P/4APRXS23yq7S\
xLuJP\x0auL7UQT/W15\
aa/oodh01revHZD7\
0Xl50ziPqIXtH23B\
v78dKeg96vDdlj5c\
ap0P6AEwTkTe3wVg\
Bb\x0axzwgiHCuAF9eS\
QJseX8e8nRjEtC17\
WXxrgj1GYD0iT+qn\
qf5P3gRPn3FOehob\
jC+GRgSSOUwnuUs\x0a\
gSCFY6kzbBJwtwij\
JoEudLU2MZZAoNYH\
jLf5gsBvL40YC1AH\
/Qy3CKm0Tat7cdvH\
34/fuP5ytDaZ\x0aX9M\
guf+RX2L/sWHvvQH\
BkX82raZ943m7aK0\
Z1gogqnxJms4KCPv\
4ro4EdEHBSkggvEt\
AlwfdgpQI\x0aahIE29\
f24NYPXhwa/K7QJD\
CansbYVD7AHTCX8W\
zeOSfQgPWRkgBxSK\
ARI5OOJeA+9KLV+k\
6agckf\x0aCP7A7b4wf\
j87vrjAP57K4uv3P\
Ij0VE5uxcCfv2xNA\
DgEoAJP4JaaGnzlu\
AJhH99V7QzINXGFJ\
ECP\x0axcAlMHIL4BOB\
Df7eisDviksC3a2N\
GE1NY2xqBsYcEFBw\
YmoGo6kc2psbsL6n\
DU31dWWPkxafBBxL\
\x0aYGrGfwZepfWdf0I\
F+3QR/9DgDyaiTav\
7HPBfhtamYFcujNz\
5wJN45PnXUSgU/Ll\
w68RaIr64c3MI\x0aAN\
BbAZAAUKalOYBqDv\
34I5G0GSIeEH5nwM\
k3JQHvH5VVImvHH4\
OJW1CbSNg+/w0X49\
NXnFsR+F3x\x0aSKDN9\
q/Hs3mUQlgC9th97\
UkA7wm08akZjKamH\
RJoj5AEEhhcZVsCo\
7Q7ACi1vkoLB5n8Q\
ETgp44U\x0a8+DfvKYX\
t338uljA/9zu/fjq\
XT9GytP+VmjtD1io\
6dhw7i4BYEFbakHb\
gqo0qYZmy5bz+K7x\
zgD3\x0aXU8CnK42dQk\
kfapMfhCghiRss/+\
GS/CpK6MBvys+Cdj\
bbeOOO8CAWvYn5Qk\
2cXxqBqOTcZJAE0Z\
T\x0aU8rAYKX+PpGSQj\
ngh9cmnbZ5TS9uve\
U6fOYDl6GtOWLwv7\
EP/99dP7Z9/6Lk/Q\
BK7S/uZtR0eDEA\x0ap\
wqjvdk0GzQasztSV\
4Dr22RbLjISUI2FK\
isdk6Yt9/9Uek3CB\
f978Kkrz0FHxDcKw\
LoDI2k6MOiO\x0aI2R8\
gLqhfEugMT4SmJxG\
cjrvBQb1Wt/+HAR+\
42i/EfjZ/X7A0fwx\
gf/ZN/bhq3f9GK/s\
PcQcpZbF\x0aMETtDyE\
YWNOx8bxdjI8t0+K\
G+VpfPQicYeIB0nR\
5O6FJQDkWuq44pmB\
rwB8LgQv+Xtx6o6v\
5owe/\x0aK/W1NVjf24\
7u1iaMpnMYyxoEBg\
PdBTvfJoEpKjAYMQ\
m0NWF0cgrJqbzwmm\
xvHKGDfVGD3x+Pa/\
b/\x0aemzg/4kP/qBtP\
5n2Z75aqOnYeO4uw\
awPtALENKcCzF0Bv\
g1Ix2BEAgY7A4Ek4\
H1VE5LSJaDGRWQk\x0a\
wbRHgf+G9+BTV8UL\
flcYEkhNm5GAJ7Sp\
y7sLlv0UYWo6NhLo\
bmvCiEMCqnMCLPDp\
/GUCv2Vh85o+\x0aG/z\
vjw/8r/LgV2370dd\
Oof0B+ASgsgLMAoJ\
OeWNXwG+DN4sD4wF\
OGcH0rpgEnDIqEvC\
a4tsVyyvd\x0aAtg39b\
aBXtx6w6XLBn5XeE\
tAFRhUxwbUhDE+lX\
dIIHp3YPOqbpYEuH\
MCUq0PLC/41/bhto\
9fGwv4\x0af/n6PnztO\
zb4C0XZiT+N9g9YJ\
ycIaGcTmdY1PmMvA\
6fMFXDrhXEFuDHR/\
RhvD0r6oiVkXMDMG\
qDz\x0aHfCv7cWtH7oU\
n7rqvGUFvyssCUxj\
IpuHZfkAJ0atWNKP\
49k8Rjx3oCN6Emht\
xshk1iMBe43FG50O\
\x0agi0b+G+5Fp9+/6V\
ob26K9Hr54D/sg1/\
zrgLW9KcsAtmDU/Y\
uwDm7ZGCNxxUAC9g\
ISEDVTxAJBLoE\x0aSh\
PeB7TJW34Fn/9Dl6\
0Y+F3xSKDFPjE4kc\
0ptgitgCQxfzxL7Q\
70xkACbc1KS8AeEq\
/1qfw4wX/d\x0apWhvi\
QP8DyjAbxr4kwcD4\
eyE2BaAFIgRuwJOG\
cEVMIoHqEnAJyHAi\
AS8fyqJC7DjEq0Be\
n4O+Adc\x0a8O9YUfC7\
YpNAB7pb7QeIGBIw\
2AakxbUc3D/XEmhv\
boyPBJJZTLokAKj3\
97m8KME/GDf4734A\
r+5z\x0azX7N/JzxKU1\
/2UNMTjsOAdhfpWZ\
/JK4A24acBFTxAL+\
Ncs8IiJisIC4gLQ+\
GBmgiSLia/6bL8cn\
T\x0aBPyuMCSQst2BoM\
NCtKtA23K2UFuE2T\
xGJqditQSGJ7OYzO\
YN3ywkM4crA/+tsY\
F/L75294O25i9Q\x0a4\
JdF/Y1Nf44snK++C\
wD4oPY+gwF1Oa6A1\
k8Pigcwn1UkgEASo\
Fo2iAvI+yZedzprg\
CWCRCKB7QN9\x0apyX4\
XaFJYDRFxQQUB4ZY\
kbkIHAmkptDeFJMl\
QMUESgFvFgIgPldw\
GoL/F6/vxd954C8I\
cyGK+anm\x0aRWRpdBC\
wc/05u/RANHAFVDE\
ERRvhTvAhFAkQOo2\
rHxgXkJ7WM7UG2PH\
ZZ/v7cOtNV9jgbzn\
9wO+K\x0aYAlkctxLRT\
RWgdJicM4JZNzAYC\
PWRU0Cq7vR3d6CkW\
TGtgRU5wQg0YQVgf\
86fOq6S9ERNfhf24\
uv\x0a3/MgXmPAb6l3M\
5x8VvvL5kzXYQ9S1\
XRsOHtX8Jn9clwBv\
7xWOyviAWWRAPM1R\
FyAJjg+T9K/YA1w\x0a\
+YkEwfaBPtx20xX4\
5FU7IwX/3OISXj08\
ioOjSfR3tET2XLk2\
JkBLAODpj65JPuG4\
Ax3NDVjX2xmD\x0aO9C\
C4WQWyWxOPCcAjcn\
vzCc8+N8TG/hf3Xs\
YSzT43TkoDzeJY5b\
P2f7MHxqidgG85ip\
3Bbjy5QYF\x0ay4oJBP\
RHtcxpb6j71VgD/F\
t+E8QG/603X4lPxA\
D+Z/cex98/9AJ+vu\
co2psbsaGvEw1xkI\
BnCZgD\x0a3l4V+kSem\
295MQHbEoiYBFb7g\
cHkVE79KLFE658O4\
H/mtb34+3sewqv7J\
OAPeD15KNNf0oZDA\
CY+\x0auZkrEBgPkFgT\
K0UCRNGm5xLwebLy\
zlfX7N+2tg+3ffhK\
fOKq86MH/77j+MbD\
L+LZfcdxKj2N4ckp\
\x0adLY2xUMCbWxg0Is\
DWPA/gwU8bVqK4pJ\
ANiYS6KHcgZz4KLH\
O5GfGrIr2X4dPXfs\
edLRGD/6v3/MQ\x0aXt\
t3GEve25158Gu2/H\
RRf2aOfuCPbqOmY/\
3Zu4L26M1dAS5PSw\
KyeACwLCRAFzGwBt\
iqYhuA/W6+\x0abQN9u\
O3DV8UH/p++gOf2n\
UChWIRlWUhO5TGSn\
EJnSxwk0OmcvrMtA\
eHYsPsYrCAyy8BPm\
3BJoCUe\x0aEuhpb8Zw\
MuNbAqG1vhz8n7z2\
EnS0NkcyVldY8BdY\
4gzl9+vcHae8pA07\
BrD+rF12TfXbfQRN\
KDsg\x0aRJdXxQOoMkr\
TPHYSkPertgYU/VP\
oTyQSNvg/8l58Mmr\
wL7ia/3kP/G7/lmV\
hYmoGI5NT6GyJwx3\
o\x0adHYHpjCezcEqmQ\
Le/8JbCwAwkbGJq6\
O5Eev6oiWBTat70N\
PeguGJjB0ToAKDYb\
Q+gHjB/+rb+Pq9\x0aP\
5WA3+w8Q+BryrSmv\
092tgXgq0MKO2FcA\
beyLh7glwn0z2MiA\
V2/VA8i0JVuAQv+T\
1x1AdojB/8x\x0aR/Mf\
d8DPWiA2CeQdEojB\
EujrRHdrM0YnHRKw\
9IB3V1bUtGy5iWzO\
dwdiI4G0FxiUa30n\
TQb+ARv8\x0an7j2EnR\
GDP6nX30b/1MHfs1\
+v9bvlx744U1/v45\
NAOvO3iWChdOWLgB\
UkfOgeACTjpUhAV2\
/fN+y\x0atr1/2OO9Nv\
ivxieujh78z+07hn\
946Hk8v/+4dxMTSV\
nLAmUJxEQC1JuFLO\
5XaWVa3h6Y8IEZ9E\
Q2\x0ah5Gk4w70dUVPA\
h2tGJ5IY3IqJ9ki9\
MHCg3/LQB9u+1iM4\
L/vp37ATwV+3X6/y\
TanW94lA66O247j\x0a\
Aoi+vUgCMm3u/Ov9\
Y0ICAf551CQgGVuw\
SxBkDdiaf+tAv635\
r74g0odAXPB/46Hn\
HM1fEqbDv+7b\x0asiw\
kHf+6s7UJG/s6o90\
i9EhgyjksZLE3KaC\
0CPwkNo3AJYEphwS\
itwR6O1oxPJ4Stwg\
d4HtXlwL/\x0arTGC/+\
/vM9D8pn6/csuPsy\
A0Ly+p6aRiAGoQwk\
sX4wFOSZMHa0x2Bq\
T9l0cCtHFv7BJw/Y\
uxAQr8\x0aH70an3jvh\
ZGeBmPBf8wHPz0Xx\
VcvMEjtDkRNAj1tz\
RidzHIxAcVWofRRY\
ycQR1kHnjvQ0oT1f\
Z1o\x0ajIMEJtJMYFD2\
SrFlA/9SCPBr9/tV\
fr8q6Gf/S7sQNZ3r\
tvsHgWRanNkZoIuJ\
+ToSMNsZEOuWTQJe\
\x0a0TAugWzsrFvggv8\
LH70Gn7j6whjM/qP\
4xoPPUT4/PzeVOLe\
BRwJZ2x3o74reEqA\
Dg5bMVOVHJoKe\x0al4\
nMtO0ONDfGQAK9ji\
WQtrcIJe7AloF+3B\
qjz2+D/4gNfn/BmH\
HoHl1Wa3ne71e875\
AGP3WdajrX\x0anbVLb\
darD+r44JPFA9g21\
PGAGEiALqaMC4h9B\
1sD9s20daAfX/jY+\
/BrcYB/71F846Fn8\
fy+4ygW\x0ai+y4ZKIg\
Bcuy7O221FRMJNCF\
7tYmHB9PYyw9LQ4L\
7LkBZ1SygTJfJ7LT\
TmAwDkugF72drRga\
S2GS\x0acwe2rI0P/D9\
3fH4b/EvivE3A7xd\
WgN+i0uRtABIrAi4\
BgAOuMh7AgdpL0pC\
Ayc6A8z1aEgjhEkj\
7\x0aZ8eQSBBsXeuC/6\
J4wP/gL/E8o/mpmA\
Tx/X2iIgRK/N2BuC\
yBLiwuFXBoNInc7L\
wE8IAJ6Pkyycw0\x0ah\
pOZmNyBXvR1tmFoP\
OUFBj3wv+8SdLZFD\
P5X9uB/3f8zvC4Fv\
2UOfu2bfenzGCavS\
Wf7qelct32X\x0aANzQ\
T+8BahLAspFAeS6B\
2D8/Btvs78NtH7vW\
0fzRngYrliyMZ3MY\
z+TQ3FCPpUIR+fkF\
SUmGwjhS\x0aEMnBswQ\
ms/Y5gYhJoLu9Ge+\
MTOCdkaTbo1jQ4EU\
jNnH4N+hEdhrDEy4\
JdEVKAhs9EphER0s\
zPv+x\x0a98UK/tf2Hc\
aiDPze3E3Bzwf9+E\
Chgd8vsTwcAnAvgw\
tcHQBVGpi6mnxbVB\
uxkADVr5oE/Dblz+\
6L\x0a1oB9vDeBLQN9+\
MIt18UCfgCorUlgV\
Wc7dmxei/MH1+LCL\
QM4Z8NqrO1pR0NdL\
WYXlrDA+I68EOGb\x0a\
SxDM7kDElkB7cyMO\
n5zEnmMn/fGZPDvg\
jlN4BZnvr05kcxhO\
pmMkgXZctXMrbrh0\
B7pWAvyW/t0F\x0acvB\
bAXv9Jn4/Sz41nQP\
bdkFhssvM/lABOZO\
dAS7d/W5GArSEdQm\
CrYFEIoEta/vwhY9\
f55j90YPf\x0aldqaBD\
qdm33HpjW4eOt67N\
i8BudvXovzBwdw1r\
pV6O9sRYIQzM4vSn\
YH1MIcG26NjgQSCY\
LRySm8\x0adWwU6ekZv\
lehPK3pRXNUrDeRz\
WF4Io2Olmas74+eB\
LZvWI3mhvpI2nTFF\
Pz2elgoC/yqvX5JX\
0TR\x0av0s+vgWgfNrP\
/TeML04oHMVFApW4\
BH5ZVWwgkSDYMtC/\
LOCXSX1tDXraWzC4\
phcXDA7gwi0DOH/z\
\x0aWlwwOIDzN6/BljW\
96GprRqlUwuz8oh/\
Zls7VtwSyM3MYXN2\
LDf1dkYxzNDWFVw4\
OYSwzJc0XAQ/o\x0aQO\
8M1r0aSNKWQMQkQH\
glUaHY4H8Yr+07Yg\
Z+5oSeXcYI/LK9fp\
N6fP+wUEtgUeEBy1\
52ywIhdg4s\x0aYvdiw\
bmpLBCLwCJOWboMC\
IhlwSJg6nltOW277\
cAiIMTpn06nvhNYs\
Kj2vUkGjgXUeAi7Q\
EQs6/QE\x0aWASJBGzN\
f8t1+PgKgJ+XmgRB\
d1szutuasWPTGiwW\
ikhP2z/IMTyRwfHx\
NI6PpXBsLIVDo0lM\
ZHNS\x0aU7ypvharu9r\
RGeETbYuFAgpF98c\
pgUAXwGBXgLcO9h4\
bxf958BcAgJsv3xF\
5pD4KeeqVPfgGDX6\
Z\x0atpYF/bTg5wJ+Er\
+fbzso6Mf2D9TCw4\
4IQAa4YMvoSMAfSH\
QkAMup72p87VicMg\
wpEXaxiFiWwAb/\x0a4\
No+fOHj78fHr1l58\
MukvrYGq7vbsbq7H\
ZdsW4+5xSVMZHI4m\
ZrCcDKDY2MpHDtlk\
8HRU5PIzc2j\x0atakB\
N15yNv7g5itxzoZV\
kY0lmc0hm5+V/GaA\
JfloDno+3yaBZwCc\
fiTggv91FfhDR/vN\
wK866acL\x0a+vFjqHU\
TdQC0v4rglZMAKMB\
xJAD7azkk4E5KsAa\
osYBYlOcjWiYAtNa\
AC/7bf+0DuOWai09\
L8Muk\x0aqb4OG1d1Y+\
OqblyJzcjPLXhkMD\
SRwdBEGg11tbjhkn\
Nw4ZYB1CQSkfQ7t7\
CE42MppKbyEDW88I\
VK\x0aNgM9387eo6P4p\
weeBoGFmy7feVqQw\
FMv78E3vmuDfyEK8\
DN7+gbgp9fIIOjHj\
6E2CID2J07DK0kA\x0a\
fj0ZCbhAJBD7Uo6B\
moPKJaC0OYGElCjL\
QWUN+OC//l0Ffpm0\
NjVg+7p+bF/Xj2Kp\
hGx+DhYsdLU2\x0aRwZ\
+AHjj8BDeODSM+QX\
H3w0APKABPVeOKWO\
5PqtjCfzkaQBYcRJ\
46uU9+IfvPozX90c\
Bft63NwS/\x0aScRf9o\
IQbxtwYNsu99KoHt\
xRPQWofnDIS1XuKq\
gCgEw6X9/5Lg0OSs\
cj3+7jA4SJBMHg2l\
X44ic/\x0a+K4HPy8JQ\
tDcUI/mhnokIgx6j\
SQzuOvxl/D07oPiF\
iUHeP8vHOjh1CFc2\
WQ2h+HxFDpam7G+v\
zuy\x0awGAYccH/2v4j\
WFhcYfAHRPzZcbBl\
ajrXbt0lBaDw2isT\
EgjaHpSRAACuDIGa\
INzvLAnIx+M3wdf3\
\x0a+6lJJDA40O+A/5J\
fKfDHJSPJDO558mX\
8+NndSGZzXjpBOYA\
HVKAnyjoWkpkchsc\
n0dHasuwk8NTL\x0ab+\
Efvvuz0wf8xkE/1h\
IgAGo6B7buskvRJC\
AHXhAJBG8PinWFrR\
gK0CYkoNsq9HpXWA\
OJRAKb1/bj\x0ai5+6A\
bdccwnaquAPlJFkB\
vc88TLufeoVjCYze\
rC7Ug7ohXp8jMHCZ\
DaHofEUOpfREvDAv\
++wDX52\x0aUCsLfvpY\
sOHThTWdA1t2CWa/\
Bng6EjA/ry+SAHPh\
Tc8KeP1KxkOVl1kD\
iUQCmwf68cVP3VgF\
v6H4\x0a4H8Zo8mMvFC\
ItwgHg54qTAHfr2M\
hmZ3G0NjykIAN/kf\
w2r4jIvgZt0cD/qC\
n+ioCP7uGJg8Y1XS\
5\x0aFgBvHpdFAiibBN\
h2YUACbBoBOw6dNe\
Bp/k/fiFuueU8V/A\
YiBb8S7IAM8ED5oA\
fAAJ/Os0lgEp1t\x0az\
Vjf3xMLCfjgP4yFx\
UVunD7giJe8EuA3J\
CHqe03X2i27ynl6r\
/LTgnTbsnYhjEX/u\
i6zx3prXPD/\x0a+odw\
y/uiBf/8whJeOXAM\
P3z6FYylpgBC0NRQ\
j/raaM7er5TY4H8J\
9z6p0vyW8qv0teFA\
aNATRb7b\x0aVpwkoDX\
7dX42TQzLBX6T9wn\
SQcCutVt2AS7wAqL\
ygSQAYxJg8UmMSMD\
/augSgO0okUhg09p\
+fOnX\x0ab4oF/C+8fQ\
hf/96j+NmLb+GtI8\
PY/c4JvHrgGA4OjS\
Gbm0VdbS2aGxsi3Y\
qLW2zwvygHP4dhHu\
x6\x0awFMNWGIao+2ZM\
payzWQ2h6FTSXS2t\
mD9qmhIQAR/GFPbz\
Vtm8EvXSH7MmGx+z\
w2Wq72p8IBgqlsq\x0a\
0NH1OEtAqCsBpaWJ\
KfjtigE8cTyysTvl\
CA3+m/GxqMG/uIQX\
9hzC//z+Y3hp7xHm\
HX61NTXoaGvG\x0a2p4\
uDPR1YW1fFwbX9mH\
7+jU4e+Ma9He1Rza\
OqGUkmcE9j7PgZ0C\
pE+Mjwf4XoizDWxh\
i2/RJxHM2\x0arcUXPn\
kDbrrygope5/3ky2\
/iHz2znwI/c5DJzN\
ReVvC79Q3GUtO1Zs\
suT2uX+eCO1BKgi7\
NXFzTY\x0aw+0QhHAJn\
DQC52UQa/vxpc/cj\
I+979LIff4Dx0/ia\
/f9DM/vOcQ9pUdQK\
lmYW1jERGYKh0fGs\
ffY\x0aKPYeHcWbh4fw\
yv5jeOOd4ziVmkKx\
WERjQ/2K7GnLZDSZ\
wb2Pv4j7nnwJJ6lo\
vyBlxAFYX9XAxNf0\
\x0aI/z8F4DJTA4nxpK\
2O1CmJcCCf9HPkO2\
ry2IB/A7GcoOf6lt\
HRLV+QwTC+f8Qx3W\
Fh4e4csEPEInp\x0a3m\
OLhBozXQ6Wc1KZHx\
O8+olEAhvX9OGOz9\
yMj8YAfgDIz81jNJ\
l2fsvd7Z4ai+WMB8\
Di0hJOTqZx\x0acjKN1\
0DQ2FCPNT2dGOjrx\
OruTmxY1YOzNq7B2\
RvXYn1/N5obo31c1\
URGXc3/xEsYTaYNa\
1maryzg\x0ahXQV6IFA\
bS+2Y3/ef2wE//sH\
j4MAuOnKC9EewhJ4\
8qU38Y/fewSv0+DX\
RfmpfLnJ75ddNvBz\
233S\x0aPi0LNV1rB3e\
pNW+llgBbLvwOgax\
tdmjCmKh2bPD3447\
f/Ehs4AfsM/GHhsZ\
wcOiUvIBwAs//Xig\
W\x0akc3NYGg8hQNDp/\
D20RG8fXQErx08jl\
cOHMXB4TFk87OoX6\
b4gQ3+FxzwGwT8pE\
kyDc/7prr2TLS9\x0aU\
1fajv05lZnG8VNJN\
DXWY8PqPjQZPPtvg\
99+jdc8B/7AKD/3n\
df6jKWyDOCnnW8Z+\
AngEoBzqU4r\x0aEgg/\
Jjr4l0gksHFtP+74\
zY/io9fGB37Aflx3\
bDKLZ3cfkMyBE2me\
401aFhaWlpCayuH4\
qST2nziF\x0avUdHsOf\
wMF7dfxSvHjyGZGY\
a7S3NsZyB98H/Igt\
+pZWvAroO8IoGA0B\
vFh/wI+Bu35PZaRw\
/OYHp\x0a/Cz6utvR0d\
oiJdHRiRR+9OQL+P\
YDT+LNg0cxz5zwM4\
ny03kak9/7Z5nAL3\
uDkEdGFmp5M58xv1\
fI\x0aHQCgdgmcdNEls\
JeDEAvENftd8Ef4o\
x0yaW1uwuaBfrQ2N\
yA/u8CYqBYPePpG9\
/J4oNjphaUCJrPT\x0a\
mMxOY8+RIXS3t6Kp\
vg7vv/jcyOfggf/x\
F5SHfNS0Zmm/hgE8\
IDPxqTYsWXs+8GWx\
g8NDp3DP9C/w\x0a1jv\
Hcc7mdThvy3q0Ntk\
vdV1YXMLhkVPYf3Q\
Ybx48hrHJjP1SVj6\
iLgWZxOTnyqpNfvv\
zsoAfFlOG\x0aDl7WEt\
ia57QgAVi+NaCJCw\
Cg2nevhF02QRLYsL\
oPf/hbH8VHlgH8gP\
06r/6udmxa3Ye3jw\
yz7okp\x0aGXhz4G4S5\
2NLUyPed8FZuOXqi\
9HX1Rbp+EeTadzz+\
Au47/EXvYCfKArAm\
oBdNldOgkEva5v63\
Ttt\x0a0NDCZGYaT7/6\
Nl7bdwire7vQWFcH\
wMJSoYhkegpT+Rnn\
R0NC+PpMP2LZYH+f\
nmOM4Pc+suC3LQDY\
\x0aL8I4LUgAgDY4SBG\
EzBpIJBLYsKYPf/j\
bH8NHrr1sWcDvSn9\
3B3ZuXY+3jww5YwU\
1XoAnA3uqAYQA\x0aAI\
SgpakBN1x6Hm7/xP\
XYuXV9pHGA0WQa9z\
z2Au574gVDsz8wUz\
0Xfmplgt6uK8mXBQ\
edJBew+dl5\x0aHD5xU\
tIfB3wvK0jr0/3wW\
l/ME7Q+03Zc4Hfri\
WnOG4FWlgQAy39Ri\
NIlcOcktwYIIQ74b\
8FH3re8\x0a4AeAvs42\
nDe4jr1g7MDFwGYQ\
IQBoaazHDe/Zgds/\
8cH4wP/48+qz/UFi\
AHRv1jrAMx9DgF46\
BhH4\x0aYjmZVqfrygE\
qByY9RnWe1uSnysY\
BftnDR4CFhJZ1uAY\
I5B3b97ZqUpZ8YS3\
LH5Q2iKLzpey0hAv\
+\x0az37c1vwrcLa/qb\
EB61f1oqe9hRmb/9\
mZrwVm3rzJSP+1Nj\
bgg5fuwO2fXCHwu9\
dI96cQIpkP1TC1\x0aJ\
pCsCVuOWLR/b4njo\
9u0LC8ISIR7jWuDS\
if09VHUI3w7zLgl9\
6jF3gdaf9+yqF2G6\
MEvBFGdMgm+\x0awvKR\
gGQSAgmoTCs/L0EI\
1q/uwx/9zq/ho8ts\
9tOSIAR9Xe3Ysm6V\
c8O745Xf1D4ZADJC\
aGmywf/F\x0aT94QE/i\
fx72PPY/RiXRocNM\
iAzoR6itIUFgfWiE\
o1lAYn08kxHJBHw7\
4hLnPZODi364r3pd\
afz8I\x0a/DTuYgO/5Q\
+JwmtCpnXjJAEl07\
qTEZhevdiJBMH6NX\
34o8/9Gj5y7WVoXS\
Hwu9Lf1Y6dWzdS81\
bd\x0ayDrrAGhpbMD1l\
+7A7Z+KS/Pb4D+pO\
OTDbOVJwG0EdG9OO\
sCzdVxNbw56Hvhgy\
zPts+mehWCpy4TW\x0a\
+jLw85aAkb9vCWON\
BvwUWTplvBgA73/H\
FRMAYBAXcKated23\
rfl78Uef+wQ+cu3l\
Kw5+AOjtase5\x0ag+v\
8C8JF9d15uWkWFxM\
ALLQ0NeL6y3bgS5+\
6ATu2bogc/Pc++jz\
ue+w5nFJG+4PEMky\
2Autrf0fQ\x0aIECo9u\
+59oICfEL9ML6+k8\
a3p9T6bPlAk58fa0\
Xgh6CkE+JWR5yWQN\
DgePblx2WXd8H/x7\
/7qdMG\x0a/ADQUFeHt\
b1dWNPbxc5HoSVp6\
4BYFlocn/9Ln44L/\
M/h3seeczS/Zf7Hu\
AZ8Nq/ZdRpepeVVm\
h7c\x0aGHxtL/fvIW8P\
nMa35GXgmutuutte\
WK2vNflDgF9jPZQF\
frceVTfBdBYDCeh8\
G9O4AKEWIUEI1q3u\
\x0axZ/8m0/hwxGDf2F\
xCUnFL9yYyqruTuz\
cuoEDBbUGihu2pak\
BH7xsB7746RuxY0t\
M4H/0OZycSBtg\x0anh\
+r7o+dBwv2AMDz68\
K3FQR6QbmUD3wI9y\
oLVkDh68sCfYEmfx\
nBPjpgrmjXLasCv/\
edWuuEstNI\x0aSMCCG\
90U8qi6QXEBd2F98\
H8aN197ReTgf+mtA\
/jm9x+piAR6u9px7\
uZ1vhZgbgj5je/6/\
F/89Idi\x0aBP+zITS/\
TMRybnCMBboM7ArA\
ywCsAj1dVxgThDbN\
gA+49zfhyY5TSkFa\
3wO/imB4LJUZ7COK\
dt2y\x0aOvDL3ttY63U\
ie+c+LJQdEwCiiQs\
47RBCsG51H/7k934\
dN18XD/i/dtePMTM\
3j/e9Zyf6ujrKaqu\
z\x0arQVb1q9GfV0tFp\
cKlMnlXkKLOVNr+/\
w78cVfvykWs/++R5\
/FvY8+W57Pb5Wd6R\
SxgutSH0O9NlyS\x0aL\
412a9ohQh4PnDJ8f\
Wl7VH888Km0soN9T\
p4R+Ll1SAQOIqQlo\
PrFU/kgLKG+zLRyN\
f+/iwn8L+85\x0aiK/d\
+SO8tvcQUtlp7D8y\
VHZ7dbU1WN3bhfWr\
egRt42olV2O2NDbg\
A5fuxJdiAP/JZBr3\
PfIs7n3k\x0aWZzSbfX\
p/kytBGV9r4D/R8U\
RaC0vNe+DTHxB24u\
aW67xyzH3K9H6GpO\
ftnTKAb9rgcnyAsA\
P0ARA\x0aFaiEBEIFB3\
UugVueEAys6sW/+/\
3fwE0xgf+r//oDvL\
7vEIrFAtLZabxx4E\
hF7fZ3d2DH1o3Cut\
Bz\x0abmlqwPWXnY87P\
nMzzosB/Pc+8izue\
fSXyq0+YzEiCqYC+\
xcEeL4PaTtiGfc+8\
fbwVTEXqi1pTIoj\x0a\
Dc/MpsfAkwrE2BQU\
dYxN/oqDfRbbhgH4\
AZ4AZAMzJQFuAloS\
CIgLeETggv/zvxmb\
5v/qt7+P1/ce\x0aQrF\
gm+tLS0sYHUtiZHy\
y7Lb7ujpwzub11Lx\
YrdnSWG9r/tjA/0v\
c88gvytf8SnDz8+G\
B7l5f6vxA\x0aEOClWl\
4OeiBA29N1qDa9x4\
kFDc32J9/zB9W+Is\
KvwILuiTx3LtC0VX\
6wz1979XW0RX7nGZ\
KAOnDC\x0aDVC2EJbeJ\
SCEYN2qXvzpv/0t3\
HzdFWiJHPwH8NVvf\
c8Gv/Pz1u5iTeXyF\
bkBbc1N2LS2H23Nj\
cJF\x0abWlqwAcuOx9f\
+o0Pxwf+n/0Sp8Ju\
9en+GMCCArkK6Bqw\
67Q8X94R2nXSansG\
PNw9KglO08BXm/us\
\x0a1ldG+JXYgDhOBPn\
7lUX6g7Q+Leq7L4g\
EVCwXRAIGLgEhBAP\
9vfjTW387FvC/4oL\
fMfv5GyKdncbu\x0a/Y\
fL7qOmJoFVPR3YtL\
afWc9mx+e/4zc+Eg\
/4f/YL3PuzX2AsmZ\
Kc2oPhn+TEH8Q/Ab\
j0NQwEuwK8\x0avHkfE\
vQCeIQAHnt/CsBXm\
vvRan3CjUOq9ZcB/\
ICOALhBC50FuQTcg\
LXBQcolIARYu6oXf\
3rbb+Om\x0aa6MH/6t7\
DuCr//JdvLH3EEqF\
goT5LUznZ3Dg6BD1\
Dvjw0t/TiR1bN3pz\
a2l0fP7f/CjOjRH8\
p5Q+\x0av6nGV1W3gv+\
0fSnacYQhFxXo6fp\
cX0ozX6LRlcDnfGg\
W+FFrfQ343foSoog\
S/ID3UlCNWJa3Rej\
1\x0aK3l0V71N6I9TeX\
wYACz7J7rX9Pfi39\
/2WXzo2itjAf/f/v\
P9eGPfYRRL7gs8xb\
cQFQoFTKQyOHFy\x0aH\
Ns3rSurPz8OYKG5s\
REfuDxm8D/8DE5NZ\
iJrN1gMbjLNjWj8u\
jBlHILaTZUGIsGBR\
LKlJynjA5FL\x0aF6wJ\
qiyTL9YJer9AoBJ1\
8qIGP2BCAHSjoc8K\
OJfJ4LwAIS74Pxcj\
+O+zwV8swrt9qOcL\
aCLITuex\x0a//CJsgm\
gubEB61b3YsPqPpx\
/1mbc8Vsfw7kRH/K\
xwf/MCoCfk4CbjnE\
DuY9SIqkY9Gy7psC\
3y/Jj\x0alQHf/kxk+V\
ya7q1CSgKRan1JXo\
XgB4Ca7tUbd4Wqof\
wxTuL8R72t3+jHQA\
lIgmBNfx/+/e3/Bh\
+6\x0aLlrwLy4u4dU9+\
/G337wPuz3NTx+JI\
cw/cMZfKlno6WrHd\
ZddWFa/hBAUikX0d\
XXgEx98bzzgf/gZ\x0a\
3PPw0xiTgV/3YlJT\
CXlD+b47/TSh0GiI\
vuiYQMALRRTAF8HD\
j8EHfuDLQ2hznykj\
1/qCJaHV+vQY\x0ag0x\
+P60S8AOmFgCz3la\
gJWAvgP7kIGCDBI7\
m//Lt/wY3xgL+A/j\
bf7oPu/cfQrFYdOD\
NvYHIW1t/\x0a/DOzcz\
hyYhTT+Rm0t7aU1f\
/GtavQ392JjraWSM\
F/KpnGfQ8/g3sf/j\
nGJzMe5bKKtbwbQi\
XiCyU4\x0aMQW6dmy05\
tSVVYMe4PfxEQh8h\
AC+uoxM68vyKUumX\
JPf+adS8APlEIDbo\
ZIEnOmp4gL2yOFq2\
tX9\x0avfjyF38PN0Zs\
9rvg/5v/c48Hfjrm\
wL6KzL0k/vhLxSIm\
M1M4MnQSF527rawx\
NDXUG72LPoycSqZx\
\x0a78NP456f0pqfM48\
jUP6MWGVnOkVCAF5\
Z3hT0VH4Y4Av9ssB\
TmvtUevCjxmZa31+\
PAJNfu7ZmUr5a\x0a4i\
ObXARVuUPgToIAq/\
t78OUvxQD+JRf8d2\
P3/neEfX56LPLXTd\
mfs9M5HDhyIrJxVS\
o++H+OsUnN\x0aPr8yU\
o+AP0U9bSVKQuwOM\
K6CtDw/H3BjYbcsm\
T6EccPv0+JO8MnuC\
yr6Ljf3LaGe2aPGk\
nYkJj+R\x0a5clM/gis\
vMrsUsbfkQ/YW0Rm\
nx9Y3deDP7/j87jx\
2quiB/9bB/A3//s7\
eHPfOygWCtS45BfG\
JgJx\x0ayyedqew8QJR\
im/1P456HnsJYstz\
XeIUAs1DVCv5T9EO\
MAE/VY8hKHJ/yHYP\
ceQ43z7u2MnAqgR9\
w\x0ajFd37wvAD3l6Vq\
FQozD5ean8h+sDdw\
jcqwbPV13V14M//8\
N/ixuvuwrNTdGC/7\
W39uNv/vE7eNP1\x0a+\
d1Xh1OuiTcgauzuQ\
vtv7bEwtzCPodExJ\
FNZ9PV0RjbOsGKD/\
+e4+6GnJAE/zt6P2\
PdXi9iP1PPQ\x0ajseS\
fJS0G9oloM18vh+9\
q6D186l0E3PfWxOj\
QJ8kL2J/XyaVEwA9\
cYEE3CWwAIuAJBzw\
/9EfxAb+\x0av/7HO/H\
Wfmqrjw440kRAxSK\
YRaXPJpTsU4HvHB9\
eMQI4lUzhvp8+jbs\
fetIO+AnRffGGiPI\
WMQon\x0aGN2UlvSjas\
SRgl4Yo9iOKfDtNb\
HEMRhH+Nk67ElZuk\
9O6xuvcziJ9pcmNc\
cdCQFW9fbgP/zxrf\
GA\x0af89+/PU//Cve2\
mc/2OOvKGuWCT4Wb\
2Jy5ttKxgFOJdO47\
6c/98DPjE/z5x/hR\
WV/Jma/dD+e+hPi\x0a\
D3LXI/AV4rrTgcpY\
jng9/evu1FOa+gpz\
nztV6JWBpD2+T65O\
KJM/JssuOguAXnCA\
sQZIAujv68F/\x0a/JP\
b8MHr3otm53fZopD\
FpSW8/tZ+/I9vfBt\
7DhxGidP8sp8Mt5M\
diwCAtxUgcQ9SmSn\
s3nco8mUK\x0aEhv8T+\
HuBynwa9WxJDOWm8\
YKkazunyjHZuYWsB\
pfp+2pfFohSctqND\
5XX1Y3nNan85fP5O\
clegKg\x0aF4cQJAjQ1\
9uD//QnX8AHr7sqF\
vD/9298C3v2H0axW\
AIAECcGYdELaEQET\
h5FBEtLSzg1kcTwq\
XGs\x0aX7MqtuWixTb7\
f467H3gC4ynK52fu\
BY0rEOU2YOD9py8g\
gkJT31Kkc2nGvj1T\
ROWTq9sJBXwmXV1P\
\x0a/dai5TH5eYmPAGA\
vdl9vN/7Tv7vdAX+\
0b+8tlSyUShbO2rI\
JS0sFHDkxgvn5Bbj\
nDdyfMTcnAocK\x0auD\
hBdsp2A5aDAE4l07\
j/oadw9wNPYCLFvc\
aL0LeH5uYwum9ImM\
JmrRntQqi+WtryZq\
Cn8gP9e3Vb\x0a5QPfK\
a8EviI/xih/kMRGA\
IQQ9PV24y/+9Eu4P\
mKz35X6ulrsOGcrN\
gysxlQuj2Q6g7cPH\
Mb+Q0ex\x0a751jOD58\
EqGJgMpzr9NkZgpv\
7juEG66+LK7lAgCM\
JdO4/6En8Z0HHseE\
p/kpCmBuJOXCM1/V\
t5KB\x0a5maKh70pw4K\
dTQ/3mwEabS+UV7d\
lCnyvbQNz3x+HTuu\
LdZZLYiEAQgj6err\
xF392R2zgB+xfA25\
v\x0abUF7awvWYRWKxR\
IuOGc7pnJ5ZKdyGD\
45bpPBoaM4eOQExp\
L2W34sZYwAkFkF07\
k8Dh49gYXFRTTU\x0aR\
3uyz5WxZBr3PfQkv\
vOTxxzwcxpaiXz9N\
mDUhwKpjgyTzcx/E\
kQQFYFe0maUwFfUJ\
br8FTL5eYmc\x0aAAgh\
6O3pwn/+8h24/tr3\
oikm8MukpiaBrs52\
dHW2w1pn4Zztg7ji\
kp2Yzs0gnZ3C0aER\
7HvnKPYd\x0aOoZDx4a\
Qnc5zRADIrIJSoYD\
JVBbHh0/hrC0bIx+\
3Df4nHPBnuXHwX5f\
J95eJFTpDWoYIVVR\
kojDx\x0aVaAX6ugtB+\
l2nrTfcvx8eqwy4N\
NtLD/wXYmUAFzw/+\
WX/3DZwS8bS0N9Hf\
p6utDX04XN1gDOO2\
sL\x0arr3iEkznZzCZz\
uLAkeMOIRzF0ROjm\
F9YdCuDvmhNjY3YO\
LAKPd2dkY/TNvufw\
Hd+/BiSrs9P+FuX\x0a\
vsXD+v7lskK5N6Vk\
5KZWgc6n9z4GgV7S\
vlLb8+2bAN+pU465\
7/yz0lqfFrLlgvdF\
MgJCCHq7u/CX\x0af77\
y4DeRYqmEmdk5TOd\
mkMvPYHwyjT0HDnu\
EcGLkFEAImhob8L7\
LL8af/sFvY/vgBiQ\
ifKpvLJnC\x0a/Q89gb\
sc8EtWVfpVfsHiVv\
+uiL3LQa4eqZ8dEA\
vgrIRyQW+P0RT4Af\
EDRf13g7kvk0gIgB\
CCnu5O\x0a/NWf/zE+c\
O1Vpz34ZVIoFpHLz\
2A6P4PsVA5DJ8dx8\
MhxEELwkeuvxvbNU\
YM/jfsffBx3/fhRF\
vzG\x0az/GTsrMt86IV\
bwPaRQy3AZmvvMtg\
GdQNAXqhfCXAp8vI\
4wMrEeE3kYoJgBCC\
nq5O/NV//GN84H3v\
\x0aTvDzYlkWFpeWkJ+\
ZhWUB3Z3tkYJ/PJn\
GfQ8+jrt+9AiSaUm\
0XyVRvOQjTqnoSDA\
HeGWbQTsC4c18\x0ar8\
+A5wToNvQvGjk9zX\
2ZVBwDaGxowL//49\
tszd/47gc/4MYP6m\
OJ+Hvg/+HDSKazCI\
72s9uAhhOI\x0adtBl3\
biW9qs54GVthQS9t\
E7A+YCygO+nny5Bv\
iCpiADq6urw6V/7M\
G6+4bpfGfDHKTb4H\
8NdP3gY\x0ak5kp5iZh\
7yVJ0M90GxBYphuu\
vG1A8/MF8YCeGUPA\
A0J0O0RaTu4mnO5a\
n5ayCYAQgq6Odvzu\
b30S\x0arS3NKz2P014\
Y8KezQr5/AAmgbyz\
xflyhbUArXGZFjwZ\
rygaCXlrX4DRgJcB\
3/nk3Ad+VsgkgkUh\
g\x0a53lnYcO6gZWew2\
kv45Np3P/gY7jrBz\
+Vgt8P7yuARPTbgD\
osMO0bi/7mDWwt7J\
FgTV3568PNDwqF\x0aN\
vOdsr/qwHelbAKoq\
UngnLO2oaYm2ieKf\
9VkfDKN+3/yKO6Ug\
V+i8alM/6NlAEit3\
x/hTRnqBg+/\x0aDWj8\
ewHS+gagZ5oSgXum\
AN+VCmIAJDK/v1Ao\
4MA7R/DkM8/h0osv\
wNnbt6C7q3Ol16Zi\
8cD//YeQ\x0aSmc9jFo\
aja8nBaYg+3XFbkD\
DfjXjE816RbuaAKH\
5W4Tlrobp68N/VYD\
vSqxPA5pIoVDAm2/\
vx//1\x0a13+P0ZOn8M\
DDT6C9rRUb1q/Fzn\
PPxnsuvgBnbd38rt\
tenHDB/70Hkcpk7U\
QnwEf8MLEnWlJwJc\
AV\x0aWHExsVQM9v2D2\
wwLelm/KjOfL/urC\
XxXyicAy8LM3GxFn\
RcKBbz19gH81//2d\
zj4zhEUSyVkstMg\x0a\
hODQkWN48ZXduP+H\
D6Gjox3btmzC+eed\
jUsvvgBbBzeu9Lpp\
ZWIyjft+8gju/C4F\
fl6zc9F+GSlQ\x0aOU6\
dd8c2oB7oygRNX5I\
twzJBz7RxBgPflbI\
JoFgqYe++dyrqfG5\
uHo8++QwOvHMEpVL\
JS7csC/ML\x0ai5hfWE\
Qqbb8H753DR/HMsy\
+ira0V3Z0dHhmce/\
Y2rF2mF3WYiK35H8\
Gd333AAb9CswtPId\
JfWU1P\x0a+CS2Ibaqr\
K+IxOhBY8s4UTPWM\
s4IRAJ65/u7cDuvX\
CmfAIpF7D1wCJOpN\
Hp7usvrvK4OmzdtY\
MAv\x0aE8uyMDs7h9nZ\
OUwkUziWSODAoaN4\
5IlfoLW1GWtW9eP8\
HTYhnL1tC7q6OlZk\
MScm07j/xz/Dv373\
\x0aAaSzin3+cv3/gG3\
A2H4UROg/dCZVLHj\
PP9ShIINdgbDa3q7\
zqw98VyqKAczMzuL\
Ntw/g+muvKqt+\x0aY0\
M9Lr5gR+h6pVIJuV\
weuVweBMDR40PYvW\
cffvTgY2hvb8Wm9Q\
M4f+c5uPTiC7Bty6\
ZlOaRka/6f\x0a4V+/+\
xOkM1NCPv2iEYC/Z\
QP8/zC+f8VbgRHc8\
IbbgKEPBRkGCUNpe\
+cfwY76FQe+K+F/H\
JSSBCFY\x0a1deD917x\
nrLqE0JQKpXw2u49\
GBtPlj2JUqmE+YUF\
TOdymEylMTRyEnv2\
HsDPf/kCHn7saeze\
sw/T\x0a0zmsXtUXCxk\
kXc1//4998LPv8hL\
n7syffguvWCLUYkY\
+L0EqfCuQ8MZhk3q\
Ge/9+2+agh1M+2Or\
4\x0a1ZWKNvELxQJ+8d\
xLFQ2goaEBl1ywM7\
IJ2fGDBaTSWZwYGs\
Wevfvx5NPP4tXde1\
BbG/2mhwf++36E\x0ad\
CYL+86yoH8VtjdY5\
o99lbf/izqQ/gkTj\
/9PvuLMH2H+NK8YV\
7WhXDd2nvxasXVl6\
+SWgRfYE167\x0afYaB\
H6jQBSiVLJwaT+LE\
0Cg2bijvRGBDQz0u\
3HlubBOsq6vHhTvP\
w7/93G9E+hNkgAv+\
h/Hte3+E\x0aTJYy+2W\
+PBP199QPJWFOA3J\
tB6ZWLvH/QEjwroA\
0CKndRtT49sbj/dW\
WilXi4uIS3nhrb9k\
EUF9X\x0ah7O2D6K5qQ\
mzc3ORTq6hoR5XXX\
4x/tOffRGbNqyL9J\
HeZMoB/z0/RGbKBj\
9x/29xfr4quGdKCo\
Dx\x0azeoHAyNyCcoGi\
RWQVCbgmY9V0FcqF\
SOiUCzitd1vlV2fE\
IL2tjZcclH4YKBOb\
PBfgr/4sy/FA/4f\x0a\
/RTfvuf7yGSzSrPV\
M4PdX7uRmpqcac+3\
5ZU3dAW8ZpfP7BfH\
b3HJsjmI45Sa9SZu\
AVfObscSo/lV\x0a8At\
SOQEUCnjmuZcraqP\
c3QCVNDTU46rLLsF\
f/Nkd8YD/hz/Ft+7\
+Pmv2G9yw/C/kGpO\
CEliQADaG\x0aP4EYNG\
PQkRQP9tCAt8T1MQ\
F9FfhKqRgZlmVhOp\
fHvgPl/3xWQ0NDZH\
GAhoZ6XHnZJfjPX7\
4DmzYM\x0aRAr+yVQa3\
/3hT/Htu7+HqeyU5\
gYFYHhDy0jBOGBmB\
NYg8FLjUloBQX/8E\
Nn6wWAPAjwgW8sq6\
CuX\x0aSNBRWCrgF8+X\
vxtQW1uDDesH0NvT\
VdE4bPBfjL/88h3Y\
uD568N//w4fwre98\
F9mpaQBUpN5yf38e\
\x0aIQhBYuobEIP2Bzu\
NJKQrwVSV98uPj/2\
R0TBgVwFe1PLSCH4\
V9KElEoQsFQp4+bX\
K4gBtrS249OIL\x0aym\
6jod4F/x/FAP6Mbf\
Z/53s2+KU3nWVICB\
pTX+Y7S8AqbLFBTh\
SR/wl9arYpGbBb5u\
sQBHigCvgI\x0apaKDQ\
K5YloXZuXn81qdvQ\
X1dXXkDqa1BX0835\
hcWML+wiOnpnHHdh\
vp6XHHZxfir/xAP+\
L/7w4fw\x0aL3fdjynT\
MRFvP4A76EPFtXXv\
/pM3WlF2ZGKVnSkv\
Q33lic0vUwV6XBLZ\
yZi5uTns2XsAV1x6\
UVn1\x0a62rrcPEFO7B\
1cCNm5+YxkZzEG2/\
tw4svv469+9/BpPf\
2XFZs8F+Ev/oPf4Q\
N6waQSESHhJQD/n8\
O\x0aA35AvGE9QqC1mP\
uP6UtBA0Agza50LS\
oBng7oAW1XAb9sEt\
kPgzTU1+P3Pvtp/P\
mffCGSgRWLRczN\x0aL\
2B2dg4zs7M4fmIYL\
7z8Bt58ex/2HzyM2\
bl5D/z/5T/+CdYPr\
I0W/OkM7v9BGeA3E\
YM9euFnQLVV\x0alvt1\
4ZZRViDQgSrYV1gi\
swAKhQJeeb38OAAv\
NTU1aG1pRmtLMyyr\
GwNrV+PiC3difn4B\
uXwe+w4c\x0axonhEdz\
y4RtiA/8377o/lCt\
iLKqbniIGotSgMlj\
xFkfU41VnGYE8aN5\
VWTGJjACKpRJODI8\
imUyh\x0ar68n0kESQl\
BfV4f6ujp0tLehv6\
8H6wbWYGmpgJaWZi\
QifBAmlc7g/h8+hG\
/eeR+mc/lI5xEoOo\
Bw\x0apwkr+zWfFZxHV\
U4rifSNnnPz83j+5\
ddiHzQhBI0NDWhrb\
YkY/Fkb/P+6AuAPk\
rJP7S1j/9XI/LtO\x0a\
IiWAqN2A5RQb/A/i\
n05H8JtKVMd/q6A+\
YyTS52MLhQJe271n\
pecUWtIZB/zfvhe5\
/MxKD6cqVVk2\x0aidQ\
CKJUsTKYyOHZieKX\
nZSzpTBb3/6AK/qq\
cmRL5r3rMzy/g0Se\
fWel5GYkN/ofwv6v\
gr8oZKpET\x0awOLSEp\
7+5YsrPa9A8cD/rX\
uQr4K/KmeoRE4AxW\
IRBw8fw73ff2Cl56\
aUdGbKAf/dyM9UwV\
+VM1ci\x0aeRaAl6WlJ\
ew7eAibNqzD5k3rV\
3qOjGSyU7j/hw/iH\
791N2ZmKvthk6pU5\
d0usRAAAMzMzuHV1\
99C\x0aY2MDBjdvKPsh\
oSglk53CfT94EP/4\
z3djZrYK/qpUJTYC\
AOzfDXj1jT147Klf\
Ymo6h6bGRvRHfErQ\
\x0aVHzwfwczs9G+e7A\
qVXm3SmQPA+kkkUi\
gsbEBDfX1aG1pxjV\
XXoqLLtyBi3aeh00\
b18U+yUx2Cvf/\x0a4E\
F845+/g9kq+KtSFU\
+WhQCYDglBfX0d6u\
rq0FBfh/6+Xlxz5a\
W4+MKduGDH2ejrjd\
ZCyGancd8P\x0aHsA3v\
vmdyN86XJWqvNtl2\
QmAl0QiYRNCbS0aG\
xuxeeM6XHPVpbj4g\
p3Yce5ZFb3LPzs1j\
fu+/yC+\x0a8c07MTs3\
v5LTrEpVTktZcQLg\
paamBvV1dairq0Vr\
SwsuuWgnLrlwBy6+\
YAfOPXubcTsu+P/X\
N+/E\x0aXBX8VamKVE4\
7AmAGRwhqa2tRV1u\
L+oY6rO7rxcUX7sS\
lF1+AKy+9CL294q8\
SLy0tYf/Bw/iX73w\
P\x0aTz79HObmq+CvSl\
VUcloTAC+JRAK1tT\
Woq61FU1MTNm0YwP\
k7zkFfjx03mJmdxW\
u79+Dt/e9gfn4e\x0aS\
0uFlR5yVapyWsu7i\
gB4qalJoLamFsR5G\
5BlWSgUiigWiys9t\
KpU5V0h0f9c7jJKs\
VhCsbi40sOo\x0aSlXe\
tRL5swBVqUpV3j1S\
JYCqVOUMlioBVKUq\
Z7BUCaAqVTmDpUoA\
VanKGSxVAqhKVc5g\
qRJAVapy\x0aBkuVAKp\
SlTNYqgRQlaqcwVI\
lgKpU5QyWKgFUpSp\
nsFQJoCpVOYOlSgB\
VqcoZLFUCqEpVzmC\
pEkBV\x0aqnIGS5UAql\
KVM1iqBFCVqlSlKl\
Wpypko/z+w0tOqlZ\
PdEQAAACV0RVh0ZG\
F0ZTpjcmVhdGUAMj\
Ay\x0aNC0wNC0wM1QwO\
To0MzowOCswMjowM\
NUACGcAAAAldEVYd\
GRhdGU6bW9kaWZ5A\
DIwMjQtMDQtMDNU\x0a\
MDk6NDM6MDgrMDI6\
MDCkXbDbAAAAAElF\
TkSuQmCC\x22 />\x0a</s\
vg>\x0a\
\x00\x00\x03g\
<\
?xml version=\x221.\
0\x22 encoding=\x22UTF\
-8\x22?><svg width=\
\x2224\x22 height=\x2224\x22\
 viewBox=\x220 0 48\
 48\x22 fill=\x22none\x22\
 xmlns=\x22http://w\
ww.w3.org/2000/s\
vg\x22><path d=\x22M8 \
25V38C8 39.6569 \
9.34315 41 11 41\
H37C38.6569 41 4\
0 39.6569 40 38V\
25\x22 stroke=\x22#fff\
fff\x22 stroke-widt\
h=\x224\x22 stroke-lin\
ecap=\x22round\x22 str\
oke-linejoin=\x22ro\
und\x22/><path d=\x22M\
5 15C5 13.8954 5\
.89543 13 7 13H4\
1C42.1046 13 43 \
13.8954 43 15V23\
C43 24.1046 42.1\
046 25 41 25H7C5\
.89543 25 5 24.1\
046 5 23V15Z\x22 fi\
ll=\x22none\x22 stroke\
=\x22#ffffff\x22 strok\
e-width=\x224\x22 stro\
ke-linejoin=\x22rou\
nd\x22/><path d=\x22M3\
1 13V9C31 7.8954\
3 30.1046 7 29 7\
H19C17.8954 7 17\
 7.89543 17 9V13\
\x22 stroke=\x22#fffff\
f\x22 stroke-width=\
\x224\x22 stroke-linec\
ap=\x22round\x22 strok\
e-linejoin=\x22roun\
d\x22/><path d=\x22M15\
 23V29\x22 stroke=\x22\
#ffffff\x22 stroke-\
width=\x224\x22 stroke\
-linecap=\x22round\x22\
 stroke-linejoin\
=\x22round\x22/><path \
d=\x22M33 23V29\x22 st\
roke=\x22#ffffff\x22 s\
troke-width=\x224\x22 \
stroke-linecap=\x22\
round\x22 stroke-li\
nejoin=\x22round\x22/>\
</svg>\
\x00\x00\x00\x93\
S\
ettingInterface,\
 #scrollWidget {\
\x0d\x0a    background\
-color: transpar\
ent;\x0d\x0a}\x0d\x0a\x0d\x0aQScro\
llArea {\x0d\x0a    bo\
rder: none;\x0d\x0a   \
 background-colo\
r: transparent;\x0d\
\x0a}\
\x00\x00\x00\xfc\
D\
ccSoftCard {\x0d\x0a  \
  border: 1px so\
lid rgb(234, 234\
, 234);\x0d\x0a    bor\
der-radius: 10px\
;\x0d\x0a    backgroun\
d-color: rgba(24\
9, 249, 249, 0.9\
5);\x0d\x0a}\x0d\x0aDccSoftC\
ard:hover {\x0d\x0a   \
 background-colo\
r: rgba(249, 249\
, 249, 0.93);\x0d\x0a \
   border: 1px s\
olid rgb(220, 22\
0, 220);\x0d\x0a}\
\x00\x00\x00\x93\
S\
ettingInterface,\
 #scrollWidget {\
\x0d\x0a    background\
-color: transpar\
ent;\x0d\x0a}\x0d\x0a\x0d\x0aQScro\
llArea {\x0d\x0a    bo\
rder: none;\x0d\x0a   \
 background-colo\
r: transparent;\x0d\
\x0a}\
"

qt_resource_name = b"\
\x00\x03\
\x00\x00x\xa3\
\x00q\
\x00s\x00s\
\x00\x06\
\x07\x03}\xc3\
\x00i\
\x00m\x00a\x00g\x00e\x00s\
\x00\x05\
\x00o\xa6S\
\x00i\
\x00c\x00o\x00n\x00s\
\x00\x0b\
\x00\xb6\x85\x07\
\x00w\
\x00o\x00r\x00k\x00i\x00n\x00g\x00.\x00p\x00n\x00g\
\x00\x0b\
\x0cS$g\
\x00s\
\x00u\x00c\x00c\x00e\x00s\x00s\x00.\x00p\x00n\x00g\
\x00\x09\
\x0e_\xb1\xe7\
\x00l\
\x00o\x00g\x00o\x00l\x00.\x00p\x00n\x00g\
\x00\x08\
\x0a\x85X\x07\
\x00s\
\x00t\x00a\x00r\x00.\x00p\x00n\x00g\
\x00\x08\
\x05\xe2Y'\
\x00l\
\x00o\x00g\x00o\x00.\x00p\x00n\x00g\
\x00\x08\
\x05\xe2A\xff\
\x00l\
\x00o\x00g\x00o\x00.\x00i\x00c\x00o\
\x00\x11\
\x02\x1fp\xc7\
\x00T\
\x00o\x00o\x00l\x00K\x00i\x00t\x00_\x00b\x00l\x00a\x00c\x00k\x00.\x00s\x00v\x00g\
\
\x00\x12\
\x05\xa9\x04'\
\x00D\
\x00e\x00a\x00d\x00l\x00i\x00n\x00e\x00_\x00b\x00l\x00a\x00c\x00k\x00.\x00s\x00v\
\x00g\
\x00\x12\
\x02\x9fm\x87\
\x00D\
\x00e\x00a\x00d\x00l\x00i\x00n\x00e\x00_\x00w\x00h\x00i\x00t\x00e\x00.\x00s\x00v\
\x00g\
\x00\x11\
\x05)\x19g\
\x00T\
\x00o\x00o\x00l\x00K\x00i\x00t\x00_\x00w\x00h\x00i\x00t\x00e\x00.\x00s\x00v\x00g\
\
\x00\x04\
\x00\x06\xa8\x8b\
\x00d\
\x00a\x00r\x00k\
\x00\x05\
\x00r\xfd\xf4\
\x00l\
\x00i\x00g\x00h\x00t\
\x00\x15\
\x01\xe32\x03\
\x00s\
\x00e\x00t\x00t\x00i\x00n\x00g\x00_\x00i\x00n\x00t\x00e\x00r\x00f\x00a\x00c\x00e\
\x00.\x00q\x00s\x00s\
\x00\x18\
\x0f\x7f\x01c\
\x00d\
\x00c\x00c\x00_\x00l\x00a\x00u\x00n\x00c\x00h\x00_\x00i\x00n\x00t\x00e\x00r\x00f\
\x00a\x00c\x00e\x00.\x00q\x00s\x00s\
"

qt_resource_struct = b"\
\x00\x00\x00\x00\x00\x02\x00\x00\x00\x02\x00\x00\x00\x01\
\x00\x00\x00\x00\x00\x00\x00\x00\
\x00\x00\x00\x00\x00\x02\x00\x00\x00\x02\x00\x00\x00\x0e\
\x00\x00\x00\x00\x00\x00\x00\x00\
\x00\x00\x00\x0c\x00\x02\x00\x00\x00\x07\x00\x00\x00\x03\
\x00\x00\x00\x00\x00\x00\x00\x00\
\x00\x00\x00\x1e\x00\x02\x00\x00\x00\x04\x00\x00\x00\x0a\
\x00\x00\x00\x00\x00\x00\x00\x00\
\x00\x00\x00.\x00\x00\x00\x00\x00\x01\x00\x00\x00\x00\
\x00\x00\x01\x8d\x10\xef\xbf \
\x00\x00\x00\xaa\x00\x00\x00\x00\x00\x01\x00\x00\x81\x9f\
\x00\x00\x01\x8d\xc9P\xaf,\
\x00\x00\x00\x94\x00\x00\x00\x00\x00\x01\x00\x00|'\
\x00\x00\x01\x8d\x10\xf1M\x90\
\x00\x00\x00~\x00\x00\x00\x00\x00\x01\x00\x00z\x14\
\x00\x00\x01\x8d\x1c\xd5\xb4\xc0\
\x00\x00\x00J\x00\x00\x00\x00\x00\x01\x00\x00A\x18\
\x00\x00\x01\x8d?}\xdd~\
\x00\x00\x00f\x00\x00\x00\x00\x00\x01\x00\x00q\xf9\
\x00\x00\x01\x8d\x10\xf1\xc2\xc0\
\x00\x00\x00\xc0\x00\x00\x00\x00\x00\x01\x00\x00\x91\x17\
\x00\x00\x01\x8e\xa2\xfb\xff\x18\
\x00\x00\x01\x12\x00\x00\x00\x00\x00\x01\x00\x01+{\
\x00\x00\x01\x8e\xa2\xe9\xa6\xdd\
\x00\x00\x01<\x00\x00\x00\x00\x00\x01\x00\x01\xc2t\
\x00\x00\x01\x8e\xa2\xfd\xb3\xbe\
\x00\x00\x00\xe8\x00\x00\x00\x00\x00\x01\x00\x00\x94\x82\
\x00\x00\x01\x8e\xa2\xe9\xa6\xdd\
\x00\x00\x01d\x00\x02\x00\x00\x00\x01\x00\x00\x00\x12\
\x00\x00\x00\x00\x00\x00\x00\x00\
\x00\x00\x01r\x00\x02\x00\x00\x00\x02\x00\x00\x00\x10\
\x00\x00\x00\x00\x00\x00\x00\x00\
\x00\x00\x01\x82\x00\x00\x00\x00\x00\x01\x00\x01\xc5\xdf\
\x00\x00\x01\x8e\x83#f\xf3\
\x00\x00\x01\xb2\x00\x00\x00\x00\x00\x01\x00\x01\xc6v\
\x00\x00\x01\x8e\x89Vp\xe6\
\x00\x00\x01\x82\x00\x00\x00\x00\x00\x01\x00\x01\xc7v\
\x00\x00\x01\x8e\x83#f\xf3\
"

def qInitResources():
    QtCore.qRegisterResourceData(0x03, qt_resource_struct, qt_resource_name, qt_resource_data)

def qCleanupResources():
    QtCore.qUnregisterResourceData(0x03, qt_resource_struct, qt_resource_name, qt_resource_data)

qInitResources()
